0.000,1.000,0.000,0.000,0.000,0.000,0.000,0.000,0.000,0.000,0.000,0.000,0.000,0.000,0.000,0.000,-0.000,-0.000,0.000,-0.000,-0.000,0.000,-0.000,0.000,-0.000,0.005,0.001,0.013,0.001,0.000,0.000,0.000,0.000,-1.600,3.200,-1.600,-0.000,-0.000,-1.600,3.200,-1.600
0.195,0.981,0.000,0.000,0.000,0.000,-0.002,-0.120,0.234,-0.068,-0.000,0.002,-0.120,0.234,-0.068,-0.007,0.132,-5.161,10.053,-3.072,0.008,-0.127,-5.161,10.057,-3.072,-0.009,0.873,0.012,0.001,0.013,-0.001,0.000,0.000,-1.600,3.200,-1.600,0.000,0.000,-1.600,3.200,-1.600
0.383,0.924,0.000,0.000,0.000,0.000,-0.002,-0.194,0.372,-0.124,-0.001,0.004,-0.197,0.379,-0.122,-0.000,-0.029,-3.327,6.191,-2.756,-0.035,0.127,-3.463,6.435,-2.626,0.012,0.612,-0.020,-0.000,0.027,0.001,-0.001,-0.020,-1.462,2.828,-1.584,-0.009,0.053,-1.517,2.902,-1.540
0.556,0.831,0.000,0.000,0.000,0.002,-0.004,-0.237,0.447,-0.173,-0.002,0.009,-0.244,0.463,-0.168,0.105,-0.090,-1.896,3.365,-2.294,-0.053,0.198,-2.096,3.759,-2.192,-0.005,0.392,-0.027,0.000,0.038,0.000,0.091,-0.028,-1.325,2.519,-1.554,-0.066,0.075,-1.399,2.666,-1.506
0.707,0.707,0.000,0.000,0.000,0.004,-0.007,-0.257,0.478,-0.208,-0.004,0.011,-0.271,0.506,-0.202,0.123,-0.145,-0.915,1.404,-1.649,-0.121,0.101,-1.238,1.906,-1.564,0.004,0.249,-0.018,-0.001,0.043,-0.001,0.085,-0.053,-1.194,2.224,-1.437,-0.096,0.057,-1.343,2.432,-1.402
0.831,0.556,0.000,0.000,0.000,0.007,-0.009,-0.263,0.480,-0.231,-0.008,0.013,-0.285,0.523,-0.222,0.152,-0.119,-0.264,0.126,-1.001,-0.204,0.109,-0.629,0.775,-0.883,0.016,0.144,-0.031,0.000,0.047,-0.002,0.116,-0.052,-1.096,1.954,-1.289,-0.137,0.067,-1.253,2.265,-1.208
0.924,0.383,0.000,0.000,0.000,0.011,-0.014,-0.257,0.464,-0.233,-0.011,0.013,-0.287,0.522,-0.233,0.244,-0.208,0.272,-0.650,0.012,-0.183,0.006,-0.039,0.000,-0.459,0.009,0.014,-0.010,0.001,0.047,-0.002,0.142,-0.093,-0.955,1.725,-0.890,-0.121,0.048,-1.129,2.099,-1.086
0.981,0.195,0.000,0.000,0.000,0.019,-0.019,-0.243,0.431,-0.225,-0.015,0.016,-0.281,0.512,-0.234,0.451,-0.218,0.639,-1.375,0.408,-0.144,0.122,0.254,-0.396,0.012,-0.044,-0.067,-0.036,0.000,0.046,-0.002,0.268,-0.104,-0.836,1.431,-0.733,-0.147,0.078,-1.055,1.970,-0.906
1.000,0.000,0.000,0.000,0.000,0.023,-0.022,-0.263,0.484,-0.264,-0.018,0.015,-0.269,0.502,-0.267,-0.201,0.054,-2.957,7.579,-4.264,-0.324,0.110,1.084,0.388,-8.687,-0.007,-0.101,0.078,-0.001,0.044,-0.003,0.295,-0.144,-0.543,1.157,-0.614,-0.063,0.048,-1.022,1.848,-0.582
0.981,-0.195,0.000,0.000,0.000,0.017,-0.016,-0.277,0.600,-0.341,-0.024,0.022,-0.283,0.615,-0.344,-0.306,0.318,0.579,4.820,-3.581,-0.276,0.404,0.451,4.767,-3.535,0.265,-1.564,-0.351,0.004,0.024,-0.008,0.360,-0.239,-0.412,0.814,-0.803,-0.274,0.282,-0.960,1.485,-0.409
0.924,-0.383,0.000,0.000,0.000,0.013,-0.011,-0.243,0.672,-0.403,-0.027,0.029,-0.251,0.686,-0.406,-0.098,0.209,2.101,3.011,-2.819,-0.037,0.323,2.042,2.927,-2.760,0.138,-2.236,-0.280,0.009,-0.017,-0.014,0.536,-0.142,-0.685,0.464,-1.725,-0.442,0.269,-0.690,0.965,-0.573
0.831,-0.556,0.000,0.000,0.000,0.013,-0.008,-0.196,0.717,-0.452,-0.025,0.034,-0.205,0.729,-0.454,0.064,0.112,2.377,1.808,-2.143,0.140,0.182,2.390,1.675,-2.083,-0.007,-2.118,-0.168,0.009,-0.061,-0.019,0.272,0.058,-0.760,0.006,-2.383,-0.199,0.119,-0.539,0.818,-0.695
0.707,-0.707,0.000,0.000,0.000,0.015,-0.012,-0.154,0.742,-0.484,-0.022,0.030,-0.158,0.750,-0.487,0.107,-0.366,1.946,0.952,-1.343,0.181,-0.309,2.224,0.744,-1.415,-0.063,-1.665,0.254,0.008,-0.098,-0.018,0.031,-0.052,-0.974,-0.306,-2.646,-0.101,0.024,-0.276,0.732,-1.098
0.556,-0.831,0.000,0.000,0.000,0.018,-0.020,-0.120,0.752,-0.504,-0.018,0.023,-0.118,0.755,-0.507,0.164,-0.371,1.514,0.234,-0.733,0.220,-0.365,1.824,-0.028,-0.784,-0.117,-1.156,0.372,0.005,-0.126,-0.011,0.164,0.153,-1.040,-0.697,-2.815,-0.210,0.006,-0.122,0.301,-1.086
0.383,-0.924,0.000,0.000,0.000,0.021,-0.029,-0.092,0.747,-0.510,-0.014,0.013,-0.082,0.745,-0.516,0.084,-0.505,1.334,-0.547,-0.109,0.129,-0.529,1.696,-0.779,-0.243,-0.078,-0.767,0.491,0.003,-0.144,-0.002,0.140,0.120,-0.932,-0.957,-2.912,-0.311,-0.133,0.012,0.129,-1.191
0.195,-0.981,0.000,0.000,0.000,0.019,-0.039,-0.068,0.726,-0.505,-0.015,0.003,-0.053,0.722,-0.515,-0.168,-0.471,1.083,-1.332,0.506,-0.135,-0.506,1.356,-1.374,0.272,0.082,-0.373,0.513,0.001,-0.154,0.008,0.079,0.059,-0.851,-0.858,-2.944,-0.483,-0.125,-0.039,-0.096,-1.553
0.000,-1.000,0.000,0.000,0.000,0.009,-0.047,-0.047,0.688,-0.487,-0.024,-0.006,-0.029,0.687,-0.503,-0.610,-0.317,0.978,-2.259,1.157,-0.592,-0.377,1.038,-1.920,0.752,0.410,0.024,0.409,0.005,-0.156,0.017,0.085,0.045,-0.676,-0.465,-2.300,-0.847,-0.161,-0.133,-0.476,-1.830
-0.195,-0.981,0.000,0.000,0.000,-0.011,-0.053,-0.034,0.631,-0.453,-0.045,-0.014,-0.018,0.645,-0.482,-1.217,-0.327,0.508,-3.214,1.989,-1.234,-0.404,0.343,-2.325,1.263,0.886,0.604,0.390,0.018,-0.149,0.025,0.162,-0.129,-0.580,0.373,-1.396,-1.400,-0.256,-0.486,-0.927,-2.052
-0.383,-0.924,0.000,0.000,0.000,-0.036,-0.062,-0.035,0.563,-0.407,-0.071,-0.025,-0.021,0.596,-0.453,-1.224,-0.462,-0.251,-3.452,2.394,-1.293,-0.602,-0.372,-2.525,1.594,1.050,1.217,0.513,0.037,-0.130,0.035,0.027,-0.118,-0.626,1.062,-0.695,-1.497,-0.303,-0.490,-1.188,-1.707
-0.556,-0.831,0.000,0.000,0.000,-0.050,-0.057,-0.058,0.508,-0.355,-0.091,-0.040,-0.032,0.542,-0.418,-0.430,0.344,-1.389,-2.744,3.000,-0.864,-0.853,-0.524,-2.806,1.795,0.805,1.580,0.700,0.055,-0.101,0.049,0.149,-0.123,-0.676,1.467,-0.105,-1.544,-0.262,-0.430,-0.999,-1.242
-0.707,-0.707,0.000,0.000,0.000,-0.052,-0.041,-0.081,0.459,-0.289,-0.103,-0.057,-0.033,0.478,-0.380,-0.022,0.598,-1.110,-1.960,0.987,-0.450,-0.881,0.152,-3.387,1.946,0.466,1.421,0.758,0.065,-0.071,0.065,-0.012,0.011,-0.580,1.445,0.353,-1.212,-0.216,-0.214,-0.923,-0.629
-0.831,-0.556,0.000,0.000,0.000,-0.050,-0.018,-0.094,0.420,-0.218,-0.107,-0.073,-0.017,0.400,-0.337,0.182,1.032,-0.540,-1.617,3.728,-0.085,-0.724,1.068,-4.208,2.228,0.171,1.062,0.689,0.069,-0.049,0.081,-0.306,0.127,-0.544,1.401,0.514,-0.879,-0.118,0.094,-0.941,-0.161
-0.924,-0.383,0.000,0.000,0.000,-0.046,0.004,-0.094,0.374,-0.161,-0.105,-0.084,0.011,0.307,-0.289,0.253,0.950,-0.061,-1.945,2.535,0.161,-0.472,1.487,-4.782,2.463,-0.073,0.863,0.485,0.068,-0.031,0.092,-0.359,0.185,-0.429,1.119,0.263,-0.681,-0.123,0.187,-0.857,0.082
-0.981,-0.195,0.000,0.000,0.000,-0.044,0.030,-0.091,0.325,-0.117,-0.102,-0.089,0.040,0.211,-0.239,0.006,1.073,-0.016,-2.064,1.970,0.175,-0.122,1.305,-4.706,2.514,-0.128,0.898,0.148,0.066,-0.014,0.100,-0.436,0.309,-0.372,0.883,0.251,-0.472,-0.112,0.278,-0.699,0.306
-1.000,-0.000,0.000,0.000,0.000,-0.049,0.058,-0.092,0.274,-0.083,-0.098,-0.087,0.059,0.123,-0.191,-0.352,1.190,-0.299,-2.244,1.479,0.164,0.131,0.744,-4.137,2.277,-0.115,1.064,-0.142,0.063,0.006,0.100,-0.594,0.448,-0.433,0.620,0.201,-0.166,-0.145,0.297,-0.640,-0.040
-0.981,0.195,0.000,0.000,0.000,-0.060,0.084,-0.097,0.214,-0.057,-0.092,-0.077,0.074,0.047,-0.153,-0.647,1.065,-0.489,-2.566,1.044,0.387,0.781,0.824,-3.697,0.491,-0.197,1.076,-0.227,0.060,0.027,0.097,-0.822,0.525,-0.589,0.264,0.099,0.213,-0.051,0.654,-0.536,0.146
-0.924,0.383,0.000,0.000,0.000,-0.078,0.102,-0.111,0.161,-0.035,-0.082,-0.056,0.093,-0.011,-0.139,-0.964,0.755,-0.894,-2.377,0.958,0.638,0.696,1.275,-2.817,-1.460,-0.243,0.967,0.016,0.056,0.048,0.097,-0.912,0.538,-0.811,0.087,0.115,0.258,0.066,0.993,-0.419,0.639
-0.831,0.556,0.000,0.000,0.000,-0.095,0.111,-0.130,0.115,-0.000,-0.063,-0.037,0.118,-0.038,-0.132,-0.461,-0.122,-0.953,-2.059,1.676,1.331,0.358,1.653,-1.929,-3.720,-0.350,0.798,0.269,0.051,0.065,0.102,-0.808,0.548,-0.812,-0.012,0.603,0.258,0.095,1.041,-0.239,0.829
-0.707,0.707,0.000,0.000,0.000,-0.095,0.121,-0.147,0.078,0.068,-0.030,-0.013,0.146,-0.033,-0.153,0.099,0.549,-0.650,-1.855,3.508,1.771,0.229,2.091,-1.126,-4.887,-0.803,0.532,0.192,0.037,0.077,0.107,-0.505,0.614,-0.805,-0.032,1.578,0.175,0.216,1.149,0.082,0.788
-0.556,0.831,0.000,0.000,0.000,-0.084,0.125,-0.140,0.045,0.048,0.001,0.015,0.165,0.029,-0.150,0.858,-0.279,0.912,-1.929,-1.713,1.499,0.644,2.084,0.848,2.759,-0.746,0.222,0.101,0.021,0.082,0.109,0.257,0.569,-0.499,-0.203,2.819,-0.147,0.329,1.023,0.749,0.544
-0.383,0.924,0.000,0.000,0.000,-0.058,0.109,-0.127,0.031,-0.003,0.027,0.048,0.176,0.124,-0.215,0.971,-0.152,-1.411,3.785,-2.218,1.097,0.882,1.214,2.965,0.821,-0.840,0.018,-0.063,0.005,0.085,0.113,0.953,0.434,-0.113,-0.368,4.157,-0.279,0.505,0.904,1.398,0.337
-0.195,0.981,0.000,0.000,0.000,-0.052,0.106,-0.128,0.069,-0.031,0.027,0.075,0.187,0.219,-0.184,0.002,-0.256,0.620,1.033,-1.090,-0.526,1.104,0.805,3.777,1.693,-0.037,-0.387,0.168,-0.002,0.081,0.116,1.460,0.147,0.443,-0.636,4.143,-0.536,0.619,0.402,1.684,-0.469
-0.000,1.000,0.000,0.000,0.000,-0.061,0.099,-0.102,0.068,-0.042,-0.001,0.096,0.181,0.317,-0.157,-0.593,-0.350,1.648,-0.534,-0.289,-1.746,0.930,-0.321,3.997,1.245,0.585,-0.651,0.281,0.005,0.068,0.121,1.770,-0.001,0.729,-0.644,4.144,-0.838,0.643,0.058,2.020,-0.600
0.195,0.981,0.000,0.000,0.000,-0.076,0.093,-0.066,0.043,-0.040,-0.046,0.107,0.148,0.373,-0.114,-0.770,-0.303,1.885,-1.551,0.246,-2.389,0.513,-2.178,2.149,1.952,0.816,-0.533,0.283,0.021,0.057,0.126,1.608,-0.043,0.918,-0.787,3.291,-0.928,0.553,-0.595,1.771,-0.284
0.383,0.924,0.000,0.000,0.000,-0.091,0.088,-0.028,0.006,-0.031,-0.099,0.107,0.086,0.399,-0.079,-0.679,-0.234,1.978,-1.883,0.465,-2.618,-0.013,-3.405,0.833,1.377,0.814,-0.465,0.228,0.038,0.047,0.132,1.393,0.007,0.939,-0.810,2.409,-1.162,0.427,-0.868,1.693,-0.226
0.556,0.831,0.000,0.000,0.000,-0.093,0.085,0.014,-0.028,-0.025,-0.136,0.126,0.030,0.416,-0.129,0.177,-0.351,2.344,-1.839,0.352,-1.489,0.104,-1.329,-1.105,-4.357,0.255,-0.653,0.136,0.048,0.036,0.134,1.022,0.111,1.018,-0.788,2.217,-1.175,0.573,-0.991,1.471,-0.191
0.707,0.707,0.000,0.000,0.000,-0.084,0.082,0.047,-0.052,-0.022,-0.162,0.129,-0.031,0.402,-0.105,0.558,-0.058,1.463,-0.961,0.034,-1.178,0.080,-3.331,-0.957,2.182,-0.122,-0.463,0.102,0.048,0.024,0.137,0.796,0.207,0.781,-0.733,1.527,-1.025,0.521,-1.100,1.386,0.181
0.831,0.556,0.000,0.000,0.000,-0.069,0.082,0.068,-0.059,-0.027,-0.177,0.116,-0.104,0.377,-0.061,0.861,0.025,0.978,-0.120,-0.406,-0.577,-0.614,-3.694,-1.329,1.905,-0.384,-0.381,0.015,0.042,0.016,0.137,0.467,0.289,0.630,-0.638,1.433,-0.750,0.341,-1.293,1.278,0.310
0.924,0.383,0.000,0.000,0.000,-0.050,0.084,0.087,-0.055,-0.039,-0.184,0.111,-0.180,0.364,-0.036,1.020,0.080,0.970,0.333,-0.711,-0.207,-0.249,-3.550,-0.714,0.976,-0.472,-0.478,-0.064,0.032,0.008,0.137,0.522,0.346,0.573,-0.642,1.289,-0.725,0.414,-1.418,1.414,0.191
0.981,0.195,0.000,0.000,0.000,-0.026,0.083,0.100,-0.040,-0.057,-0.178,0.086,-0.245,0.348,-0.024,1.203,-0.099,0.598,0.866,-0.961,0.432,-1.088,-3.081,-0.779,0.463,-0.609,-0.459,0.099,0.021,-0.002,0.138,0.563,0.368,0.205,-0.658,0.439,-0.548,0.138,-1.457,1.363,0.129
1.000,0.000,0.000,0.000,0.000,0.001,0.077,0.107,-0.014,-0.080,-0.156,0.056,-0.285,0.295,-0.003,1.337,-0.333,0.249,1.502,-1.316,1.182,-1.196,-1.850,-2.231,0.896,-0.745,-0.427,0.308,0.007,-0.012,0.143,0.337,0.240,0.109,-0.548,-0.303,0.002,0.063,-1.324,0.843,0.424
0.981,-0.195,0.000,0.000,0.000,0.025,0.067,0.116,0.012,-0.104,-0.131,0.032,-0.298,0.235,0.012,1.024,-0.553,0.454,1.232,-1.170,1.230,-0.962,-0.495,-2.411,0.614,-0.495,-0.506,0.507,-0.005,-0.021,0.151,0.073,0.223,-0.011,-0.649,-1.245,0.167,0.037,-0.959,0.594,0.492
0.924,-0.383,0.000,0.000,0.000,0.039,0.053,0.129,0.031,-0.125,-0.113,0.027,-0.284,0.172,0.011,0.539,-0.753,0.675,0.864,-1.002,0.732,-0.196,0.867,-2.451,-0.104,-0.111,-0.573,0.690,-0.011,-0.032,0.164,0.019,0.189,-0.021,-0.702,-1.779,0.041,0.158,-0.568,0.330,0.241
0.831,-0.556,0.000,0.000,0.000,0.044,0.037,0.147,0.039,-0.141,-0.101,0.026,-0.249,0.116,0.024,0.065,-0.840,0.845,0.293,-0.690,0.532,0.032,1.745,-2.132,0.765,0.298,-0.531,0.802,-0.008,-0.043,0.179,-0.071,0.126,-0.048,-0.992,-2.254,0.162,0.228,-0.276,0.153,0.615
0.707,-0.707,0.000,0.000,0.000,0.042,0.021,0.162,0.040,-0.151,-0.091,0.037,-0.205,0.064,0.046,-0.196,-0.768,0.591,0.019,-0.483,0.566,0.559,2.070,-1.993,1.026,0.569,-0.265,0.780,0.001,-0.052,0.195,0.050,0.118,-0.134,-1.129,-2.388,0.211,0.375,-0.086,-0.066,0.726
0.556,-0.831,0.000,0.000,0.000,0.034,0.005,0.169,0.039,-0.159,-0.091,0.057,-0.174,0.017,0.182,-0.503,-0.836,0.272,-0.107,-0.296,-0.204,0.768,1.285,-2.136,8.342,0.836,0.048,0.795,0.014,-0.051,0.209,-0.024,0.020,-0.034,-0.878,-1.753,-0.043,0.446,-0.029,-0.323,0.919
0.383,-0.924,0.000,0.000,0.000,0.028,-0.010,0.165,0.043,-0.165,-0.095,0.048,-0.173,0.023,0.191,-0.022,-0.560,-0.091,-0.028,-0.210,-0.038,-0.617,-0.287,0.948,-0.984,0.652,0.309,0.698,0.030,-0.047,0.227,0.286,0.022,-0.117,-0.365,-1.254,-0.491,0.355,0.014,-0.444,0.737
0.195,-0.981,0.000,0.000,0.000,0.032,-0.026,0.135,0.080,-0.158,-0.091,0.035,-0.173,0.025,0.183,0.235,-0.473,-1.233,0.547,0.729,0.307,-0.528,0.262,-0.375,-0.184,0.180,0.394,0.650,0.035,-0.039,0.240,0.045,-0.263,-0.152,0.541,-0.531,-1.032,0.268,-0.031,-0.839,1.278
0.000,-1.000,0.000,0.000,0.000,0.031,-0.050,0.083,0.143,-0.132,-0.087,0.023,-0.165,0.010,0.184,-0.200,-0.755,-2.101,1.859,1.384,0.076,-0.495,0.589,-0.973,0.228,0.235,0.323,0.614,0.037,-0.034,0.252,-0.005,-0.416,-0.356,1.120,-0.221,-1.455,0.114,-0.057,-0.946,1.371
-0.195,-0.981,0.000,0.000,0.000,0.026,-0.066,0.031,0.189,-0.106,-0.087,0.013,-0.154,-0.012,0.191,-0.350,-0.638,-2.444,1.686,1.211,-0.044,-0.469,0.620,-1.157,0.341,0.332,0.250,0.512,0.045,-0.028,0.262,0.092,-0.414,-0.532,1.157,-0.120,-1.335,0.004,-0.165,-0.952,0.879
-0.383,-0.924,0.000,0.000,0.000,0.017,-0.063,-0.026,0.238,-0.076,-0.088,0.004,-0.142,-0.035,0.198,-0.476,0.136,-2.626,1.908,1.448,-0.086,-0.393,0.652,-1.148,0.390,0.364,0.184,0.422,0.051,-0.024,0.272,0.031,-0.227,-0.732,1.412,0.145,-1.158,-0.043,-0.158,-0.928,0.633
-0.556,-0.831,0.000,0.000,0.000,0.007,-0.047,-0.070,0.268,-0.049,-0.089,-0.002,-0.127,-0.056,0.205,-0.528,0.679,-1.961,1.336,1.212,-0.020,-0.285,0.785,-1.016,0.322,0.328,0.001,0.299,0.059,-0.023,0.278,-0.051,-0.038,-0.642,1.425,0.263,-0.887,-0.113,-0.199,-0.946,0.380
-0.707,-0.707,0.000,0.000,0.000,-0.007,-0.025,-0.096,0.276,-0.026,-0.089,-0.007,-0.111,-0.073,0.210,-0.683,0.921,-1.186,0.396,1.048,0.010,-0.226,0.759,-0.711,0.142,0.297,-0.156,0.233,0.065,-0.026,0.283,-0.251,0.096,-0.552,1.251,0.323,-0.672,-0.157,-0.247,-0.951,0.076
-0.831,-0.556,0.000,0.000,0.000,-0.020,0.000,-0.107,0.264,-0.009,-0.086,-0.009,-0.096,-0.086,0.212,-0.586,1.061,-0.501,-0.404,0.715,0.222,-0.099,0.666,-0.529,0.092,0.129,-0.211,0.119,0.069,-0.030,0.286,-0.318,0.222,-0.423,1.035,0.289,-0.421,-0.130,-0.324,-1.011,-0.397
-0.924,-0.383,0.000,0.000,0.000,-0.033,0.025,-0.107,0.240,-0.003,-0.081,-0.009,-0.087,-0.090,0.212,-0.607,1.047,-0.013,-0.963,0.199,0.294,0.003,0.332,-0.084,-0.075,0.052,-0.201,0.002,0.070,-0.034,0.287,-0.367,0.321,-0.307,0.821,0.128,-0.475,-0.125,-0.418,-0.961,-0.587
-0.981,-0.195,0.000,0.000,0.000,-0.050,0.055,-0.108,0.231,-0.009,-0.076,-0.008,-0.086,-0.084,0.207,-0.911,1.239,0.021,-0.443,-0.308,0.273,0.038,-0.097,0.545,-0.283,0.028,-0.147,-0.038,0.071,-0.037,0.285,-0.649,0.462,-0.318,0.902,-0.118,-0.375,-0.113,-0.457,-0.852,-0.999
-1.000,-0.000,0.000,0.000,0.000,-0.073,0.081,-0.089,0.190,-0.021,-0.071,-0.007,-0.090,-0.071,0.200,-1.180,1.054,0.856,-1.540,-0.691,0.278,0.026,-0.281,0.742,-0.403,0.010,-0.121,-0.073,0.072,-0.040,0.283,-0.878,0.527,0.022,0.514,-0.258,-0.202,-0.174,-0.648,-0.889,-1.637
-0.981,0.195,0.000,0.000,0.000,-0.096,0.098,-0.067,0.164,-0.045,-0.063,-0.006,-0.096,-0.056,0.193,-0.623,0.160,1.080,-0.921,-1.222,0.700,0.048,-0.321,0.606,-0.262,-0.101,-0.047,-0.069,0.071,-0.041,0.283,-1.022,0.565,0.139,0.521,-0.554,-0.183,-0.150,-0.687,-0.918,-2.101
-0.924,0.383,0.000,0.000,0.000,-0.096,0.114,-0.038,0.131,-0.074,-0.041,-0.002,-0.102,-0.050,0.192,0.108,0.745,1.269,-1.273,-1.399,1.239,0.201,-0.370,0.252,0.019,-0.810,0.032,-0.252,0.058,-0.042,0.278,-1.006,0.620,0.201,0.289,-0.820,-0.132,-0.107,-0.684,-0.979,-2.617
-0.831,0.556,0.000,0.000,0.000,-0.094,0.122,-0.010,0.091,-0.106,-0.016,0.002,-0.116,-0.039,0.190,0.109,0.379,1.178,-1.564,-1.583,1.231,0.176,-0.842,0.701,-0.116,-0.873,0.201,-0.221,0.041,-0.038,0.274,-0.767,0.579,0.248,0.039,-1.045,-0.193,-0.066,-0.724,-0.665,-2.287
-0.707,0.707,0.000,0.000,0.000,-0.083,0.110,0.005,0.038,-0.020,0.008,0.005,-0.140,-0.016,0.184,0.879,-0.039,0.498,-3.140,12.395,1.149,0.257,-1.133,1.084,-0.264,-0.889,0.456,-0.112,0.023,-0.032,0.272,0.081,0.387,0.028,-0.644,-1.355,-0.308,0.034,-0.674,-0.115,-1.424
-0.556,0.831,0.000,0.000,0.000,-0.068,0.107,-0.019,0.071,-0.035,0.020,0.001,-0.163,0.020,0.157,0.513,-0.266,-0.650,1.004,-0.420,0.384,-0.723,-0.799,1.661,-0.939,-0.361,0.135,0.142,0.010,-0.027,0.270,0.818,0.211,-0.107,-0.736,-1.922,-0.432,-0.083,-0.849,0.394,-0.665
-0.383,0.924,0.000,0.000,0.000,-0.066,0.100,-0.019,0.072,-0.034,0.008,0.010,-0.180,0.078,0.113,0.011,-0.427,0.336,-0.460,0.337,-0.855,0.174,-0.429,2.088,-1.921,0.186,-0.111,0.343,0.011,-0.026,0.276,1.012,0.228,-0.078,-1.181,-1.471,-0.553,0.029,-0.970,0.881,-0.410
-0.195,0.981,0.000,0.000,0.000,-0.067,0.092,-0.012,0.056,-0.023,-0.013,0.014,-0.194,0.122,0.076,-0.037,-0.366,0.376,-0.964,0.628,-1.079,0.099,-0.607,1.765,-1.725,0.313,-0.039,0.368,0.016,-0.028,0.284,1.091,0.345,-0.178,-1.157,-2.191,-0.557,0.029,-1.045,0.899,-0.493
-0.000,1.000,0.000,0.000,0.000,-0.067,0.085,-0.007,0.035,-0.008,-0.037,0.014,-0.211,0.171,0.049,0.037,-0.378,0.243,-1.135,0.796,-1.170,-0.083,-0.682,1.978,-1.095,0.289,0.112,0.369,0.023,-0.027,0.291,1.128,0.355,-0.314,-1.161,-2.658,-0.703,-0.015,-0.987,1.191,-0.269
0.195,0.981,0.000,0.000,0.000,-0.067,0.078,0.001,0.008,0.010,-0.068,0.031,-0.219,0.212,0.030,0.068,-0.352,0.393,-1.430,0.959,-1.570,0.679,-0.155,1.774,-0.812,0.306,0.130,0.337,0.028,-0.025,0.298,1.131,0.366,-0.243,-1.270,-2.406,-0.974,0.212,-0.837,1.317,-0.175
0.383,0.924,0.000,0.000,0.000,-0.063,0.071,0.005,-0.018,0.028,-0.097,0.045,-0.219,0.245,0.013,0.296,-0.375,0.069,-1.204,0.899,-1.346,0.584,0.103,1.488,-0.754,0.148,0.262,0.370,0.033,-0.021,0.305,0.854,0.317,-0.314,-1.203,-2.787,-0.869,0.281,-0.794,1.373,-0.240
0.556,0.831,0.000,0.000,0.000,-0.055,0.064,0.006,-0.040,0.045,-0.123,0.053,-0.212,0.274,-0.002,0.422,-0.307,-0.006,-1.008,0.779,-1.203,0.361,0.502,1.290,-0.599,0.053,0.285,0.325,0.034,-0.016,0.313,0.759,0.335,-0.153,-1.108,-2.705,-0.940,0.258,-0.715,1.428,-0.243
0.707,0.707,0.000,0.000,0.000,-0.043,0.059,0.003,-0.053,0.056,-0.139,0.053,-0.191,0.279,-0.012,0.702,-0.206,-0.227,-0.478,0.480,-0.671,0.050,0.977,0.338,-0.496,-0.129,0.272,0.232,0.032,-0.011,0.318,0.608,0.274,-0.072,-0.904,-2.148,-0.704,0.218,-0.599,1.210,-0.282
0.831,0.556,0.000,0.000,0.000,-0.028,0.055,-0.003,-0.055,0.062,-0.146,0.042,-0.163,0.270,-0.023,0.665,-0.126,-0.465,0.203,0.042,-0.322,-0.429,1.355,-0.281,-0.532,-0.166,0.222,0.162,0.029,-0.006,0.322,0.142,0.221,-0.043,-0.787,-1.687,-0.397,0.107,-0.425,1.035,-0.342
0.924,0.383,0.000,0.000,0.000,-0.017,0.054,-0.014,-0.049,0.062,-0.152,0.042,-0.138,0.262,-0.029,0.471,-0.011,-0.520,0.336,0.002,-0.322,-0.034,1.121,-0.307,-0.211,0.021,0.214,0.029,0.029,-0.001,0.325,0.144,0.157,-0.034,-0.734,-1.514,-0.391,0.195,-0.465,0.972,-0.303
0.981,0.195,0.000,0.000,0.000,-0.009,0.054,-0.022,-0.042,0.061,-0.157,0.042,-0.109,0.237,-0.028,0.346,0.044,-0.395,0.375,-0.066,-0.210,0.063,1.316,-0.953,0.003,0.165,0.120,-0.037,0.031,0.003,0.324,0.232,0.142,0.007,-0.683,-1.865,-0.415,0.211,-0.299,0.731,-0.193
1.000,0.000,0.000,0.000,0.000,-0.004,0.054,-0.028,-0.036,0.061,-0.158,0.039,-0.078,0.203,-0.026,0.188,-0.008,-0.273,0.287,-0.035,-0.008,-0.106,1.295,-1.351,0.091,0.320,0.053,0.000,0.036,0.004,0.323,0.065,0.026,0.048,-0.692,-1.968,-0.242,0.174,-0.224,0.491,-0.172
0.981,-0.195,0.000,0.000,0.000,-0.001,0.054,-0.034,-0.030,0.060,-0.155,0.041,-0.049,0.156,-0.036,0.065,0.023,-0.412,0.343,-0.030,0.187,-0.058,1.152,-2.018,-2.205,0.449,0.096,-0.003,0.042,0.004,0.325,0.018,0.126,-0.168,-0.720,-2.105,-0.180,0.241,-0.054,0.193,-0.216
0.924,-0.383,0.000,0.000,0.000,-0.002,0.055,-0.040,-0.025,0.060,-0.155,0.047,-0.023,0.098,-0.069,-0.081,0.047,-0.234,0.255,-0.018,-0.078,0.310,0.971,-2.301,-1.985,0.612,0.035,-0.050,0.055,0.006,0.323,0.207,-0.043,0.141,-0.555,-1.579,-0.350,0.318,-0.128,-0.208,-0.004
0.831,-0.556,0.000,0.000,0.000,0.001,0.056,-0.039,-0.024,0.061,-0.152,0.052,-0.018,0.082,-0.071,0.379,0.029,0.430,-0.333,0.187,0.376,0.103,0.186,0.119,-0.165,0.436,-0.137,-0.098,0.065,0.005,0.321,0.547,0.013,0.084,-0.488,-1.308,-0.604,0.341,-0.028,-0.633,0.292
0.707,-0.707,0.000,0.000,0.000,0.016,0.054,-0.031,-0.028,0.056,-0.137,0.052,-0.006,0.069,-0.066,0.899,-0.124,0.363,-0.224,-0.496,0.932,-0.019,0.682,-0.917,0.460,-0.122,-0.236,0.046,0.067,0.001,0.321,0.365,0.063,-0.147,-0.275,-1.255,-0.766,0.280,-0.004,-0.932,0.499
0.556,-0.831,0.000,0.000,0.000,0.035,0.041,-0.032,-0.017,0.011,-0.116,0.050,0.009,0.043,-0.053,0.855,-0.502,0.154,-0.135,-2.347,1.057,-0.097,0.830,-1.523,0.769,-0.341,-0.091,0.138,0.061,-0.003,0.323,0.134,0.004,-0.209,0.036,-1.068,-0.746,0.209,0.049,-1.172,0.552
0.383,-0.924,0.000,0.000,0.000,0.047,0.027,-0.039,0.009,-0.032,-0.097,0.048,0.028,0.008,-0.034,0.323,-0.468,0.015,0.495,-1.782,0.859,-0.092,0.962,-1.897,1.032,-0.297,-0.039,0.164,0.055,-0.004,0.326,0.020,-0.078,-0.204,0.321,-0.893,-0.870,0.206,0.159,-1.276,0.729
0.195,-0.981,0.000,0.000,0.000,0.045,0.013,-0.046,0.045,-0.062,-0.085,0.046,0.047,-0.030,-0.014,-0.364,-0.490,0.022,1.071,-1.206,0.450,-0.053,1.009,-1.850,0.986,-0.026,-0.075,0.125,0.051,-0.006,0.328,-0.003,-0.112,-0.244,0.550,-0.790,-1.144,0.245,0.372,-1.227,1.068
0.000,-1.000,0.000,0.000,0.000,0.029,0.008,-0.061,0.101,-0.070,-0.081,0.044,0.063,-0.061,0.003,-1.035,-0.130,-0.400,1.877,-0.052,0.026,-0.084,0.775,-1.520,0.809,0.290,-0.017,0.125,0.055,-0.007,0.330,-0.092,-0.028,-0.441,0.931,-0.413,-1.292,0.187,0.408,-1.200,0.934
-0.195,-0.981,0.000,0.000,0.000,0.007,0.005,-0.080,0.155,-0.054,-0.082,0.041,0.073,-0.086,0.017,-1.118,-0.111,-0.810,2.058,0.896,-0.061,-0.120,0.448,-1.156,0.677,0.399,0.068,0.138,0.063,-0.007,0.332,-0.078,-0.002,-0.608,1.108,0.010,-1.094,0.156,0.399,-1.122,0.771
-0.383,-0.924,0.000,0.000,0.000,-0.014,0.007,-0.097,0.190,-0.037,-0.081,0.039,0.079,-0.105,0.029,-0.953,0.078,-0.802,1.465,0.775,0.057,-0.095,0.252,-0.881,0.542,0.344,0.103,0.093,0.070,-0.005,0.335,-0.139,0.059,-0.658,1.076,0.053,-0.851,0.173,0.422,-1.084,0.522
-0.556,-0.831,0.000,0.000,0.000,-0.032,0.010,-0.108,0.207,-0.026,-0.079,0.038,0.082,-0.118,0.037,-0.855,0.140,-0.507,0.763,0.511,0.132,-0.054,0.065,-0.390,0.245,0.261,0.084,0.059,0.076,-0.003,0.336,-0.237,0.083,-0.598,1.006,0.042,-0.722,0.175,0.420,-1.044,0.419
-0.707,-0.707,0.000,0.000,0.000,-0.049,0.020,-0.115,0.218,-0.017,-0.075,0.037,0.084,-0.122,0.040,-0.807,0.377,-0.307,0.474,0.396,0.251,-0.032,0.089,-0.156,0.113,0.143,-0.000,0.038,0.080,-0.002,0.337,-0.355,0.165,-0.610,0.982,0.029,-0.577,0.196,0.480,-1.009,0.365
-0.831,-0.556,0.000,0.000,0.000,-0.067,0.038,-0.116,0.215,-0.005,-0.069,0.037,0.084,-0.121,0.040,-0.858,0.738,-0.028,-0.033,0.557,0.356,-0.015,-0.018,0.153,-0.063,0.036,-0.055,0.013,0.081,-0.004,0.337,-0.536,0.306,-0.494,0.875,0.172,-0.382,0.164,0.346,-0.971,0.057
-0.924,-0.383,0.000,0.000,0.000,-0.087,0.054,-0.114,0.214,0.000,-0.063,0.037,0.080,-0.111,0.035,-1.043,0.661,0.098,-0.063,0.230,0.303,-0.006,-0.280,0.620,-0.299,0.016,-0.045,0.003,0.082,-0.004,0.337,-0.668,0.348,-0.421,0.886,0.091,-0.483,0.153,0.196,-0.889,-0.302
-0.981,-0.195,0.000,0.000,0.000,-0.096,0.061,-0.113,0.210,0.003,-0.051,0.038,0.073,-0.098,0.029,-0.029,0.415,0.038,-0.144,0.060,0.858,0.092,-0.361,0.616,-0.266,-0.376,0.002,-0.056,0.079,-0.005,0.337,-0.754,0.381,-0.506,0.817,-0.005,-0.452,0.166,0.183,-0.835,-0.568
-1.000,-0.000,0.000,0.000,0.000,-0.095,0.074,-0.110,0.193,-0.003,-0.033,0.042,0.060,-0.078,0.021,0.105,0.593,0.057,-0.752,-0.401,0.875,0.183,-0.710,1.092,-0.468,-0.492,0.082,-0.190,0.069,-0.003,0.334,-0.778,0.437,-0.499,0.617,-0.236,-0.530,0.227,0.116,-0.638,-0.804
-0.981,0.195,0.000,0.000,0.000,-0.093,0.091,-0.103,0.155,-0.012,-0.016,0.046,0.043,-0.052,0.010,0.071,0.750,0.169,-1.563,-0.519,0.843,0.232,-0.949,1.436,-0.626,-0.483,0.138,-0.243,0.059,-0.001,0.329,-0.788,0.530,-0.444,0.283,-0.308,-0.422,0.263,0.021,-0.507,-1.019
-0.924,0.383,0.000,0.000,0.000,-0.092,0.107,-0.095,0.107,-0.022,0.000,0.052,0.022,-0.021,-0.004,0.044,0.715,0.206,-1.962,-0.563,0.804,0.253,-1.044,1.591,-0.708,-0.475,0.156,-0.262,0.050,0.002,0.324,-0.660,0.589,-0.402,0.002,-0.360,-0.463,0.293,-0.061,-0.438,-1.409
-0.831,0.556,0.000,0.000,0.000,-0.091,0.116,-0.083,0.045,-0.030,0.015,0.056,0.000,0.013,-0.019,0.062,0.368,0.350,-2.377,-0.514,0.727,0.164,-1.137,1.774,-0.813,-0.427,0.178,-0.203,0.041,0.006,0.320,-0.280,0.567,-0.273,-0.350,-0.344,-0.539,0.219,-0.207,-0.308,-1.521
-0.707,0.707,0.000,0.000,0.000,-0.078,0.111,-0.077,0.008,-0.003,0.030,0.060,-0.021,0.049,-0.036,0.796,0.149,-1.259,1.950,0.764,0.758,0.175,-1.108,1.858,-0.797,-0.454,0.040,-0.371,0.033,0.009,0.316,0.105,0.512,-0.167,-0.583,0.005,-0.540,0.213,-0.199,-0.084,-1.277
-0.556,0.831,0.000,0.000,0.000,-0.070,0.114,-0.079,0.009,0.048,0.038,0.060,-0.031,0.077,-0.050,0.094,-0.050,-0.130,0.756,-0.256,0.060,-0.097,-0.215,0.997,-0.592,-0.044,-0.116,0.047,0.027,0.009,0.314,0.608,0.454,-0.043,-1.024,-0.432,-0.450,0.204,-0.333,0.398,-0.988
-0.383,0.924,0.000,0.000,0.000,-0.074,0.114,-0.073,0.010,0.049,0.024,0.071,-0.044,0.116,-0.074,-0.324,-0.030,0.520,-0.340,0.218,-0.911,0.315,-0.417,1.382,-1.107,0.511,-0.249,0.017,0.033,0.004,0.315,0.961,0.513,-0.118,-1.061,-0.745,-0.560,0.318,-0.422,0.827,-0.868
-0.195,0.981,0.000,0.000,0.000,-0.084,0.113,-0.063,-0.004,0.058,-0.004,0.085,-0.061,0.145,-0.080,-0.499,-0.073,0.569,-0.844,0.514,-1.539,0.518,-0.909,1.072,-0.224,0.714,-0.157,0.047,0.046,0.001,0.315,1.140,0.452,-0.137,-1.088,-1.161,-0.760,0.411,-0.602,0.821,-0.567
-0.000,1.000,0.000,0.000,0.000,-0.095,0.111,-0.051,-0.024,0.070,-0.042,0.100,-0.086,0.175,-0.077,-0.297,-0.140,0.562,-0.894,0.542,-1.786,0.564,-1.035,1.027,0.268,0.842,-0.094,0.117,0.062,-0.002,0.317,1.229,0.443,-0.115,-1.119,-1.331,-1.090,0.477,-0.651,1.001,-0.303
0.195,0.981,0.000,0.000,0.000,-0.095,0.108,-0.043,-0.038,0.079,-0.078,0.121,-0.111,0.202,-0.075,0.083,-0.166,0.379,-0.692,0.482,-1.891,0.851,-1.165,1.043,0.059,0.312,-0.084,0.140,0.070,-0.004,0.320,1.271,0.459,-0.197,-1.107,-1.577,-1.360,0.596,-0.718,1.085,-0.341
0.383,0.924,0.000,0.000,0.000,-0.093,0.104,-0.038,-0.050,0.089,-0.121,0.136,-0.141,0.241,-0.071,0.119,-0.234,0.255,-0.616,0.472,-2.215,0.564,-1.278,1.561,0.232,0.284,-0.027,0.219,0.076,-0.005,0.323,1.152,0.463,-0.255,-1.128,-2.111,-1.408,0.618,-0.798,1.384,-0.216
0.556,0.831,0.000,0.000,0.000,-0.087,0.099,-0.035,-0.059,0.097,-0.163,0.139,-0.161,0.263,-0.062,0.323,-0.266,0.039,-0.290,0.384,-2.065,0.120,-0.903,0.961,0.416,0.144,0.005,0.261,0.080,-0.006,0.328,0.905,0.445,-0.260,-1.094,-2.429,-1.341,0.552,-0.804,1.325,-0.109
0.707,0.707,0.000,0.000,0.000,-0.079,0.092,-0.037,-0.060,0.102,-0.199,0.129,-0.170,0.264,-0.052,0.474,-0.293,-0.255,0.095,0.150,-1.748,-0.422,-0.409,0.097,0.440,0.013,0.051,0.300,0.081,-0.005,0.335,0.696,0.434,-0.361,-1.038,-2.631,-1.197,0.423,-0.725,1.144,-0.049
0.831,0.556,0.000,0.000,0.000,-0.067,0.086,-0.044,-0.056,0.104,-0.227,0.114,-0.170,0.254,-0.042,0.630,-0.267,-0.354,0.300,0.065,-1.286,-0.620,0.038,-0.368,0.485,-0.087,0.053,0.291,0.080,-0.005,0.341,0.551,0.391,-0.342,-0.944,-2.511,-1.035,0.347,-0.651,0.993,0.012
0.924,0.383,0.000,0.000,0.000,-0.052,0.081,-0.051,-0.047,0.104,-0.244,0.097,-0.162,0.244,-0.035,0.810,-0.243,-0.353,0.447,-0.027,-0.685,-0.674,0.458,-0.355,0.327,-0.204,-0.002,0.259,0.077,-0.005,0.349,0.479,0.360,-0.350,-0.874,-2.512,-0.858,0.288,-0.522,0.957,-0.004
0.981,0.195,0.000,0.000,0.000,-0.033,0.076,-0.057,-0.038,0.103,-0.247,0.080,-0.140,0.224,-0.035,0.972,-0.228,-0.285,0.495,-0.066,0.028,-0.656,1.044,-0.699,-0.005,-0.305,-0.084,0.266,0.072,-0.007,0.351,0.302,0.327,-0.366,-0.823,-2.633,-0.555,0.243,-0.310,0.795,-0.126
1.000,-0.000,0.000,0.000,0.000,-0.011,0.071,-0.062,-0.028,0.102,-0.237,0.066,-0.109,0.192,-0.037,1.060,-0.182,-0.316,0.477,-0.040,0.712,-0.524,1.409,-1.185,-0.152,-0.356,-0.098,0.213,0.065,-0.009,0.356,0.157,0.319,-0.432,-0.805,-2.738,-0.250,0.220,-0.120,0.548,-0.222
0.981,-0.195,0.000,0.000,0.000,0.010,0.067,-0.068,-0.020,0.102,-0.213,0.053,-0.075,0.160,-0.043,1.041,-0.168,-0.331,0.322,0.077,1.352,-0.455,1.542,-1.246,-0.282,-0.312,-0.035,0.191,0.058,-0.011,0.360,0.004,0.279,-0.464,-0.830,-2.923,0.103,0.190,0.039,0.402,-0.302
0.924,-0.383,0.000,0.000,0.000,0.029,0.064,-0.073,-0.019,0.107,-0.181,0.049,-0.038,0.119,-0.046,0.850,-0.158,-0.277,-0.012,0.285,1.672,-0.083,1.598,-1.556,-0.172,-0.127,0.005,0.166,0.054,-0.011,0.363,-0.010,0.227,-0.421,-0.886,-2.886,0.252,0.236,0.165,0.144,-0.300
0.831,-0.556,0.000,0.000,0.000,0.040,0.062,-0.075,-0.028,0.117,-0.160,0.054,-0.018,0.083,-0.049,0.398,-0.152,0.016,-0.731,0.677,0.469,-0.201,-0.274,0.162,-0.343,0.253,0.141,0.009,0.055,-0.010,0.365,-0.033,0.187,-0.286,-0.875,-2.530,0.100,0.295,0.186,-0.274,-0.294
0.707,-0.707,0.000,0.000,0.000,0.053,0.059,-0.063,-0.053,0.133,-0.146,0.052,-0.010,0.068,-0.044,0.768,-0.131,0.726,-1.368,0.673,0.828,-0.091,0.617,-1.065,0.468,0.028,-0.160,0.127,0.059,-0.011,0.368,0.040,0.176,-0.228,-0.643,-1.985,-0.397,0.350,0.143,-0.875,-0.194
0.556,-0.831,0.000,0.000,0.000,0.066,0.059,-0.060,-0.055,0.084,-0.130,0.050,0.004,0.039,-0.030,0.475,0.262,0.367,-0.742,-4.032,0.765,-0.071,0.707,-1.581,0.846,-0.079,-0.082,0.098,0.058,-0.013,0.370,-0.039,0.188,-0.295,-0.289,-1.764,-0.708,0.257,0.033,-1.155,-0.063
0.383,-0.924,0.000,0.000,0.000,0.071,0.044,-0.065,-0.038,0.026,-0.118,0.047,0.018,0.004,-0.010,-0.041,-0.521,0.132,0.128,-3.132,0.466,-0.122,0.714,-1.864,1.107,0.075,0.008,0.147,0.057,-0.015,0.373,-0.103,-0.032,-0.188,0.040,-1.218,-0.862,0.132,-0.058,-1.318,0.141
0.195,-0.981,0.000,0.000,0.000,0.063,0.028,-0.076,0.010,-0.025,-0.113,0.044,0.029,-0.031,0.013,-0.718,-0.492,0.130,0.993,-1.915,0.078,-0.051,0.594,-1.816,1.133,0.325,0.124,0.130,0.062,-0.013,0.376,-0.010,-0.092,-0.265,0.564,-0.891,-1.211,0.105,-0.019,-1.343,0.266
0.000,-1.000,0.000,0.000,0.000,0.045,0.008,-0.094,0.083,-0.047,-0.116,0.042,0.036,-0.062,0.033,-1.155,-0.662,-0.245,2.187,-0.584,-0.265,-0.060,0.302,-1.498,0.999,0.568,0.220,0.128,0.071,-0.010,0.378,0.037,-0.166,-0.477,1.049,-0.519,-1.454,0.077,0.049,-1.263,0.429
-0.195,-0.981,0.000,0.000,0.000,0.020,0.002,-0.115,0.159,-0.040,-0.122,0.040,0.036,-0.085,0.051,-1.231,-0.201,-0.731,2.851,0.615,-0.329,-0.090,-0.045,-1.133,0.878,0.665,0.320,0.068,0.084,-0.004,0.379,0.030,-0.026,-0.711,1.334,-0.041,-1.335,0.084,0.108,-1.147,0.232
-0.383,-0.924,0.000,0.000,0.000,-0.001,0.007,-0.126,0.201,-0.024,-0.125,0.038,0.034,-0.107,0.067,-0.905,0.191,-0.513,1.842,0.772,-0.059,-0.131,-0.081,-0.990,0.798,0.510,0.308,0.067,0.097,0.002,0.381,-0.045,0.099,-0.726,1.183,0.101,-0.911,0.108,0.232,-1.070,0.267
-0.556,-0.831,0.000,0.000,0.000,-0.017,0.019,-0.126,0.217,-0.011,-0.123,0.035,0.035,-0.124,0.081,-0.728,0.490,0.023,0.838,0.552,0.171,-0.151,0.021,-0.778,0.624,0.322,0.180,0.098,0.103,0.006,0.383,-0.229,0.190,-0.576,1.041,0.115,-0.684,0.121,0.299,-1.045,0.195
-0.707,-0.707,0.000,0.000,0.000,-0.032,0.036,-0.116,0.219,-0.003,-0.117,0.032,0.037,-0.136,0.091,-0.628,0.717,0.484,0.209,0.341,0.408,-0.174,0.078,-0.444,0.389,0.127,0.040,0.153,0.109,0.007,0.387,-0.403,0.288,-0.422,0.922,0.088,-0.416,0.118,0.313,-1.003,0.020
-0.831,-0.556,0.000,0.000,0.000,-0.046,0.055,-0.097,0.207,0.001,-0.108,0.030,0.036,-0.136,0.094,-0.704,0.780,0.869,-0.433,0.168,0.535,-0.139,-0.133,0.225,-0.018,-0.013,-0.063,0.152,0.109,0.005,0.389,-0.577,0.365,-0.256,0.742,0.045,-0.244,0.143,0.234,-0.976,-0.254
-0.924,-0.383,0.000,0.000,0.000,-0.063,0.066,-0.080,0.197,-0.007,-0.098,0.027,0.027,-0.122,0.089,-0.932,0.458,0.826,-0.385,-0.460,0.477,-0.152,-0.471,0.874,-0.307,-0.032,-0.062,0.174,0.109,0.005,0.392,-0.631,0.344,-0.208,0.721,-0.260,-0.443,0.130,0.098,-0.796,-0.577
-0.981,-0.195,0.000,0.000,0.000,-0.086,0.082,-0.066,0.184,-0.018,-0.089,0.024,0.015,-0.101,0.082,-1.157,0.635,0.563,-0.570,-0.577,0.510,-0.169,-0.639,1.082,-0.394,-0.082,-0.027,0.187,0.108,0.004,0.396,-0.793,0.446,-0.287,0.599,-0.406,-0.387,0.145,0.083,-0.734,-0.792
-1.000,-0.000,0.000,0.000,0.000,-0.097,0.094,-0.058,0.170,-0.038,-0.070,0.023,0.002,-0.080,0.075,-0.043,0.593,0.285,-0.618,-1.006,1.216,0.058,-0.623,0.922,-0.268,-0.601,-0.028,0.015,0.101,0.002,0.398,-0.857,0.527,-0.362,0.501,-0.656,-0.296,0.250,0.070,-0.646,-0.949
-0.981,0.195,0.000,0.000,0.000,-0.095,0.112,-0.047,0.132,-0.062,-0.044,0.026,-0.014,-0.059,0.069,0.112,0.818,0.289,-1.507,-1.308,1.350,0.129,-0.891,1.166,-0.330,-0.809,0.039,-0.135,0.086,0.003,0.396,-0.827,0.628,-0.211,0.183,-0.826,-0.250,0.173,-0.173,-0.584,-1.343
-0.924,0.383,0.000,0.000,0.000,-0.093,0.127,-0.038,0.079,-0.082,-0.017,0.029,-0.034,-0.034,0.062,0.079,0.639,0.155,-2.112,-0.992,1.318,0.121,-1.057,1.315,-0.376,-0.828,0.110,-0.124,0.068,0.005,0.392,-0.607,0.655,-0.218,-0.174,-0.794,-0.386,0.169,-0.217,-0.506,-1.436
-0.831,0.556,0.000,0.000,0.000,-0.092,0.135,-0.032,0.022,-0.099,0.007,0.031,-0.056,-0.005,0.053,0.052,0.352,-0.003,-2.268,-0.931,1.215,0.064,-1.181,1.486,-0.451,-0.784,0.143,-0.080,0.053,0.008,0.391,-0.276,0.638,-0.206,-0.444,-0.830,-0.552,0.119,-0.313,-0.386,-1.357
-0.707,0.707,0.000,0.000,0.000,-0.073,0.132,-0.037,0.001,-0.034,0.027,0.035,-0.073,0.014,0.032,0.986,0.130,0.470,-2.127,7.908,0.594,0.031,0.574,-1.823,-3.157,-0.670,-0.003,-0.013,0.039,0.011,0.391,0.292,0.511,-0.193,-0.657,-0.509,-0.583,0.092,-0.344,-0.036,-1.016
-0.556,0.831,0.000,0.000,0.000,-0.056,0.128,-0.044,-0.001,0.047,0.040,0.026,-0.094,0.052,0.044,0.643,-0.369,-0.870,1.945,-1.228,0.536,-0.688,-0.299,0.486,1.610,-0.445,-0.016,0.308,0.028,0.008,0.395,0.758,0.403,-0.150,-0.880,-1.251,-0.452,0.054,-0.439,0.454,-0.364
-0.383,0.924,0.000,0.000,0.000,-0.054,0.123,-0.043,0.011,0.037,0.029,0.046,-0.107,0.100,0.014,-0.023,-0.364,0.482,-0.044,-0.144,-0.887,0.751,-0.102,1.463,-1.163,0.334,-0.437,0.310,0.030,0.001,0.400,1.063,0.413,-0.072,-1.199,-1.002,-0.552,0.318,-0.577,0.877,-0.486
-0.195,0.981,0.000,0.000,0.000,-0.057,0.116,-0.036,0.004,0.041,0.002,0.067,-0.121,0.136,-0.014,-0.203,-0.316,0.370,-0.591,0.371,-1.416,0.815,-0.694,1.306,-1.360,0.537,-0.281,0.330,0.040,-0.007,0.407,1.142,0.500,-0.268,-1.170,-1.783,-0.670,0.396,-0.772,0.854,-0.736
-0.000,1.000,0.000,0.000,0.000,-0.063,0.109,-0.030,-0.011,0.052,-0.031,0.072,-0.140,0.169,-0.025,-0.311,-0.411,0.275,-0.790,0.661,-1.800,0.148,-0.846,1.310,-0.330,0.625,-0.147,0.405,0.052,-0.011,0.414,1.175,0.437,-0.269,-1.152,-2.301,-0.899,0.265,-0.762,1.018,-0.292
0.195,0.981,0.000,0.000,0.000,-0.071,0.102,-0.023,-0.030,0.067,-0.079,0.098,-0.154,0.194,-0.033,-0.411,-0.339,0.302,-0.968,0.786,-2.473,1.024,-0.559,1.066,-0.387,0.723,-0.089,0.345,0.065,-0.014,0.421,1.088,0.511,-0.294,-1.169,-2.427,-1.285,0.557,-0.661,1.091,-0.283
0.383,0.924,0.000,0.000,0.000,-0.078,0.094,-0.023,-0.044,0.081,-0.129,0.113,-0.168,0.226,-0.046,-0.287,-0.455,-0.125,-0.584,0.679,-2.484,0.592,-0.487,1.293,-0.594,0.642,0.040,0.442,0.078,-0.015,0.429,0.902,0.417,-0.438,-1.165,-3.022,-1.310,0.557,-0.689,1.275,-0.414
0.556,0.831,0.000,0.000,0.000,-0.083,0.084,-0.026,-0.055,0.094,-0.182,0.132,-0.170,0.248,-0.059,-0.197,-0.495,-0.149,-0.490,0.646,-2.579,0.780,0.084,1.006,-0.560,0.572,0.054,0.486,0.090,-0.014,0.439,0.893,0.378,-0.333,-1.167,-3.009,-1.528,0.672,-0.590,1.294,-0.439
0.707,0.707,0.000,0.000,0.000,-0.083,0.074,-0.032,-0.060,0.106,-0.225,0.134,-0.159,0.243,-0.060,0.120,-0.432,-0.461,-0.189,0.546,-1.983,0.117,0.451,-0.110,-0.013,0.347,0.131,0.462,0.099,-0.014,0.448,0.771,0.352,-0.373,-1.105,-2.814,-1.336,0.556,-0.559,0.986,-0.300
0.831,0.556,0.000,0.000,0.000,-0.077,0.066,-0.044,-0.060,0.115,-0.255,0.127,-0.141,0.224,-0.055,0.399,-0.339,-0.674,0.151,0.391,-1.353,-0.262,0.795,-0.715,0.227,0.121,0.180,0.368,0.102,-0.010,0.457,0.578,0.330,-0.394,-0.959,-2.652,-1.203,0.461,-0.403,0.779,-0.156
0.924,0.383,0.000,0.000,0.000,-0.065,0.061,-0.057,-0.054,0.121,-0.273,0.119,-0.121,0.209,-0.050,0.642,-0.216,-0.633,0.285,0.296,-0.684,-0.315,0.992,-0.547,0.275,-0.050,0.112,0.252,0.104,-0.009,0.464,0.510,0.298,-0.333,-0.900,-2.508,-1.003,0.434,-0.307,0.754,-0.123
0.981,0.195,0.000,0.000,0.000,-0.047,0.058,-0.069,-0.047,0.125,-0.272,0.105,-0.095,0.191,-0.050,0.985,-0.055,-0.606,0.418,0.198,0.273,-0.488,1.167,-0.664,-0.007,-0.270,0.028,0.104,0.098,-0.009,0.466,0.489,0.305,-0.347,-0.845,-2.661,-0.637,0.355,-0.199,0.636,-0.268
1.000,-0.000,0.000,0.000,0.000,-0.025,0.057,-0.081,-0.037,0.129,-0.257,0.091,-0.065,0.160,-0.074,1.101,0.003,-0.567,0.462,0.166,0.937,-0.537,1.316,-1.235,-1.244,-0.371,-0.036,0.028,0.093,-0.008,0.468,0.302,0.228,-0.344,-0.711,-2.498,-0.463,0.280,-0.043,0.389,-0.315
0.981,-0.195,0.000,0.000,0.000,-0.004,0.058,-0.091,-0.031,0.134,-0.233,0.081,-0.035,0.123,-0.093,0.983,0.087,-0.518,0.253,0.306,1.234,-0.174,1.169,-1.378,-0.840,-0.263,-0.021,-0.020,0.085,-0.009,0.469,-0.006,0.272,-0.498,-0.804,-2.705,-0.098,0.309,0.137,0.203,-0.261
0.924,-0.383,0.000,0.000,0.000,0.014,0.057,-0.094,-0.033,0.143,-0.213,0.080,-0.028,0.107,-0.074,0.959,-0.099,0.136,-0.400,0.585,0.978,-0.043,-0.191,0.395,0.013,-0.117,-0.112,-0.058,0.083,-0.011,0.467,0.035,0.190,-0.338,-0.705,-2.496,-0.140,0.324,0.211,-0.086,-0.255
0.831,-0.556,0.000,0.000,0.000,0.038,0.052,-0.081,-0.052,0.159,-0.189,0.077,-0.017,0.096,-0.065,1.267,-0.274,0.796,-1.060,0.818,1.344,-0.160,0.803,-0.821,0.599,-0.415,-0.501,0.253,0.078,-0.018,0.470,0.082,0.229,-0.358,-0.627,-2.139,-0.366,0.342,0.226,-0.589,-0.447
0.707,-0.707,0.000,0.000,0.000,0.060,0.051,-0.069,-0.071,0.176,-0.163,0.074,-0.002,0.076,-0.051,1.039,-0.016,0.444,-0.889,0.759,1.232,-0.183,0.686,-1.069,0.778,-0.447,-0.396,0.248,0.068,-0.028,0.473,-0.107,0.241,-0.445,-0.697,-2.468,-0.387,0.375,0.174,-0.661,-0.444
0.556,-0.831,0.000,0.000,0.000,0.075,0.050,-0.065,-0.084,0.148,-0.141,0.069,0.012,0.048,-0.032,0.413,0.571,0.359,-1.072,-2.594,0.975,-0.207,0.698,-1.503,1.053,-0.334,-0.249,0.271,0.059,-0.035,0.479,-0.217,0.138,-0.325,-0.533,-2.285,-0.505,0.284,0.033,-1.070,-0.687
0.383,-0.924,0.000,0.000,0.000,0.084,0.040,-0.071,-0.073,0.097,-0.125,0.065,0.026,0.014,-0.007,0.337,-0.670,-0.345,0.488,-2.292,0.644,-0.171,0.641,-1.804,1.291,-0.094,-0.141,0.143,0.056,-0.039,0.484,-0.202,0.055,-0.192,-0.250,-1.924,-0.738,0.231,-0.079,-1.320,-0.613
0.195,-0.981,0.000,0.000,0.000,0.073,0.036,-0.079,-0.039,0.007,-0.121,0.063,0.036,-0.021,0.019,-0.967,-0.147,0.137,0.797,-4.190,-0.041,-0.071,0.489,-1.778,1.343,0.331,0.000,0.107,0.059,-0.040,0.486,-0.246,0.001,-0.147,0.288,-1.558,-1.224,0.131,-0.180,-1.450,-0.584
0.000,-1.000,0.000,0.000,0.000,0.048,0.022,-0.094,0.032,-0.043,-0.127,0.060,0.039,-0.051,0.044,-1.487,-0.330,0.104,1.752,-1.646,-0.424,-0.027,0.136,-1.514,1.246,0.608,0.196,0.101,0.069,-0.038,0.487,-0.083,-0.066,-0.287,0.898,-0.849,-1.443,0.044,-0.226,-1.394,-0.514
-0.195,-0.981,0.000,0.000,0.000,0.019,0.007,-0.108,0.111,-0.061,-0.137,0.059,0.035,-0.076,0.067,-1.549,-0.502,-0.108,2.721,-0.445,-0.577,-0.027,-0.253,-1.198,1.154,0.759,0.323,0.024,0.083,-0.033,0.488,-0.002,-0.088,-0.414,1.244,-0.474,-1.559,0.035,-0.199,-1.309,-0.474
-0.383,-0.924,0.000,0.000,0.000,-0.011,0.005,-0.111,0.172,-0.062,-0.148,0.058,0.027,-0.095,0.088,-1.387,-0.078,0.038,2.552,0.092,-0.483,-0.050,-0.482,-0.913,1.024,0.733,0.389,-0.030,0.099,-0.026,0.489,-0.096,0.038,-0.438,1.295,-0.258,-1.318,0.071,-0.100,-1.173,-0.446
-0.556,-0.831,0.000,0.000,0.000,-0.034,0.012,-0.104,0.205,-0.053,-0.153,0.057,0.018,-0.113,0.108,-0.973,0.272,0.389,1.556,0.459,-0.142,-0.144,-0.450,-0.827,0.951,0.499,0.359,0.037,0.111,-0.017,0.489,-0.204,0.140,-0.411,1.147,-0.108,-0.949,0.108,0.044,-1.107,-0.389
-0.707,-0.707,0.000,0.000,0.000,-0.050,0.028,-0.086,0.219,-0.045,-0.151,0.053,0.011,-0.127,0.124,-0.649,0.642,0.842,0.759,0.406,0.225,-0.203,-0.330,-0.587,0.756,0.217,0.227,0.134,0.117,-0.013,0.491,-0.385,0.257,-0.267,1.024,-0.085,-0.592,0.167,0.164,-0.992,-0.206
-0.831,-0.556,0.000,0.000,0.000,-0.062,0.042,-0.061,0.221,-0.043,-0.144,0.049,0.004,-0.133,0.136,-0.514,0.596,1.230,0.182,0.043,0.450,-0.242,-0.407,-0.120,0.473,0.006,0.112,0.191,0.120,-0.009,0.496,-0.526,0.288,-0.045,0.921,-0.191,-0.455,0.152,0.059,-0.945,-0.462
-0.924,-0.383,0.000,0.000,0.000,-0.073,0.052,-0.032,0.208,-0.050,-0.135,0.045,-0.009,-0.126,0.140,-0.552,0.425,1.318,-0.434,-0.411,0.538,-0.242,-0.739,0.524,0.156,-0.085,0.096,0.216,0.117,-0.008,0.499,-0.610,0.290,0.049,0.724,-0.438,-0.455,0.185,-0.047,-0.800,-0.768
-0.981,-0.195,0.000,0.000,0.000,-0.086,0.063,-0.008,0.194,-0.067,-0.123,0.041,-0.028,-0.108,0.140,-0.626,0.441,1.024,-0.592,-0.908,0.619,-0.193,-1.030,0.993,-0.048,-0.181,0.121,0.192,0.115,-0.006,0.504,-0.671,0.335,0.008,0.617,-0.741,-0.503,0.253,-0.077,-0.650,-0.852
-1.000,-0.000,0.000,0.000,0.000,-0.095,0.076,0.009,0.169,-0.089,-0.108,0.038,-0.053,-0.082,0.138,-0.106,0.511,0.628,-1.077,-1.145,1.009,-0.066,-1.341,1.377,-0.233,-0.434,0.175,0.111,0.110,-0.004,0.507,-0.750,0.428,-0.061,0.388,-0.942,-0.408,0.279,-0.184,-0.512,-1.031
-0.981,0.195,0.000,0.000,0.000,-0.094,0.095,0.021,0.126,-0.114,-0.084,0.038,-0.082,-0.053,0.134,0.089,0.808,0.236,-1.819,-1.288,1.236,-0.058,-1.480,1.462,-0.171,-0.727,0.194,0.042,0.097,-0.000,0.509,-0.720,0.559,-0.103,0.037,-1.114,-0.319,0.246,-0.269,-0.419,-1.298
-0.924,0.383,0.000,0.000,0.000,-0.092,0.106,0.027,0.066,-0.146,-0.059,0.035,-0.115,-0.021,0.129,0.090,0.480,-0.063,-2.417,-1.717,1.306,-0.149,-1.656,1.637,-0.215,-0.821,0.260,0.117,0.083,0.004,0.513,-0.435,0.540,-0.057,-0.328,-1.365,-0.293,0.144,-0.492,-0.281,-1.360
-0.831,0.556,0.000,0.000,0.000,-0.084,0.109,0.021,0.016,-0.132,-0.030,0.031,-0.146,0.009,0.126,1.002,-1.157,-1.936,1.101,6.544,1.527,-0.290,-1.544,1.451,-0.115,-0.962,0.200,0.205,0.063,0.009,0.515,-0.168,0.579,-0.062,-0.664,-1.260,-0.380,0.063,-0.518,-0.233,-1.140
-0.707,0.707,0.000,0.000,0.000,-0.058,0.104,0.005,0.013,-0.026,-0.003,0.026,-0.165,0.031,0.125,1.109,-0.308,-1.229,1.945,-0.692,1.133,-0.308,-0.594,0.706,0.087,-0.919,0.018,0.339,0.044,0.010,0.522,0.398,0.388,-0.115,-0.747,-1.693,-0.488,-0.032,-0.565,-0.054,-0.822
-0.556,0.831,0.000,0.000,0.000,-0.047,0.098,0.001,0.026,-0.027,0.002,0.032,-0.168,0.055,0.101,0.247,-0.310,0.244,0.016,0.265,-0.212,0.498,0.393,0.523,-1.787,-0.051,-0.498,0.328,0.036,0.003,0.525,0.754,0.373,-0.131,-1.180,-1.502,-0.486,0.122,-0.552,0.522,-0.663
-0.383,0.924,0.000,0.000,0.000,-0.045,0.091,0.006,0.020,-0.016,-0.006,0.037,-0.167,0.072,0.072,0.022,-0.413,0.337,-0.539,0.663,-0.611,0.237,0.182,0.500,-1.955,0.269,-0.465,0.402,0.040,-0.008,0.533,1.049,0.304,-0.157,-1.087,-1.989,-0.532,0.131,-0.707,0.458,-0.578
-0.195,0.981,0.000,0.000,0.000,-0.048,0.082,0.010,0.005,0.000,-0.028,0.047,-0.176,0.107,0.041,-0.177,-0.502,0.132,-0.745,0.855,-1.218,0.315,-0.246,1.171,-1.247,0.424,-0.263,0.491,0.048,-0.016,0.541,1.338,0.311,-0.260,-1.189,-2.507,-0.768,0.198,-0.775,0.777,-0.377
-0.000,1.000,0.000,0.000,0.000,-0.054,0.073,0.013,-0.013,0.020,-0.063,0.068,-0.184,0.142,0.017,-0.318,-0.434,0.099,-0.998,1.042,-1.793,0.742,-0.203,1.400,-1.026,0.553,-0.131,0.459,0.059,-0.019,0.551,1.263,0.396,-0.280,-1.240,-2.320,-1.007,0.373,-0.722,0.968,-0.338
0.195,0.981,0.000,0.000,0.000,-0.061,0.065,0.012,-0.031,0.040,-0.104,0.094,-0.189,0.184,-0.007,-0.266,-0.427,-0.090,-0.870,1.005,-2.023,1.038,-0.030,1.713,-1.019,0.540,-0.030,0.435,0.068,-0.021,0.559,1.026,0.347,-0.312,-1.210,-2.770,-1.159,0.564,-0.675,1.209,-0.406
0.383,0.924,0.000,0.000,0.000,-0.066,0.056,0.009,-0.048,0.060,-0.148,0.117,-0.188,0.226,-0.028,-0.246,-0.459,-0.188,-0.822,1.011,-2.208,0.948,0.277,1.818,-0.897,0.516,0.024,0.460,0.079,-0.022,0.568,0.942,0.294,-0.271,-1.220,-3.186,-1.390,0.631,-0.630,1.382,-0.455
0.556,0.831,0.000,0.000,0.000,-0.068,0.047,0.002,-0.061,0.079,-0.185,0.122,-0.172,0.238,-0.037,0.005,-0.378,-0.509,-0.489,0.873,-1.738,0.259,0.741,0.643,-0.371,0.335,0.126,0.431,0.088,-0.020,0.577,0.756,0.287,-0.306,-1.140,-3.046,-1.197,0.527,-0.524,1.132,-0.329
0.707,0.707,0.000,0.000,0.000,-0.065,0.040,-0.012,-0.067,0.095,-0.214,0.120,-0.152,0.236,-0.042,0.196,-0.256,-0.762,-0.209,0.754,-1.333,-0.062,0.943,0.014,-0.223,0.176,0.218,0.299,0.091,-0.017,0.585,0.636,0.258,-0.322,-1.064,-2.912,-1.133,0.461,-0.429,0.982,-0.307
0.831,0.556,0.000,0.000,0.000,-0.060,0.036,-0.027,-0.069,0.109,-0.237,0.118,-0.130,0.235,-0.045,0.294,-0.189,-0.797,-0.099,0.689,-1.067,-0.094,1.071,0.020,-0.089,0.117,0.225,0.201,0.093,-0.014,0.590,0.602,0.189,-0.284,-1.018,-2.729,-1.141,0.451,-0.335,0.980,-0.267
0.924,0.383,0.000,0.000,0.000,-0.051,0.033,-0.043,-0.069,0.121,-0.251,0.111,-0.101,0.224,-0.051,0.468,-0.122,-0.832,0.081,0.583,-0.562,-0.248,1.355,-0.354,-0.321,0.008,0.190,0.143,0.095,-0.011,0.593,0.501,0.166,-0.309,-0.942,-2.726,-0.956,0.402,-0.175,0.840,-0.388
0.981,0.195,0.000,0.000,0.000,-0.040,0.031,-0.060,-0.065,0.131,-0.254,0.100,-0.069,0.203,-0.054,0.604,-0.013,-0.830,0.262,0.465,-0.031,-0.420,1.451,-0.779,-0.134,-0.087,0.120,0.050,0.093,-0.007,0.596,0.351,0.123,-0.247,-0.807,-2.486,-0.743,0.324,-0.092,0.633,-0.365
1.000,-0.000,0.000,0.000,0.000,-0.026,0.032,-0.077,-0.057,0.139,-0.246,0.091,-0.037,0.174,-0.095,0.666,0.122,-0.883,0.396,0.399,0.565,-0.333,1.336,-1.117,-0.902,-0.118,0.103,-0.088,0.093,-0.006,0.595,0.093,0.186,-0.401,-0.750,-2.688,-0.469,0.315,0.088,0.463,-0.471
0.981,-0.195,0.000,0.000,0.000,-0.012,0.034,-0.094,-0.048,0.147,-0.230,0.082,-0.007,0.136,-0.119,0.663,0.159,-0.850,0.496,0.336,0.829,-0.033,1.154,-1.450,-1.106,-0.071,0.033,-0.108,0.089,-0.004,0.593,0.115,0.052,-0.342,-0.636,-2.408,-0.308,0.313,0.149,0.209,-0.360
0.924,-0.383,0.000,0.000,0.000,0.001,0.037,-0.106,-0.042,0.155,-0.215,0.082,0.005,0.103,-0.116,0.639,0.223,-0.534,0.197,0.471,0.597,0.246,-1.226,1.497,-0.184,-0.016,-0.176,-0.038,0.090,-0.005,0.591,0.154,0.054,-0.275,-0.613,-2.222,-0.274,0.367,0.187,-0.196,-0.281
0.831,-0.556,0.000,0.000,0.000,0.019,0.036,-0.099,-0.055,0.171,-0.196,0.083,0.005,0.104,-0.107,1.085,-0.159,0.624,-0.916,0.883,1.142,-0.023,0.423,-0.407,0.618,-0.299,-0.515,0.105,0.086,-0.011,0.589,0.080,0.152,-0.434,-0.641,-2.238,-0.410,0.396,0.247,-0.552,-0.442
0.707,-0.707,0.000,0.000,0.000,0.042,0.034,-0.090,-0.067,0.170,-0.171,0.082,0.017,0.086,-0.090,1.111,-0.061,0.396,-0.491,-0.397,1.211,-0.098,0.666,-1.076,1.012,-0.487,-0.521,0.179,0.076,-0.022,0.590,-0.053,0.194,-0.434,-0.540,-2.303,-0.550,0.333,0.139,-0.810,-0.647
0.556,-0.831,0.000,0.000,0.000,0.061,0.029,-0.085,-0.075,0.153,-0.150,0.078,0.031,0.058,-0.066,0.829,-0.274,0.106,-0.364,-1.079,0.997,-0.185,0.631,-1.507,1.269,-0.417,-0.338,0.234,0.067,-0.031,0.594,-0.172,0.030,-0.343,-0.484,-2.228,-0.563,0.287,-0.014,-1.082,-0.767
0.383,-0.924,0.000,0.000,0.000,0.069,0.025,-0.089,-0.066,0.084,-0.135,0.075,0.042,0.026,-0.039,0.404,-0.743,-0.594,1.095,-2.817,0.607,-0.188,0.503,-1.699,1.392,-0.152,-0.215,0.147,0.061,-0.036,0.599,-0.203,-0.000,-0.213,-0.187,-2.026,-0.850,0.245,-0.107,-1.300,-0.760
0.195,-0.981,0.000,0.000,0.000,0.063,0.022,-0.097,-0.037,0.002,-0.131,0.073,0.051,-0.009,-0.010,-0.689,-0.052,0.026,0.875,-4.268,0.007,-0.066,0.363,-1.742,1.471,0.217,-0.055,0.099,0.063,-0.039,0.601,-0.227,-0.028,-0.183,0.267,-1.581,-1.164,0.130,-0.225,-1.426,-0.728
0.000,-1.000,0.000,0.000,0.000,0.043,0.015,-0.111,0.033,-0.048,-0.135,0.071,0.052,-0.039,0.017,-1.273,-0.112,0.143,1.826,-1.605,-0.390,-0.047,0.049,-1.490,1.357,0.503,0.144,0.086,0.072,-0.037,0.603,-0.098,-0.045,-0.279,0.912,-0.806,-1.414,0.025,-0.269,-1.378,-0.703
-0.195,-0.981,0.000,0.000,0.000,0.017,0.005,-0.118,0.104,-0.069,-0.145,0.069,0.048,-0.064,0.042,-1.365,-0.296,0.178,2.555,-0.655,-0.532,-0.052,-0.278,-1.229,1.273,0.640,0.255,0.029,0.084,-0.033,0.603,-0.042,-0.050,-0.336,1.170,-0.544,-1.471,0.033,-0.229,-1.313,-0.675
-0.383,-0.924,0.000,0.000,0.000,-0.009,0.000,-0.113,0.160,-0.077,-0.155,0.068,0.039,-0.084,0.066,-1.273,-0.213,0.439,2.374,-0.267,-0.515,-0.093,-0.515,-0.969,1.151,0.659,0.325,0.002,0.096,-0.028,0.604,-0.097,-0.016,-0.312,1.227,-0.444,-1.385,0.056,-0.157,-1.221,-0.636
-0.556,-0.831,0.000,0.000,0.000,-0.031,0.003,-0.101,0.198,-0.074,-0.162,0.065,0.028,-0.103,0.088,-0.934,0.121,0.667,1.737,0.220,-0.239,-0.187,-0.545,-0.864,1.080,0.468,0.359,0.080,0.108,-0.021,0.606,-0.172,0.072,-0.325,1.174,-0.279,-1.084,0.111,0.003,-1.135,-0.507
-0.707,-0.707,0.000,0.000,0.000,-0.047,0.018,-0.078,0.215,-0.065,-0.162,0.061,0.019,-0.119,0.108,-0.650,0.600,1.064,0.867,0.471,0.110,-0.247,-0.460,-0.698,0.939,0.194,0.286,0.151,0.114,-0.014,0.608,-0.379,0.211,-0.187,1.028,-0.150,-0.682,0.176,0.112,-1.045,-0.361
-0.831,-0.556,0.000,0.000,0.000,-0.059,0.029,-0.050,0.219,-0.064,-0.159,0.056,0.008,-0.125,0.123,-0.543,0.462,1.391,0.327,0.011,0.275,-0.269,-0.616,-0.142,0.621,0.027,0.208,0.211,0.115,-0.010,0.613,-0.485,0.212,0.023,0.945,-0.300,-0.617,0.188,0.027,-0.923,-0.470
-0.924,-0.383,0.000,0.000,0.000,-0.070,0.041,-0.019,0.212,-0.066,-0.152,0.051,-0.008,-0.120,0.131,-0.534,0.447,1.394,-0.220,-0.161,0.422,-0.283,-0.866,0.375,0.359,-0.105,0.179,0.246,0.115,-0.007,0.618,-0.604,0.249,0.085,0.776,-0.432,-0.510,0.216,-0.035,-0.814,-0.750
-0.981,-0.195,0.000,0.000,0.000,-0.082,0.048,0.009,0.198,-0.083,-0.142,0.046,-0.030,-0.104,0.134,-0.544,0.320,1.201,-0.576,-0.896,0.529,-0.216,-1.188,0.943,0.100,-0.204,0.197,0.214,0.112,-0.004,0.624,-0.627,0.252,0.108,0.629,-0.799,-0.521,0.294,-0.108,-0.609,-0.864
-1.000,-0.000,0.000,0.000,0.000,-0.092,0.059,0.030,0.168,-0.107,-0.130,0.043,-0.059,-0.080,0.135,-0.290,0.320,0.761,-1.193,-1.300,0.799,-0.170,-1.472,1.216,0.027,-0.330,0.254,0.152,0.106,0.001,0.627,-0.681,0.329,0.049,0.333,-1.077,-0.487,0.292,-0.240,-0.481,-0.977
-0.981,0.195,0.000,0.000,0.000,-0.093,0.077,0.040,0.127,-0.129,-0.109,0.040,-0.090,-0.055,0.135,0.044,0.776,0.124,-1.763,-1.096,1.144,-0.184,-1.627,1.303,0.034,-0.731,0.325,0.132,0.093,0.006,0.631,-0.664,0.478,-0.099,0.034,-1.124,-0.349,0.261,-0.276,-0.348,-1.187
-0.924,0.383,0.000,0.000,0.000,-0.090,0.089,0.046,0.060,-0.159,-0.085,0.035,-0.126,-0.024,0.134,0.168,0.484,-0.178,-2.634,-1.652,1.309,-0.292,-1.823,1.587,-0.080,-0.865,0.343,0.227,0.078,0.011,0.634,-0.414,0.479,-0.049,-0.437,-1.411,-0.328,0.146,-0.486,-0.180,-1.134
-0.831,0.556,0.000,0.000,0.000,-0.078,0.088,0.035,0.011,-0.140,-0.055,0.028,-0.162,0.008,0.133,1.223,-1.042,-2.301,1.371,7.319,1.624,-0.440,-1.822,1.660,-0.030,-1.095,0.292,0.351,0.056,0.017,0.641,-0.055,0.447,-0.079,-0.723,-1.299,-0.394,0.052,-0.557,-0.051,-0.890
-0.707,0.707,0.000,0.000,0.000,-0.051,0.082,0.010,0.019,-0.023,-0.026,0.020,-0.187,0.037,0.130,1.101,-0.451,-1.893,3.269,-1.795,1.124,-0.432,-0.786,1.023,-0.013,-0.982,0.050,0.529,0.035,0.020,0.651,0.467,0.314,-0.086,-0.871,-1.761,-0.466,-0.063,-0.646,0.104,-0.569
-0.556,0.831,0.000,0.000,0.000,-0.040,0.075,-0.001,0.051,-0.041,-0.022,0.028,-0.189,0.067,0.104,0.223,-0.339,0.113,0.742,-0.494,-0.202,0.502,0.505,0.824,-1.744,-0.089,-0.649,0.381,0.027,0.011,0.658,0.747,0.319,-0.124,-1.238,-1.390,-0.502,0.129,-0.587,0.654,-0.605
-0.383,0.924,0.000,0.000,0.000,-0.040,0.069,0.006,0.051,-0.041,-0.030,0.029,-0.183,0.082,0.075,-0.034,-0.293,0.432,-0.284,0.255,-0.514,0.236,0.353,0.314,-1.307,0.249,-0.644,0.359,0.031,-0.004,0.665,1.056,0.280,-0.178,-1.118,-2.038,-0.555,0.079,-0.739,0.481,-0.646
-0.195,0.981,0.000,0.000,0.000,-0.043,0.062,0.014,0.038,-0.029,-0.048,0.036,-0.187,0.116,0.042,-0.210,-0.349,0.355,-0.814,0.710,-0.983,0.179,-0.053,1.182,-1.413,0.436,-0.445,0.346,0.038,-0.016,0.672,1.354,0.284,-0.303,-1.218,-2.554,-0.742,0.131,-0.753,0.826,-0.424
-0.000,1.000,0.000,0.000,0.000,-0.050,0.057,0.021,0.015,-0.011,-0.077,0.056,-0.191,0.150,0.016,-0.328,-0.285,0.307,-1.259,1.043,-1.496,0.735,-0.060,1.350,-1.103,0.541,-0.239,0.310,0.049,-0.021,0.677,1.324,0.359,-0.324,-1.298,-2.358,-0.973,0.329,-0.699,0.989,-0.358
0.195,0.981,0.000,0.000,0.000,-0.056,0.050,0.023,-0.008,0.011,-0.112,0.081,-0.195,0.192,-0.009,-0.254,-0.340,0.019,-1.130,1.106,-1.680,1.007,0.072,1.743,-1.104,0.510,-0.067,0.329,0.059,-0.025,0.683,1.023,0.298,-0.354,-1.256,-2.854,-1.112,0.509,-0.639,1.257,-0.427
0.383,0.924,0.000,0.000,0.000,-0.062,0.043,0.022,-0.031,0.034,-0.151,0.106,-0.191,0.235,-0.031,-0.279,-0.425,-0.108,-1.109,1.135,-1.958,1.019,0.381,1.857,-0.923,0.510,0.018,0.409,0.069,-0.025,0.690,0.924,0.226,-0.262,-1.238,-3.202,-1.369,0.601,-0.601,1.427,-0.462
0.556,0.831,0.000,0.000,0.000,-0.065,0.034,0.016,-0.049,0.055,-0.184,0.114,-0.174,0.248,-0.041,-0.064,-0.358,-0.442,-0.800,1.062,-1.582,0.380,0.815,0.691,-0.436,0.350,0.152,0.398,0.077,-0.024,0.698,0.740,0.238,-0.268,-1.151,-3.012,-1.203,0.515,-0.506,1.182,-0.365
0.707,0.707,0.000,0.000,0.000,-0.063,0.028,0.003,-0.061,0.075,-0.210,0.114,-0.151,0.246,-0.048,0.114,-0.266,-0.759,-0.431,0.903,-1.205,0.001,1.054,-0.001,-0.336,0.208,0.264,0.297,0.082,-0.019,0.706,0.575,0.200,-0.295,-1.060,-2.915,-1.110,0.447,-0.387,1.018,-0.363
0.831,0.556,0.000,0.000,0.000,-0.060,0.023,-0.013,-0.067,0.092,-0.231,0.113,-0.128,0.243,-0.052,0.218,-0.189,-0.865,-0.249,0.814,-0.964,-0.037,1.139,-0.049,-0.132,0.146,0.305,0.199,0.085,-0.014,0.711,0.598,0.141,-0.266,-1.026,-2.751,-1.128,0.437,-0.307,0.995,-0.311
0.924,0.383,0.000,0.000,0.000,-0.053,0.020,-0.031,-0.068,0.106,-0.244,0.108,-0.097,0.228,-0.058,0.399,-0.119,-0.956,0.032,0.654,-0.508,-0.151,1.434,-0.513,-0.311,0.020,0.280,0.133,0.086,-0.008,0.715,0.528,0.120,-0.295,-0.927,-2.787,-0.973,0.403,-0.134,0.824,-0.407
0.981,0.195,0.000,0.000,0.000,-0.043,0.018,-0.050,-0.064,0.117,-0.247,0.097,-0.064,0.206,-0.061,0.495,-0.008,-0.947,0.235,0.518,-0.074,-0.396,1.489,-0.826,-0.115,-0.043,0.210,0.043,0.085,-0.004,0.716,0.359,0.070,-0.214,-0.790,-2.504,-0.784,0.312,-0.070,0.635,-0.387
1.000,-0.000,0.000,0.000,0.000,-0.032,0.020,-0.070,-0.056,0.125,-0.240,0.088,-0.032,0.177,-0.098,0.573,0.179,-0.998,0.429,0.398,0.509,-0.356,1.355,-1.201,-2.053,-0.088,0.176,-0.127,0.085,0.000,0.717,0.115,0.152,-0.356,-0.724,-2.574,-0.491,0.289,0.090,0.465,-0.507
0.981,-0.195,0.000,0.000,0.000,-0.019,0.024,-0.089,-0.046,0.132,-0.225,0.079,-0.002,0.138,-0.122,0.603,0.226,-0.938,0.582,0.296,0.776,-0.061,1.153,-1.503,-0.938,-0.062,0.085,-0.170,0.083,0.002,0.713,0.158,-0.001,-0.280,-0.580,-2.210,-0.336,0.291,0.140,0.204,-0.346
0.924,-0.383,0.000,0.000,0.000,-0.008,0.029,-0.105,-0.036,0.138,-0.209,0.079,0.014,0.100,-0.137,0.517,0.387,-0.748,0.389,0.388,0.493,0.421,-1.345,1.376,0.124,0.014,-0.045,-0.296,0.082,0.003,0.708,0.176,0.023,-0.237,-0.555,-2.039,-0.283,0.341,0.175,-0.185,-0.283
0.831,-0.556,0.000,0.000,0.000,0.008,0.030,-0.101,-0.046,0.153,-0.193,0.082,0.012,0.100,-0.123,0.952,-0.074,0.490,-0.750,0.806,0.997,0.063,0.347,-0.477,0.821,-0.260,-0.470,0.002,0.080,-0.003,0.705,0.130,0.076,-0.375,-0.586,-2.000,-0.452,0.394,0.214,-0.541,-0.325
0.707,-0.707,0.000,0.000,0.000,0.029,0.029,-0.091,-0.059,0.159,-0.171,0.082,0.023,0.081,-0.103,1.058,-0.073,0.402,-0.552,-0.073,1.130,-0.033,0.617,-1.069,1.080,-0.464,-0.499,0.129,0.071,-0.013,0.706,-0.041,0.146,-0.403,-0.505,-2.114,-0.567,0.332,0.131,-0.826,-0.534
0.556,-0.831,0.000,0.000,0.000,0.048,0.023,-0.087,-0.068,0.149,-0.150,0.079,0.036,0.054,-0.078,0.828,-0.309,0.098,-0.414,-0.709,0.977,-0.148,0.588,-1.503,1.311,-0.452,-0.324,0.197,0.061,-0.021,0.709,-0.165,-0.029,-0.319,-0.452,-2.132,-0.578,0.284,-0.046,-1.124,-0.627
0.383,-0.924,0.000,0.000,0.000,0.058,0.017,-0.090,-0.062,0.094,-0.135,0.077,0.047,0.021,-0.051,0.396,-0.239,-0.029,-0.198,-1.599,0.589,-0.079,0.553,-1.745,1.437,-0.243,-0.163,0.188,0.056,-0.026,0.712,-0.197,-0.044,-0.187,-0.164,-1.891,-0.848,0.231,-0.111,-1.296,-0.591
0.195,-0.981,0.000,0.000,0.000,0.053,0.012,-0.097,-0.027,0.013,-0.131,0.075,0.056,-0.012,-0.022,-0.659,-0.014,0.399,0.427,-3.905,0.003,-0.030,0.424,-1.694,1.428,0.140,-0.081,0.095,0.056,-0.028,0.713,-0.230,-0.089,-0.158,0.352,-1.451,-1.185,0.130,-0.183,-1.397,-0.417
-0.000,-1.000,0.000,0.000,0.000,0.035,0.002,-0.107,0.039,-0.034,-0.135,0.073,0.058,-0.040,0.003,-1.168,-0.197,0.348,1.657,-1.510,-0.361,-0.061,0.120,-1.420,1.287,0.413,0.065,0.116,0.063,-0.029,0.715,-0.081,-0.110,-0.251,0.888,-0.736,-1.422,0.036,-0.187,-1.343,-0.444
-0.195,-0.981,0.000,0.000,0.000,0.012,-0.007,-0.110,0.106,-0.057,-0.144,0.071,0.055,-0.064,0.027,-1.266,-0.292,0.285,2.406,-0.741,-0.494,-0.082,-0.213,-1.164,1.197,0.563,0.194,0.069,0.073,-0.027,0.716,-0.046,-0.096,-0.310,1.125,-0.544,-1.468,0.052,-0.157,-1.297,-0.517
-0.383,-0.924,0.000,0.000,0.000,-0.013,-0.013,-0.103,0.157,-0.069,-0.154,0.069,0.048,-0.084,0.050,-1.189,-0.253,0.510,2.161,-0.515,-0.489,-0.132,-0.430,-0.946,1.095,0.585,0.285,0.069,0.086,-0.020,0.717,-0.107,-0.080,-0.278,1.156,-0.517,-1.396,0.075,-0.086,-1.225,-0.494
-0.556,-0.831,0.000,0.000,0.000,-0.033,-0.009,-0.092,0.195,-0.070,-0.160,0.066,0.039,-0.102,0.071,-0.837,0.135,0.604,1.706,0.071,-0.227,-0.203,-0.493,-0.835,1.030,0.398,0.327,0.104,0.096,-0.015,0.719,-0.133,0.024,-0.321,1.153,-0.328,-1.137,0.136,0.065,-1.130,-0.378
-0.707,-0.707,0.000,0.000,0.000,-0.047,0.006,-0.073,0.212,-0.061,-0.161,0.061,0.030,-0.116,0.090,-0.564,0.636,0.905,0.885,0.492,0.092,-0.257,-0.465,-0.630,0.879,0.147,0.271,0.176,0.101,-0.009,0.723,-0.340,0.173,-0.207,1.020,-0.131,-0.730,0.186,0.152,-1.024,-0.272
-0.831,-0.556,0.000,0.000,0.000,-0.057,0.016,-0.048,0.218,-0.060,-0.157,0.056,0.018,-0.121,0.103,-0.457,0.430,1.235,0.360,0.004,0.223,-0.266,-0.646,-0.053,0.553,0.016,0.211,0.222,0.101,-0.006,0.730,-0.421,0.156,0.007,0.951,-0.286,-0.701,0.189,0.044,-0.901,-0.432
-0.924,-0.383,0.000,0.000,0.000,-0.067,0.029,-0.021,0.212,-0.062,-0.152,0.051,0.002,-0.115,0.111,-0.452,0.493,1.227,-0.158,-0.139,0.362,-0.269,-0.877,0.422,0.311,-0.122,0.193,0.236,0.100,-0.002,0.733,-0.562,0.212,0.045,0.792,-0.406,-0.558,0.224,-0.008,-0.802,-0.712
-0.981,-0.195,0.000,0.000,0.000,-0.077,0.037,0.004,0.197,-0.077,-0.144,0.047,-0.020,-0.099,0.113,-0.467,0.326,1.057,-0.625,-0.810,0.453,-0.205,-1.169,0.950,0.066,-0.216,0.198,0.199,0.097,0.002,0.737,-0.580,0.207,0.054,0.612,-0.746,-0.582,0.308,-0.059,-0.597,-0.798
-1.000,-0.000,0.000,0.000,0.000,-0.088,0.047,0.023,0.167,-0.099,-0.134,0.044,-0.049,-0.073,0.112,-0.525,0.415,0.630,-1.271,-1.205,0.540,-0.178,-1.497,1.376,-0.098,-0.306,0.248,0.156,0.091,0.006,0.741,-0.643,0.273,-0.017,0.324,-1.021,-0.543,0.310,-0.172,-0.411,-0.904
-0.981,0.195,0.000,0.000,0.000,-0.093,0.065,0.032,0.121,-0.118,-0.118,0.040,-0.081,-0.044,0.110,-0.020,0.748,0.071,-1.914,-0.998,0.996,-0.197,-1.591,1.405,-0.074,-0.651,0.289,0.154,0.082,0.010,0.745,-0.632,0.428,-0.138,-0.030,-1.037,-0.364,0.266,-0.241,-0.285,-1.063
-0.924,0.383,0.000,0.000,0.000,-0.090,0.078,0.037,0.055,-0.147,-0.095,0.036,-0.115,-0.012,0.107,0.224,0.512,-0.178,-2.615,-1.595,1.239,-0.276,-1.761,1.670,-0.182,-0.867,0.310,0.224,0.066,0.016,0.749,-0.388,0.438,-0.056,-0.442,-1.323,-0.320,0.154,-0.478,-0.131,-1.072
-0.831,0.556,0.000,0.000,0.000,-0.076,0.078,0.026,0.005,-0.126,-0.066,0.028,-0.150,0.022,0.102,1.295,-0.797,-2.222,1.381,7.425,1.611,-0.449,-1.743,1.687,-0.188,-1.130,0.259,0.337,0.046,0.022,0.755,-0.016,0.413,-0.104,-0.759,-1.175,-0.397,0.042,-0.557,0.026,-0.806
-0.707,0.707,0.000,0.000,0.000,-0.051,0.072,-0.003,0.036,-0.065,-0.040,0.020,-0.168,0.043,0.102,0.982,-0.369,-1.208,2.229,-0.522,0.994,-0.390,-0.310,0.578,0.096,-0.869,-0.151,0.453,0.024,0.022,0.763,0.470,0.291,-0.102,-0.922,-1.651,-0.421,-0.074,-0.613,0.179,-0.507
-0.556,0.831,0.000,0.000,0.000,-0.041,0.066,-0.008,0.056,-0.065,-0.035,0.022,-0.169,0.072,0.075,0.256,-0.251,0.264,0.309,0.242,-0.134,0.361,0.396,0.884,-1.720,-0.110,-0.634,0.331,0.017,0.013,0.772,0.790,0.273,-0.116,-1.206,-1.562,-0.518,0.071,-0.597,0.626,-0.615
-0.383,0.924,0.000,0.000,0.000,-0.038,0.061,-0.001,0.050,-0.054,-0.042,0.024,-0.165,0.087,0.040,0.093,-0.249,0.372,-0.499,0.720,-0.443,0.061,0.095,0.646,-1.658,0.174,-0.538,0.280,0.019,0.001,0.776,1.036,0.242,-0.177,-1.117,-2.029,-0.557,0.050,-0.759,0.500,-0.591
-0.195,0.981,0.000,0.000,0.000,-0.037,0.056,0.005,0.036,-0.036,-0.055,0.028,-0.172,0.119,0.015,0.070,-0.275,0.278,-0.877,0.957,-0.688,0.088,-0.207,1.159,-0.992,0.253,-0.325,0.288,0.026,-0.009,0.782,1.275,0.256,-0.294,-1.200,-2.364,-0.700,0.083,-0.734,0.818,-0.373
-0.000,1.000,0.000,0.000,0.000,-0.037,0.052,0.011,0.014,-0.015,-0.076,0.045,-0.179,0.156,-0.002,0.048,-0.205,0.261,-1.217,1.168,-1.043,0.619,-0.171,1.457,-0.700,0.290,-0.181,0.220,0.029,-0.011,0.787,1.256,0.344,-0.314,-1.282,-2.144,-0.884,0.261,-0.678,1.039,-0.283
0.195,0.981,0.000,0.000,0.000,-0.037,0.047,0.014,-0.010,0.009,-0.103,0.065,-0.184,0.201,-0.020,-0.027,-0.276,0.141,-1.227,1.171,-1.365,0.791,0.031,1.896,-0.724,0.341,-0.064,0.269,0.036,-0.014,0.792,0.940,0.277,-0.290,-1.243,-2.546,-0.977,0.401,-0.623,1.317,-0.334
0.383,0.924,0.000,0.000,0.000,-0.040,0.041,0.016,-0.034,0.032,-0.135,0.083,-0.181,0.243,-0.036,-0.132,-0.320,-0.004,-1.149,1.144,-1.659,0.735,0.295,1.828,-0.686,0.418,0.017,0.326,0.044,-0.015,0.799,0.795,0.237,-0.203,-1.191,-2.869,-1.152,0.458,-0.612,1.435,-0.415
0.556,0.831,0.000,0.000,0.000,-0.041,0.035,0.011,-0.053,0.053,-0.164,0.089,-0.167,0.255,-0.044,0.002,-0.252,-0.362,-0.780,0.986,-1.392,0.266,0.676,0.611,-0.354,0.329,0.143,0.302,0.051,-0.014,0.805,0.650,0.241,-0.233,-1.104,-2.736,-1.027,0.397,-0.517,1.185,-0.350
0.707,0.707,0.000,0.000,0.000,-0.039,0.031,-0.000,-0.062,0.070,-0.189,0.088,-0.147,0.253,-0.051,0.077,-0.196,-0.680,-0.357,0.788,-1.166,-0.006,0.904,-0.010,-0.349,0.268,0.238,0.226,0.056,-0.009,0.809,0.467,0.195,-0.261,-0.985,-2.631,-0.987,0.350,-0.401,1.042,-0.372
0.831,0.556,0.000,0.000,0.000,-0.038,0.027,-0.015,-0.067,0.084,-0.211,0.089,-0.127,0.251,-0.055,0.094,-0.144,-0.752,-0.159,0.671,-1.054,0.045,0.982,-0.018,-0.152,0.270,0.258,0.159,0.062,-0.004,0.812,0.524,0.130,-0.201,-0.954,-2.522,-1.051,0.367,-0.350,1.029,-0.332
0.924,0.383,0.000,0.000,0.000,-0.034,0.024,-0.030,-0.067,0.096,-0.226,0.088,-0.100,0.237,-0.062,0.232,-0.106,-0.795,0.068,0.535,-0.663,-0.007,1.292,-0.505,-0.359,0.198,0.201,0.119,0.066,0.000,0.816,0.522,0.104,-0.233,-0.908,-2.671,-0.928,0.361,-0.185,0.857,-0.443
0.981,0.195,0.000,0.000,0.000,-0.027,0.023,-0.046,-0.063,0.105,-0.233,0.082,-0.069,0.212,-0.064,0.348,-0.010,-0.832,0.270,0.410,-0.197,-0.228,1.358,-0.962,-0.045,0.124,0.162,0.044,0.070,0.003,0.817,0.399,0.086,-0.215,-0.809,-2.489,-0.746,0.290,-0.104,0.633,-0.362
1.000,-0.000,0.000,0.000,0.000,-0.019,0.024,-0.063,-0.055,0.111,-0.229,0.076,-0.038,0.180,-0.068,0.418,0.130,-0.885,0.465,0.296,0.285,-0.203,1.369,-1.234,-0.266,0.098,0.127,-0.071,0.071,0.006,0.818,0.192,0.152,-0.328,-0.740,-2.549,-0.496,0.281,0.051,0.452,-0.454
0.981,-0.195,0.000,0.000,0.000,-0.009,0.027,-0.080,-0.044,0.116,-0.218,0.071,-0.007,0.139,-0.095,0.465,0.149,-0.839,0.570,0.227,0.651,-0.088,1.240,-1.637,-0.363,0.087,0.073,-0.160,0.073,0.007,0.816,0.233,0.015,-0.262,-0.617,-2.223,-0.384,0.292,0.123,0.189,-0.377
0.924,-0.383,0.000,0.000,0.000,-0.000,0.032,-0.094,-0.034,0.121,-0.207,0.072,0.010,0.096,-0.125,0.399,0.343,-0.665,0.432,0.276,0.380,0.350,-1.088,1.134,-0.123,0.174,-0.048,-0.259,0.076,0.009,0.811,0.248,0.021,-0.189,-0.554,-1.951,-0.360,0.342,0.168,-0.243,-0.312
0.831,-0.556,0.000,0.000,0.000,0.014,0.033,-0.090,-0.042,0.133,-0.192,0.076,0.011,0.093,-0.115,0.885,-0.028,0.504,-0.683,0.690,0.925,0.094,0.416,-0.548,0.662,-0.157,-0.430,-0.031,0.076,0.003,0.807,0.205,0.084,-0.326,-0.540,-1.915,-0.534,0.384,0.193,-0.648,-0.304
0.707,-0.707,0.000,0.000,0.000,0.034,0.033,-0.082,-0.051,0.130,-0.171,0.076,0.022,0.074,-0.098,1.036,0.001,0.320,-0.357,-0.434,1.098,0.011,0.615,-1.114,0.954,-0.399,-0.426,0.061,0.069,-0.006,0.807,0.066,0.156,-0.374,-0.427,-1.998,-0.653,0.317,0.097,-0.901,-0.405
0.556,-0.831,0.000,0.000,0.000,0.053,0.030,-0.079,-0.055,0.112,-0.150,0.075,0.035,0.046,-0.075,0.851,-0.188,0.055,-0.214,-1.123,0.975,-0.092,0.591,-1.513,1.203,-0.398,-0.278,0.125,0.060,-0.014,0.809,-0.047,0.006,-0.276,-0.353,-1.891,-0.648,0.266,-0.052,-1.139,-0.471
0.383,-0.924,0.000,0.000,0.000,0.063,0.025,-0.082,-0.048,0.045,-0.135,0.073,0.046,0.014,-0.050,0.166,0.175,0.328,-0.651,-3.759,0.583,-0.029,0.529,-1.651,1.278,-0.199,-0.107,0.140,0.055,-0.016,0.811,-0.090,-0.022,-0.183,-0.043,-1.647,-0.899,0.211,-0.092,-1.273,-0.398
0.195,-0.981,0.000,0.000,0.000,0.059,0.017,-0.092,-0.008,-0.016,-0.129,0.071,0.054,-0.017,-0.025,-0.593,0.004,0.397,0.347,-2.572,0.117,-0.025,0.455,-1.634,1.292,0.102,-0.019,0.112,0.055,-0.017,0.814,-0.113,-0.067,-0.197,0.468,-1.087,-1.174,0.128,-0.100,-1.341,-0.093
0.000,-1.000,0.000,0.000,0.000,0.042,0.009,-0.103,0.059,-0.047,-0.130,0.069,0.057,-0.044,-0.002,-1.050,-0.116,0.177,1.745,-0.915,-0.205,-0.062,0.183,-1.366,1.149,0.352,0.084,0.117,0.061,-0.017,0.815,-0.008,-0.051,-0.328,0.931,-0.590,-1.397,0.075,-0.069,-1.295,-0.102
-0.195,-0.981,0.000,0.000,0.000,0.021,0.002,-0.107,0.117,-0.060,-0.136,0.067,0.057,-0.068,0.020,-1.149,-0.263,0.149,2.202,-0.366,-0.320,-0.094,-0.077,-1.146,1.075,0.471,0.169,0.080,0.070,-0.015,0.816,-0.020,-0.051,-0.361,1.070,-0.424,-1.369,0.093,-0.030,-1.258,-0.178
-0.383,-0.924,0.000,0.000,0.000,-0.002,-0.004,-0.104,0.164,-0.065,-0.143,0.064,0.053,-0.088,0.040,-1.135,-0.260,0.298,2.003,-0.160,-0.338,-0.142,-0.268,-0.925,0.964,0.488,0.236,0.098,0.080,-0.011,0.817,-0.097,-0.055,-0.355,1.141,-0.380,-1.311,0.107,0.027,-1.204,-0.227
-0.556,-0.831,0.000,0.000,0.000,-0.023,0.000,-0.095,0.196,-0.061,-0.146,0.061,0.047,-0.105,0.058,-0.898,0.166,0.471,1.447,0.261,-0.109,-0.189,-0.287,-0.813,0.887,0.343,0.246,0.129,0.088,-0.006,0.820,-0.181,0.058,-0.365,1.095,-0.216,-1.007,0.165,0.172,-1.116,-0.155
-0.707,-0.707,0.000,0.000,0.000,-0.039,0.013,-0.079,0.210,-0.051,-0.146,0.058,0.042,-0.119,0.074,-0.709,0.518,0.751,0.725,0.486,0.144,-0.216,-0.311,-0.583,0.737,0.133,0.196,0.159,0.092,-0.002,0.823,-0.359,0.168,-0.244,0.986,-0.083,-0.701,0.190,0.192,-1.052,-0.205
-0.831,-0.556,0.000,0.000,0.000,-0.053,0.023,-0.059,0.215,-0.050,-0.141,0.054,0.033,-0.122,0.084,-0.627,0.400,0.997,0.313,0.022,0.264,-0.200,-0.531,-0.027,0.437,0.006,0.165,0.176,0.093,0.001,0.827,-0.434,0.172,-0.080,0.934,-0.230,-0.661,0.199,0.095,-0.927,-0.360
-0.924,-0.383,0.000,0.000,0.000,-0.066,0.034,-0.037,0.210,-0.047,-0.135,0.050,0.019,-0.117,0.090,-0.628,0.483,0.987,-0.146,0.097,0.403,-0.198,-0.731,0.400,0.216,-0.112,0.149,0.181,0.092,0.004,0.831,-0.584,0.231,-0.062,0.791,-0.232,-0.526,0.235,0.079,-0.826,-0.549
-0.981,-0.195,0.000,0.000,0.000,-0.079,0.041,-0.019,0.201,-0.059,-0.126,0.047,-0.000,-0.100,0.090,-0.660,0.265,0.756,-0.407,-0.697,0.469,-0.170,-1.021,0.957,-0.056,-0.208,0.169,0.171,0.089,0.006,0.834,-0.604,0.209,-0.100,0.681,-0.635,-0.584,0.295,0.046,-0.602,-0.682
-1.000,-0.000,0.000,0.000,0.000,-0.092,0.049,-0.005,0.172,-0.078,-0.115,0.044,-0.024,-0.077,0.087,-0.359,0.190,0.409,-1.149,-1.024,0.747,-0.130,-1.221,1.186,-0.132,-0.307,0.192,0.137,0.083,0.010,0.838,-0.670,0.278,-0.170,0.357,-0.858,-0.512,0.311,-0.038,-0.473,-0.742
-0.981,0.195,0.000,0.000,0.000,-0.093,0.067,0.003,0.128,-0.095,-0.095,0.043,-0.051,-0.051,0.085,0.041,0.790,0.042,-1.831,-0.910,1.106,-0.069,-1.369,1.347,-0.177,-0.723,0.216,0.046,0.071,0.014,0.839,-0.706,0.438,-0.211,0.045,-0.885,-0.335,0.292,-0.143,-0.339,-1.014
-0.924,0.383,0.000,0.000,0.000,-0.091,0.081,0.009,0.061,-0.121,-0.072,0.041,-0.082,-0.018,0.079,0.114,0.535,-0.065,-2.655,-1.421,1.196,-0.134,-1.609,1.738,-0.351,-0.808,0.234,0.090,0.055,0.018,0.841,-0.433,0.452,-0.101,-0.406,-1.129,-0.372,0.183,-0.386,-0.177,-1.061
-0.831,0.556,0.000,0.000,0.000,-0.081,0.083,0.000,0.015,-0.097,-0.045,0.037,-0.115,0.018,0.071,1.078,-0.767,-1.865,1.136,6.956,1.486,-0.270,-1.648,1.788,-0.364,-0.999,0.239,0.199,0.037,0.023,0.845,-0.049,0.445,-0.182,-0.654,-0.927,-0.482,0.091,-0.472,-0.037,-0.863
-0.707,0.707,0.000,0.000,0.000,-0.057,0.079,-0.022,0.037,-0.043,-0.021,0.032,-0.132,0.041,0.067,0.862,-0.253,-0.914,1.755,-0.581,0.869,-0.273,-0.333,0.672,-0.034,-0.713,-0.135,0.304,0.018,0.024,0.850,0.419,0.342,-0.126,-0.872,-1.286,-0.483,-0.011,-0.521,0.139,-0.645
-0.556,0.831,0.000,0.000,0.000,-0.050,0.075,-0.023,0.048,-0.044,-0.020,0.034,-0.135,0.068,0.041,0.107,-0.190,0.429,-0.054,0.208,-0.341,0.369,0.251,0.833,-1.652,0.077,-0.538,0.252,0.015,0.016,0.854,0.766,0.303,-0.105,-1.166,-1.235,-0.558,0.121,-0.506,0.591,-0.726
-0.383,0.924,0.000,0.000,0.000,-0.050,0.071,-0.013,0.039,-0.034,-0.031,0.038,-0.135,0.083,0.009,0.002,-0.181,0.475,-0.658,0.645,-0.617,0.114,-0.090,0.596,-1.528,0.326,-0.460,0.205,0.021,0.005,0.859,0.988,0.288,-0.131,-1.094,-1.765,-0.555,0.122,-0.692,0.469,-0.675
-0.195,0.981,0.000,0.000,0.000,-0.051,0.068,-0.005,0.022,-0.018,-0.048,0.045,-0.147,0.116,-0.011,-0.005,-0.205,0.388,-0.974,0.870,-0.891,0.199,-0.451,1.129,-0.777,0.391,-0.264,0.194,0.029,-0.002,0.863,1.211,0.297,-0.233,-1.177,-2.086,-0.746,0.178,-0.709,0.797,-0.414
-0.000,1.000,0.000,0.000,0.000,-0.051,0.065,0.003,-0.000,0.000,-0.072,0.062,-0.158,0.148,-0.024,0.035,-0.145,0.379,-1.177,0.982,-1.184,0.635,-0.344,1.268,-0.502,0.387,-0.162,0.148,0.037,-0.006,0.865,1.212,0.377,-0.238,-1.233,-1.864,-0.934,0.331,-0.642,0.957,-0.301
0.195,0.981,0.000,0.000,0.000,-0.051,0.061,0.008,-0.023,0.021,-0.102,0.085,-0.167,0.191,-0.037,0.021,-0.233,0.219,-1.090,1.054,-1.504,0.894,-0.232,1.743,-0.494,0.394,-0.077,0.214,0.044,-0.008,0.869,0.960,0.305,-0.237,-1.206,-2.320,-1.081,0.495,-0.634,1.239,-0.328
0.383,0.924,0.000,0.000,0.000,-0.052,0.056,0.010,-0.043,0.040,-0.138,0.104,-0.172,0.234,-0.049,-0.081,-0.318,0.053,-0.947,0.926,-1.870,0.787,-0.015,1.826,-0.544,0.465,-0.008,0.319,0.052,-0.010,0.874,0.882,0.276,-0.187,-1.190,-2.691,-1.277,0.547,-0.638,1.402,-0.416
0.556,0.831,0.000,0.000,0.000,-0.052,0.049,0.007,-0.057,0.057,-0.172,0.109,-0.163,0.245,-0.054,0.032,-0.296,-0.308,-0.583,0.788,-1.681,0.238,0.381,0.611,-0.210,0.389,0.110,0.333,0.059,-0.009,0.880,0.710,0.272,-0.236,-1.100,-2.587,-1.169,0.467,-0.563,1.149,-0.338
0.707,0.707,0.000,0.000,0.000,-0.051,0.043,-0.003,-0.063,0.070,-0.203,0.109,-0.150,0.243,-0.057,0.120,-0.246,-0.602,-0.196,0.608,-1.489,0.000,0.599,-0.016,-0.115,0.313,0.199,0.273,0.067,-0.004,0.888,0.559,0.228,-0.242,-0.979,-2.523,-1.157,0.430,-0.485,1.004,-0.313
0.831,0.556,0.000,0.000,0.000,-0.047,0.039,-0.016,-0.065,0.081,-0.230,0.109,-0.136,0.242,-0.057,0.183,-0.210,-0.658,-0.019,0.504,-1.314,-0.029,0.741,-0.017,-0.012,0.274,0.207,0.223,0.073,-0.002,0.893,0.604,0.168,-0.204,-0.954,-2.431,-1.200,0.427,-0.422,0.998,-0.272
0.924,0.383,0.000,0.000,0.000,-0.041,0.035,-0.029,-0.063,0.089,-0.249,0.104,-0.112,0.228,-0.059,0.387,-0.154,-0.678,0.188,0.373,-0.787,-0.151,1.105,-0.487,-0.100,0.154,0.140,0.175,0.077,0.002,0.897,0.574,0.155,-0.231,-0.906,-2.611,-1.019,0.397,-0.260,0.830,-0.327
0.981,0.195,0.000,0.000,0.000,-0.030,0.033,-0.043,-0.056,0.095,-0.256,0.094,-0.084,0.202,-0.058,0.576,-0.037,-0.705,0.375,0.252,-0.166,-0.360,1.240,-0.992,0.044,0.026,0.097,0.081,0.078,0.003,0.900,0.441,0.138,-0.215,-0.803,-2.452,-0.783,0.318,-0.173,0.589,-0.284
1.000,-0.000,0.000,0.000,0.000,-0.016,0.033,-0.057,-0.046,0.099,-0.250,0.085,-0.054,0.171,-0.061,0.682,0.093,-0.741,0.536,0.157,0.414,-0.322,1.327,-1.208,-0.193,-0.024,0.055,-0.037,0.078,0.005,0.900,0.222,0.196,-0.335,-0.737,-2.567,-0.507,0.303,0.007,0.428,-0.380
0.981,-0.195,0.000,0.000,0.000,-0.002,0.035,-0.071,-0.035,0.101,-0.235,0.079,-0.024,0.131,-0.085,0.722,0.114,-0.681,0.571,0.127,0.903,-0.178,1.256,-1.543,-0.275,-0.033,0.010,-0.105,0.077,0.006,0.898,0.230,0.080,-0.275,-0.633,-2.298,-0.365,0.307,0.095,0.184,-0.299
0.924,-0.383,0.000,0.000,0.000,0.012,0.039,-0.082,-0.026,0.105,-0.218,0.078,-0.005,0.091,-0.111,0.620,0.301,-0.534,0.379,0.218,0.593,0.349,-1.099,1.311,-0.016,0.076,-0.070,-0.203,0.077,0.004,0.896,0.237,0.070,-0.216,-0.588,-2.075,-0.303,0.344,0.156,-0.216,-0.257
0.831,-0.556,0.000,0.000,0.000,0.030,0.039,-0.075,-0.036,0.116,-0.199,0.080,-0.004,0.090,-0.100,1.056,-0.084,0.591,-0.776,0.675,1.107,0.056,0.455,-0.485,0.658,-0.212,-0.415,0.013,0.076,0.000,0.893,0.198,0.138,-0.334,-0.570,-2.015,-0.469,0.396,0.203,-0.609,-0.292
0.707,-0.707,0.000,0.000,0.000,0.053,0.038,-0.066,-0.047,0.115,-0.175,0.080,0.009,0.072,-0.083,1.145,-0.038,0.391,-0.487,-0.437,1.224,-0.038,0.659,-1.107,0.955,-0.413,-0.392,0.116,0.069,-0.008,0.895,0.073,0.200,-0.370,-0.473,-2.125,-0.605,0.344,0.126,-0.869,-0.361
0.556,-0.831,0.000,0.000,0.000,0.073,0.034,-0.062,-0.054,0.096,-0.152,0.078,0.022,0.043,-0.061,0.885,-0.260,0.092,-0.298,-1.117,1.057,-0.131,0.639,-1.549,1.205,-0.378,-0.211,0.168,0.061,-0.014,0.895,-0.049,0.047,-0.268,-0.395,-2.003,-0.589,0.295,-0.017,-1.124,-0.406
0.383,-0.924,0.000,0.000,0.000,0.082,0.028,-0.066,-0.044,0.034,-0.136,0.075,0.034,0.010,-0.036,0.335,-0.623,-0.473,0.773,-2.489,0.676,-0.150,0.542,-1.687,1.284,-0.138,-0.099,0.120,0.056,-0.017,0.899,-0.087,0.009,-0.157,-0.068,-1.688,-0.844,0.241,-0.054,-1.272,-0.306
0.195,-0.981,0.000,0.000,0.000,0.075,0.022,-0.076,-0.010,-0.031,-0.129,0.072,0.044,-0.023,-0.010,-0.685,-0.253,-0.058,1.030,-2.947,0.160,-0.108,0.445,-1.670,1.283,0.171,0.020,0.140,0.058,-0.017,0.902,-0.116,-0.052,-0.179,0.394,-1.222,-1.129,0.142,-0.101,-1.360,-0.152
-0.000,-1.000,0.000,0.000,0.000,0.056,0.012,-0.092,0.055,-0.061,-0.130,0.069,0.047,-0.052,0.013,-1.155,-0.240,-0.125,1.895,-0.863,-0.152,-0.114,0.161,-1.409,1.149,0.404,0.168,0.145,0.065,-0.016,0.906,0.016,-0.058,-0.333,0.910,-0.609,-1.338,0.075,-0.094,-1.303,-0.139
-0.195,-0.981,0.000,0.000,0.000,0.032,0.003,-0.101,0.117,-0.069,-0.135,0.066,0.046,-0.076,0.034,-1.247,-0.321,-0.123,2.298,-0.179,-0.265,-0.123,-0.100,-1.156,1.052,0.504,0.244,0.115,0.074,-0.012,0.907,0.026,-0.057,-0.399,1.093,-0.381,-1.353,0.094,-0.043,-1.247,-0.122
-0.383,-0.924,0.000,0.000,0.000,0.007,-0.002,-0.103,0.164,-0.070,-0.140,0.064,0.042,-0.095,0.053,-1.220,-0.228,0.095,2.029,0.020,-0.275,-0.148,-0.272,-0.895,0.910,0.537,0.290,0.101,0.084,-0.006,0.908,-0.055,-0.034,-0.394,1.144,-0.314,-1.292,0.114,0.027,-1.177,-0.122
-0.556,-0.831,0.000,0.000,0.000,-0.015,0.002,-0.098,0.197,-0.062,-0.143,0.060,0.036,-0.111,0.070,-0.985,0.159,0.278,1.482,0.466,-0.057,-0.202,-0.280,-0.753,0.810,0.392,0.274,0.143,0.094,-0.001,0.912,-0.152,0.068,-0.419,1.108,-0.141,-1.006,0.156,0.162,-1.100,-0.095
-0.707,-0.707,0.000,0.000,0.000,-0.033,0.017,-0.085,0.212,-0.048,-0.140,0.056,0.032,-0.125,0.085,-0.785,0.595,0.611,0.764,0.660,0.229,-0.222,-0.229,-0.575,0.672,0.159,0.190,0.172,0.097,0.004,0.916,-0.361,0.201,-0.302,1.002,-0.005,-0.640,0.192,0.206,-1.050,-0.120
-0.831,-0.556,0.000,0.000,0.000,-0.049,0.027,-0.067,0.218,-0.044,-0.135,0.052,0.025,-0.129,0.094,-0.737,0.424,0.908,0.339,0.148,0.339,-0.213,-0.399,-0.049,0.377,0.034,0.123,0.201,0.101,0.005,0.920,-0.465,0.193,-0.131,0.951,-0.157,-0.617,0.195,0.113,-0.947,-0.283
-0.924,-0.383,0.000,0.000,0.000,-0.065,0.039,-0.047,0.214,-0.042,-0.127,0.048,0.014,-0.123,0.099,-0.764,0.470,0.918,-0.113,0.057,0.464,-0.211,-0.600,0.390,0.148,-0.070,0.107,0.202,0.100,0.008,0.924,-0.612,0.244,-0.113,0.814,-0.226,-0.494,0.223,0.090,-0.849,-0.559
-0.981,-0.195,0.000,0.000,0.000,-0.081,0.047,-0.029,0.204,-0.052,-0.117,0.045,-0.002,-0.108,0.098,-0.795,0.341,0.734,-0.408,-0.581,0.559,-0.163,-0.842,0.877,-0.090,-0.169,0.101,0.180,0.097,0.008,0.926,-0.668,0.247,-0.142,0.695,-0.559,-0.494,0.296,0.078,-0.654,-0.683
-1.000,-0.000,0.000,0.000,0.000,-0.096,0.057,-0.015,0.177,-0.071,-0.104,0.043,-0.022,-0.087,0.095,-0.374,0.142,0.440,-1.045,-1.047,0.906,-0.090,-1.020,1.040,-0.126,-0.267,0.142,0.111,0.093,0.013,0.931,-0.744,0.319,-0.172,0.405,-0.818,-0.440,0.303,-0.041,-0.560,-0.794
-0.981,0.195,0.000,0.000,0.000,-0.095,0.076,-0.007,0.137,-0.086,-0.079,0.043,-0.044,-0.065,0.093,0.108,0.833,0.066,-1.675,-0.797,1.299,0.011,-1.200,1.233,-0.100,-0.789,0.158,-0.006,0.080,0.013,0.931,-0.798,0.485,-0.241,0.122,-0.807,-0.280,0.296,-0.086,-0.466,-1.057
-0.924,0.383,0.000,0.000,0.000,-0.093,0.090,0.001,0.071,-0.110,-0.054,0.043,-0.072,-0.032,0.085,0.097,0.589,0.026,-2.613,-1.359,1.297,-0.020,-1.508,1.761,-0.431,-0.840,0.178,0.009,0.063,0.018,0.931,-0.519,0.495,-0.114,-0.340,-1.067,-0.345,0.207,-0.339,-0.289,-1.146
-0.831,0.556,0.000,0.000,0.000,-0.090,0.097,0.003,0.004,-0.127,-0.028,0.041,-0.104,0.006,0.075,0.260,0.275,-0.234,-2.647,-0.830,1.346,-0.134,-1.559,1.919,-0.501,-0.879,0.166,0.116,0.046,0.021,0.934,-0.144,0.485,-0.149,-0.629,-0.920,-0.504,0.119,-0.428,-0.146,-0.987
-0.707,0.707,0.000,0.000,0.000,-0.067,0.093,-0.018,0.016,-0.029,-0.001,0.040,-0.126,0.036,0.068,1.042,-0.070,-1.153,2.111,-0.697,1.055,-0.084,-0.628,1.035,-0.186,-0.883,0.008,0.155,0.027,0.023,0.935,0.317,0.422,-0.141,-0.811,-0.716,-0.487,0.131,-0.444,0.071,-0.623
-0.556,0.831,0.000,0.000,0.000,-0.057,0.091,-0.020,0.030,-0.030,0.002,0.044,-0.131,0.062,0.051,0.214,-0.078,0.317,0.016,0.281,-0.269,0.142,0.041,1.089,-1.521,-0.003,-0.478,0.099,0.021,0.014,0.938,0.759,0.441,-0.141,-1.271,-0.966,-0.464,0.132,-0.509,0.558,-0.465
-0.383,0.924,0.000,0.000,0.000,-0.056,0.089,-0.012,0.022,-0.021,-0.011,0.047,-0.134,0.089,0.015,0.014,-0.152,0.469,-0.605,0.573,-0.782,0.080,-0.044,1.063,-1.647,0.330,-0.424,0.162,0.026,0.006,0.939,0.991,0.365,-0.192,-1.173,-1.681,-0.564,0.152,-0.609,0.638,-0.651
-0.195,0.981,0.000,0.000,0.000,-0.056,0.086,-0.003,0.005,-0.006,-0.033,0.059,-0.142,0.123,-0.008,0.009,-0.177,0.439,-0.963,0.855,-1.108,0.417,-0.283,1.274,-0.946,0.399,-0.270,0.161,0.034,-0.001,0.943,1.156,0.356,-0.185,-1.201,-1.915,-0.719,0.285,-0.671,0.838,-0.469
-0.000,1.000,0.000,0.000,0.000,-0.056,0.083,0.004,-0.015,0.012,-0.060,0.076,-0.151,0.159,-0.023,0.067,-0.179,0.328,-1.065,0.931,-1.350,0.636,-0.310,1.415,-0.625,0.394,-0.141,0.172,0.043,-0.005,0.947,1.112,0.395,-0.213,-1.226,-1.970,-0.909,0.394,-0.646,1.019,-0.368
0.195,0.981,0.000,0.000,0.000,-0.055,0.078,0.007,-0.034,0.031,-0.092,0.094,-0.160,0.194,-0.036,0.074,-0.249,0.061,-0.935,0.979,-1.636,0.713,-0.310,1.463,-0.569,0.364,-0.006,0.236,0.049,-0.006,0.949,1.011,0.358,-0.242,-1.182,-2.200,-1.077,0.487,-0.672,1.164,-0.392
0.383,0.924,0.000,0.000,0.000,-0.056,0.073,0.006,-0.049,0.048,-0.132,0.115,-0.167,0.233,-0.047,-0.042,-0.309,-0.040,-0.747,0.817,-2.069,0.817,-0.105,1.613,-0.435,0.431,0.027,0.313,0.057,-0.007,0.955,0.898,0.323,-0.142,-1.137,-2.432,-1.293,0.599,-0.662,1.347,-0.374
0.556,0.831,0.000,0.000,0.000,-0.056,0.066,0.003,-0.061,0.063,-0.172,0.121,-0.163,0.254,-0.053,0.005,-0.313,-0.276,-0.476,0.701,-2.006,0.254,0.216,0.968,-0.245,0.412,0.083,0.339,0.065,-0.006,0.962,0.742,0.321,-0.202,-1.090,-2.574,-1.275,0.516,-0.604,1.269,-0.348
0.707,0.707,0.000,0.000,0.000,-0.054,0.060,-0.006,-0.066,0.075,-0.208,0.120,-0.150,0.251,-0.053,0.153,-0.262,-0.529,-0.127,0.536,-1.689,-0.015,0.619,-0.003,-0.006,0.302,0.141,0.297,0.072,-0.004,0.969,0.584,0.295,-0.250,-1.006,-2.538,-1.180,0.476,-0.477,1.040,-0.248
0.831,0.556,0.000,0.000,0.000,-0.049,0.055,-0.019,-0.065,0.084,-0.238,0.119,-0.134,0.242,-0.052,0.264,-0.211,-0.710,0.146,0.406,-1.417,-0.032,0.729,-0.335,0.070,0.221,0.187,0.224,0.077,-0.000,0.974,0.560,0.231,-0.247,-0.920,-2.402,-1.202,0.475,-0.430,0.923,-0.224
0.924,0.383,0.000,0.000,0.000,-0.041,0.051,-0.033,-0.059,0.090,-0.260,0.113,-0.113,0.226,-0.049,0.421,-0.183,-0.733,0.319,0.303,-0.935,-0.242,0.977,-0.605,0.132,0.135,0.148,0.211,0.081,0.002,0.979,0.526,0.188,-0.247,-0.862,-2.492,-1.078,0.415,-0.303,0.794,-0.185
0.981,0.195,0.000,0.000,0.000,-0.030,0.048,-0.046,-0.052,0.095,-0.268,0.102,-0.085,0.198,-0.050,0.597,-0.069,-0.632,0.388,0.223,-0.272,-0.413,1.246,-1.025,-0.057,0.028,0.054,0.114,0.082,0.003,0.982,0.392,0.200,-0.215,-0.811,-2.458,-0.802,0.345,-0.163,0.577,-0.293
1.000,0.000,0.000,0.000,0.000,-0.015,0.049,-0.059,-0.042,0.098,-0.263,0.091,-0.055,0.162,-0.050,0.808,0.091,-0.644,0.521,0.136,0.462,-0.386,1.281,-1.443,-0.047,-0.095,0.005,-0.038,0.081,0.004,0.983,0.360,0.229,-0.271,-0.739,-2.417,-0.540,0.310,-0.048,0.323,-0.301
0.981,-0.195,0.000,0.000,0.000,0.003,0.051,-0.071,-0.031,0.100,-0.245,0.080,-0.027,0.123,-0.086,0.884,0.132,-0.560,0.567,0.100,1.048,-0.492,1.175,-1.561,-2.498,-0.132,-0.053,-0.104,0.079,0.004,0.979,0.268,0.168,-0.265,-0.640,-2.225,-0.344,0.280,0.085,0.170,-0.335
0.924,-0.383,0.000,0.000,0.000,0.020,0.054,-0.080,-0.022,0.103,-0.224,0.079,-0.010,0.090,-0.102,0.783,0.224,-0.437,0.357,0.219,0.765,0.278,-0.970,1.292,-0.131,-0.031,-0.128,-0.173,0.077,0.002,0.977,0.250,0.129,-0.275,-0.618,-2.258,-0.244,0.345,0.179,-0.122,-0.146
0.831,-0.556,0.000,0.000,0.000,0.041,0.053,-0.072,-0.032,0.115,-0.202,0.080,-0.007,0.089,-0.092,1.180,-0.163,0.602,-0.798,0.698,1.238,-0.015,0.504,-0.491,0.639,-0.290,-0.425,0.090,0.074,-0.004,0.976,0.167,0.167,-0.334,-0.605,-2.072,-0.327,0.389,0.185,-0.563,-0.275
0.707,-0.707,0.000,0.000,0.000,0.066,0.050,-0.062,-0.045,0.116,-0.176,0.079,0.007,0.070,-0.076,1.227,-0.120,0.417,-0.545,-0.359,1.317,-0.100,0.709,-1.106,0.900,-0.466,-0.394,0.183,0.068,-0.014,0.978,0.071,0.215,-0.359,-0.479,-2.204,-0.546,0.358,0.144,-0.864,-0.379
0.556,-0.831,0.000,0.000,0.000,0.084,0.046,-0.055,-0.060,0.094,-0.153,0.076,0.021,0.042,-0.054,0.615,0.218,0.527,-1.273,-2.863,1.044,-0.152,0.685,-1.517,1.170,-0.361,-0.231,0.220,0.058,-0.018,0.984,-0.111,0.084,-0.242,-0.449,-2.026,-0.529,0.301,0.015,-1.096,-0.377
0.383,-0.924,0.000,0.000,0.000,0.092,0.035,-0.059,-0.049,0.036,-0.137,0.072,0.033,0.009,-0.030,0.009,-0.287,0.147,-0.059,-4.080,0.639,-0.122,0.606,-1.729,1.289,-0.120,-0.101,0.141,0.052,-0.020,0.987,-0.110,-0.015,-0.114,-0.075,-1.592,-0.820,0.223,-0.095,-1.314,-0.286
0.195,-0.981,0.000,0.000,0.000,0.082,0.027,-0.070,-0.016,-0.020,-0.131,0.070,0.043,-0.025,-0.004,-0.894,-0.102,0.218,0.366,-2.690,0.096,-0.061,0.498,-1.725,1.303,0.233,0.043,0.146,0.055,-0.021,0.989,-0.142,-0.043,-0.124,0.377,-1.139,-1.159,0.129,-0.119,-1.383,-0.083
0.000,-1.000,0.000,0.000,0.000,0.060,0.015,-0.086,0.052,-0.053,-0.132,0.067,0.047,-0.053,0.020,-1.328,-0.263,0.014,1.677,-0.982,-0.215,-0.051,0.211,-1.449,1.173,0.461,0.147,0.126,0.063,-0.020,0.992,0.013,-0.071,-0.309,0.912,-0.650,-1.375,0.094,-0.075,-1.303,0.020
-0.195,-0.981,0.000,0.000,0.000,0.033,0.001,-0.096,0.115,-0.064,-0.138,0.065,0.045,-0.077,0.041,-1.409,-0.478,-0.127,2.264,-0.257,-0.342,-0.070,-0.141,-1.141,1.058,0.592,0.246,0.061,0.074,-0.016,0.992,0.014,-0.103,-0.380,1.096,-0.408,-1.396,0.085,-0.082,-1.258,-0.094
-0.383,-0.924,0.000,0.000,0.000,0.006,-0.003,-0.102,0.169,-0.065,-0.144,0.063,0.040,-0.096,0.060,-1.320,-0.199,-0.088,2.235,0.086,-0.293,-0.125,-0.344,-0.886,0.932,0.568,0.320,0.052,0.086,-0.012,0.994,-0.054,-0.032,-0.441,1.213,-0.279,-1.284,0.094,0.001,-1.174,-0.195
-0.556,-0.831,0.000,0.000,0.000,-0.017,0.001,-0.096,0.196,-0.058,-0.147,0.060,0.034,-0.113,0.078,-1.028,0.149,0.309,1.301,0.308,-0.033,-0.173,-0.318,-0.765,0.835,0.393,0.288,0.106,0.095,-0.005,0.995,-0.173,0.062,-0.381,1.062,-0.172,-0.955,0.146,0.124,-1.104,-0.191
-0.707,-0.707,0.000,0.000,0.000,-0.035,0.014,-0.085,0.213,-0.048,-0.144,0.057,0.028,-0.125,0.093,-0.745,0.532,0.538,0.819,0.547,0.279,-0.215,-0.296,-0.556,0.687,0.143,0.220,0.160,0.101,0.000,0.999,-0.307,0.180,-0.311,1.023,-0.043,-0.674,0.170,0.169,-1.044,-0.153
-0.831,-0.556,0.000,0.000,0.000,-0.050,0.026,-0.068,0.220,-0.042,-0.137,0.053,0.020,-0.130,0.103,-0.667,0.521,0.852,0.384,0.240,0.436,-0.229,-0.416,-0.067,0.399,-0.005,0.140,0.201,0.100,0.002,1.003,-0.457,0.212,-0.148,0.968,-0.114,-0.562,0.175,0.105,-0.942,-0.284
-0.924,-0.383,0.000,0.000,0.000,-0.064,0.036,-0.047,0.216,-0.041,-0.127,0.048,0.009,-0.123,0.106,-0.727,0.392,0.959,-0.101,0.021,0.512,-0.246,-0.645,0.481,0.107,-0.088,0.112,0.235,0.100,0.005,1.007,-0.596,0.216,-0.086,0.833,-0.220,-0.506,0.195,0.051,-0.813,-0.536
-0.981,-0.195,0.000,0.000,0.000,-0.080,0.042,-0.030,0.206,-0.053,-0.117,0.044,-0.008,-0.106,0.105,-0.778,0.268,0.718,-0.410,-0.697,0.583,-0.217,-0.901,0.967,-0.127,-0.169,0.109,0.230,0.096,0.007,1.012,-0.644,0.215,-0.165,0.699,-0.618,-0.533,0.275,0.059,-0.624,-0.658
-1.000,-0.000,0.000,0.000,0.000,-0.095,0.054,-0.015,0.176,-0.072,-0.103,0.041,-0.030,-0.083,0.101,-0.384,0.225,0.422,-1.162,-1.084,0.916,-0.129,-1.086,1.122,-0.153,-0.257,0.144,0.140,0.093,0.010,1.015,-0.736,0.327,-0.191,0.371,-0.847,-0.454,0.294,-0.065,-0.524,-0.776
-0.981,0.195,0.000,0.000,0.000,-0.095,0.075,-0.008,0.136,-0.088,-0.079,0.040,-0.053,-0.060,0.099,0.098,0.922,0.068,-1.721,-0.808,1.309,-0.017,-1.254,1.320,-0.113,-0.766,0.168,0.032,0.081,0.013,1.016,-0.779,0.503,-0.236,0.109,-0.814,-0.278,0.277,-0.126,-0.440,-1.092
-0.924,0.383,0.000,0.000,0.000,-0.093,0.091,-0.000,0.069,-0.112,-0.052,0.040,-0.082,-0.026,0.091,0.092,0.657,0.022,-2.626,-1.301,1.337,-0.061,-1.497,1.743,-0.412,-0.839,0.172,0.047,0.063,0.016,1.018,-0.478,0.512,-0.124,-0.353,-1.054,-0.312,0.188,-0.357,-0.294,-1.130
-0.831,0.556,0.000,0.000,0.000,-0.086,0.093,-0.004,0.019,-0.089,-0.024,0.037,-0.112,0.009,0.083,0.910,-1.109,-1.498,0.903,6.504,1.493,-0.174,-1.509,1.731,-0.379,-0.922,0.155,0.132,0.046,0.019,1.020,-0.149,0.518,-0.158,-0.650,-0.867,-0.444,0.110,-0.440,-0.189,-0.968
-0.707,0.707,0.000,0.000,0.000,-0.062,0.092,-0.014,-0.003,0.013,0.005,0.034,-0.135,0.040,0.076,1.324,-0.313,-2.215,3.811,-2.040,1.370,-0.290,-1.046,1.390,-0.289,-0.974,-0.099,0.098,0.026,0.019,1.023,0.372,0.369,-0.130,-0.783,-1.248,-0.496,0.022,-0.490,0.021,-0.728
-0.556,0.831,0.000,0.000,0.000,-0.049,0.087,-0.027,0.033,-0.008,0.010,0.043,-0.142,0.070,0.051,0.302,-0.251,-0.001,0.809,-0.518,-0.310,0.420,0.122,1.284,-2.297,-0.111,-0.510,0.231,0.018,0.014,1.028,0.774,0.382,-0.147,-1.282,-1.260,-0.544,0.169,-0.527,0.631,-0.783
-0.383,0.924,0.000,0.000,0.000,-0.047,0.083,-0.020,0.033,-0.009,-0.002,0.046,-0.142,0.089,0.028,0.017,-0.195,0.470,-0.395,0.235,-0.781,0.237,-0.080,0.973,-1.725,0.298,-0.533,0.220,0.019,0.002,1.033,1.042,0.360,-0.172,-1.152,-1.742,-0.542,0.159,-0.672,0.521,-0.751
-0.195,0.981,0.000,0.000,0.000,-0.049,0.078,-0.012,0.018,0.001,-0.025,0.052,-0.152,0.125,0.003,-0.119,-0.248,0.435,-0.878,0.652,-1.220,0.124,-0.403,1.331,-0.989,0.462,-0.328,0.231,0.029,-0.006,1.037,1.293,0.345,-0.263,-1.212,-2.202,-0.741,0.178,-0.724,0.868,-0.439
-0.000,1.000,0.000,0.000,0.000,-0.053,0.074,-0.002,-0.005,0.018,-0.058,0.069,-0.161,0.156,-0.014,-0.190,-0.214,0.456,-1.250,0.941,-1.696,0.632,-0.283,1.250,-0.711,0.541,-0.213,0.222,0.039,-0.011,1.040,1.223,0.401,-0.265,-1.272,-2.021,-0.966,0.358,-0.646,0.975,-0.342
0.195,0.981,0.000,0.000,0.000,-0.057,0.069,0.003,-0.027,0.038,-0.096,0.090,-0.170,0.194,-0.033,-0.155,-0.302,0.145,-1.073,0.936,-1.943,0.817,-0.241,1.552,-0.847,0.534,-0.045,0.281,0.050,-0.013,1.046,0.931,0.330,-0.315,-1.219,-2.557,-1.110,0.504,-0.642,1.208,-0.450
0.383,0.924,0.000,0.000,0.000,-0.061,0.062,0.004,-0.048,0.057,-0.141,0.114,-0.173,0.233,-0.050,-0.185,-0.403,0.022,-0.968,0.952,-2.261,0.973,0.066,1.663,-0.707,0.546,0.006,0.379,0.061,-0.014,1.052,0.886,0.278,-0.227,-1.210,-2.926,-1.361,0.633,-0.605,1.374,-0.460
0.556,0.831,0.000,0.000,0.000,-0.062,0.054,-0.000,-0.062,0.074,-0.181,0.119,-0.163,0.244,-0.056,0.003,-0.369,-0.366,-0.542,0.785,-1.893,0.245,0.475,0.604,-0.252,0.405,0.123,0.401,0.071,-0.013,1.061,0.669,0.292,-0.285,-1.112,-2.834,-1.203,0.515,-0.531,1.151,-0.353
0.707,0.707,0.000,0.000,0.000,-0.059,0.047,-0.011,-0.068,0.087,-0.213,0.116,-0.146,0.238,-0.057,0.181,-0.272,-0.670,-0.156,0.616,-1.490,-0.092,0.742,-0.177,-0.081,0.274,0.217,0.320,0.076,-0.010,1.069,0.545,0.266,-0.300,-1.015,-2.726,-1.128,0.444,-0.438,0.948,-0.308
0.831,0.556,0.000,0.000,0.000,-0.054,0.042,-0.025,-0.069,0.098,-0.239,0.116,-0.129,0.234,-0.057,0.288,-0.201,-0.711,-0.009,0.531,-1.221,0.005,0.874,-0.126,0.044,0.195,0.218,0.221,0.081,-0.006,1.073,0.604,0.209,-0.262,-0.993,-2.605,-1.171,0.470,-0.360,0.946,-0.240
0.924,0.383,0.000,0.000,0.000,-0.045,0.038,-0.040,-0.066,0.107,-0.256,0.111,-0.103,0.218,-0.059,0.502,-0.153,-0.771,0.221,0.402,-0.661,-0.183,1.222,-0.528,-0.106,0.055,0.173,0.182,0.083,-0.002,1.078,0.565,0.191,-0.311,-0.916,-2.751,-1.006,0.416,-0.186,0.788,-0.325
0.981,0.195,0.000,0.000,0.000,-0.033,0.036,-0.055,-0.059,0.114,-0.260,0.099,-0.072,0.194,-0.059,0.639,-0.046,-0.750,0.371,0.297,-0.095,-0.429,1.362,-0.927,0.004,-0.034,0.112,0.098,0.083,0.001,1.080,0.378,0.150,-0.243,-0.792,-2.481,-0.771,0.322,-0.104,0.570,-0.310
1.000,0.000,0.000,0.000,0.000,-0.018,0.037,-0.070,-0.050,0.118,-0.254,0.089,-0.040,0.162,-0.062,0.717,0.117,-0.776,0.515,0.208,0.455,-0.366,1.406,-1.229,-0.203,-0.072,0.068,-0.060,0.080,0.001,1.081,0.165,0.224,-0.357,-0.728,-2.545,-0.491,0.304,0.061,0.377,-0.402
0.981,-0.195,0.000,0.000,0.000,-0.003,0.040,-0.084,-0.038,0.121,-0.237,0.081,-0.010,0.121,-0.105,0.757,0.151,-0.711,0.604,0.150,0.947,-0.413,1.230,-1.632,-3.089,-0.068,-0.008,-0.130,0.080,0.002,1.079,0.179,0.092,-0.285,-0.591,-2.284,-0.349,0.309,0.145,0.138,-0.296
0.924,-0.383,0.000,0.000,0.000,0.012,0.044,-0.094,-0.031,0.126,-0.220,0.082,-0.001,0.099,-0.116,0.839,0.134,-0.114,-0.013,0.399,0.828,0.229,-0.501,0.592,0.332,0.010,-0.048,-0.322,0.079,0.002,1.074,0.230,0.073,-0.249,-0.562,-2.169,-0.291,0.361,0.182,-0.265,-0.136
0.831,-0.556,0.000,0.000,0.000,0.034,0.042,-0.085,-0.042,0.139,-0.197,0.083,0.005,0.092,-0.104,1.206,-0.167,0.617,-0.755,0.690,1.268,-0.013,0.593,-0.610,0.688,-0.364,-0.490,0.112,0.076,-0.006,1.073,0.180,0.123,-0.336,-0.546,-1.910,-0.411,0.383,0.196,-0.581,-0.179
0.707,-0.707,0.000,0.000,0.000,0.059,0.039,-0.075,-0.052,0.135,-0.170,0.082,0.020,0.071,-0.086,1.219,-0.086,0.404,-0.410,-0.550,1.313,-0.083,0.775,-1.204,0.999,-0.509,-0.463,0.167,0.065,-0.016,1.076,-0.004,0.187,-0.353,-0.453,-2.101,-0.505,0.336,0.142,-0.906,-0.405
0.556,-0.831,0.000,0.000,0.000,0.079,0.034,-0.070,-0.061,0.123,-0.148,0.079,0.035,0.043,-0.063,0.832,-0.330,0.159,-0.410,-0.817,1.022,-0.155,0.643,-1.510,1.186,-0.383,-0.262,0.187,0.058,-0.022,1.079,-0.155,0.047,-0.267,-0.445,-2.034,-0.519,0.283,-0.002,-1.111,-0.482
0.383,-0.924,0.000,0.000,0.000,0.085,0.024,-0.074,-0.052,0.063,-0.133,0.075,0.046,0.011,-0.039,0.206,-0.676,-0.207,0.120,-1.422,0.554,-0.122,0.529,-1.705,1.311,-0.108,-0.051,0.220,0.052,-0.028,1.082,-0.189,-0.032,-0.157,-0.105,-1.783,-0.850,0.228,-0.090,-1.325,-0.444
0.195,-0.981,0.000,0.000,0.000,0.074,0.020,-0.082,-0.016,-0.011,-0.130,0.074,0.054,-0.022,-0.013,-0.943,-0.098,0.202,0.784,-3.392,-0.012,-0.046,0.423,-1.661,1.310,0.279,0.012,0.091,0.054,-0.026,1.085,-0.201,-0.050,-0.159,0.405,-1.338,-1.175,0.160,-0.108,-1.387,-0.233
-0.000,-1.000,0.000,0.000,0.000,0.051,0.010,-0.094,0.049,-0.046,-0.133,0.071,0.057,-0.050,0.011,-1.332,-0.251,0.072,1.777,-1.051,-0.278,-0.085,0.137,-1.429,1.195,0.494,0.160,0.117,0.063,-0.025,1.087,-0.038,-0.075,-0.301,0.886,-0.625,-1.338,0.064,-0.100,-1.326,-0.185
-0.195,-0.981,0.000,0.000,0.000,0.025,-0.001,-0.101,0.110,-0.059,-0.139,0.069,0.055,-0.074,0.034,-1.319,-0.386,0.024,2.254,-0.364,-0.344,-0.098,-0.205,-1.142,1.099,0.561,0.282,0.077,0.074,-0.021,1.091,0.021,-0.084,-0.348,1.073,-0.415,-1.369,0.070,-0.095,-1.261,-0.256
-0.383,-0.924,0.000,0.000,0.000,-0.001,-0.007,-0.101,0.161,-0.064,-0.146,0.066,0.048,-0.093,0.054,-1.236,-0.246,0.188,2.131,-0.131,-0.324,-0.141,-0.393,-0.876,0.960,0.558,0.333,0.072,0.086,-0.015,1.090,-0.057,-0.054,-0.363,1.163,-0.361,-1.327,0.097,-0.000,-1.177,-0.229
-0.556,-0.831,0.000,0.000,0.000,-0.022,-0.005,-0.092,0.191,-0.062,-0.150,0.063,0.040,-0.109,0.072,-0.937,0.058,0.446,1.382,0.135,-0.092,-0.194,-0.439,-0.728,0.865,0.396,0.344,0.118,0.097,-0.010,1.093,-0.137,0.022,-0.346,1.062,-0.259,-1.050,0.145,0.102,-1.105,-0.193
-0.707,-0.707,0.000,0.000,0.000,-0.038,0.009,-0.081,0.211,-0.052,-0.147,0.059,0.032,-0.122,0.087,-0.656,0.592,0.573,0.947,0.541,0.239,-0.244,-0.385,-0.575,0.743,0.139,0.281,0.172,0.101,-0.003,1.096,-0.307,0.175,-0.323,1.032,-0.085,-0.696,0.195,0.206,-1.031,-0.143
-0.831,-0.556,0.000,0.000,0.000,-0.051,0.022,-0.062,0.217,-0.048,-0.141,0.054,0.023,-0.126,0.098,-0.618,0.529,0.930,0.374,0.175,0.356,-0.251,-0.494,-0.059,0.435,0.009,0.184,0.219,0.102,0.001,1.101,-0.454,0.197,-0.127,0.948,-0.170,-0.628,0.203,0.134,-0.912,-0.284
-0.924,-0.383,0.000,0.000,0.000,-0.065,0.033,-0.041,0.216,-0.048,-0.133,0.049,0.010,-0.120,0.103,-0.676,0.451,0.994,0.010,-0.058,0.449,-0.255,-0.661,0.438,0.161,-0.079,0.120,0.240,0.100,0.004,1.105,-0.604,0.216,-0.078,0.852,-0.311,-0.528,0.232,0.099,-0.799,-0.492
-0.981,-0.195,0.000,0.000,0.000,-0.079,0.042,-0.021,0.203,-0.058,-0.124,0.045,-0.007,-0.105,0.103,-0.681,0.358,0.775,-0.523,-0.553,0.559,-0.214,-0.907,0.842,-0.023,-0.183,0.130,0.224,0.097,0.005,1.111,-0.627,0.233,-0.123,0.656,-0.586,-0.530,0.289,0.051,-0.665,-0.669
-1.000,-0.000,0.000,0.000,0.000,-0.093,0.054,-0.007,0.173,-0.073,-0.111,0.042,-0.029,-0.084,0.101,-0.373,0.284,0.425,-1.189,-0.865,0.849,-0.140,-1.119,1.076,-0.091,-0.270,0.172,0.156,0.093,0.008,1.114,-0.729,0.322,-0.167,0.353,-0.771,-0.458,0.313,-0.043,-0.519,-0.775
-0.981,0.195,0.000,0.000,0.000,-0.093,0.072,-0.000,0.132,-0.086,-0.088,0.041,-0.052,-0.062,0.100,0.054,0.818,-0.003,-1.769,-0.705,1.243,-0.071,-1.194,1.134,-0.091,-0.747,0.173,0.072,0.081,0.011,1.115,-0.743,0.459,-0.260,0.067,-0.786,-0.281,0.306,-0.067,-0.417,-0.928
-0.924,0.383,0.000,0.000,0.000,-0.092,0.086,0.007,0.063,-0.111,-0.063,0.039,-0.080,-0.032,0.095,0.067,0.596,-0.024,-2.694,-1.442,1.279,-0.080,-1.507,1.681,-0.258,-0.822,0.181,0.062,0.064,0.015,1.117,-0.478,0.480,-0.102,-0.398,-1.099,-0.317,0.204,-0.339,-0.247,-1.009
-0.831,0.556,0.000,0.000,0.000,-0.084,0.087,0.002,0.013,-0.090,-0.036,0.037,-0.111,0.006,0.086,0.945,-1.064,-1.523,1.019,6.591,1.475,-0.194,-1.566,1.892,-0.457,-0.943,0.138,0.161,0.048,0.018,1.119,-0.128,0.471,-0.121,-0.673,-0.911,-0.424,0.108,-0.422,-0.126,-0.837
-0.707,0.707,0.000,0.000,0.000,-0.059,0.084,-0.011,0.012,0.006,-0.009,0.034,-0.132,0.036,0.079,1.074,-0.218,-1.159,2.206,-1.758,1.089,-0.199,-0.643,1.062,-0.176,-0.907,-0.023,0.246,0.027,0.017,1.123,0.366,0.347,-0.100,-0.792,-1.287,-0.468,0.039,-0.495,0.038,-0.580
-0.556,0.831,0.000,0.000,0.000,-0.050,0.081,-0.015,0.031,-0.010,-0.007,0.044,-0.136,0.063,0.058,0.173,-0.178,0.347,0.159,-0.381,-0.339,0.377,0.317,0.649,-1.343,0.017,-0.519,0.178,0.021,0.009,1.129,0.709,0.376,-0.118,-1.229,-1.038,-0.514,0.195,-0.474,0.581,-0.600
-0.383,0.924,0.000,0.000,0.000,-0.049,0.077,-0.006,0.025,-0.009,-0.020,0.048,-0.135,0.079,0.023,0.013,-0.180,0.489,-0.574,0.311,-0.714,0.125,0.054,0.629,-1.683,0.326,-0.485,0.198,0.028,-0.000,1.131,0.988,0.334,-0.141,-1.132,-1.585,-0.543,0.164,-0.630,0.481,-0.660
-0.195,0.981,0.000,0.000,0.000,-0.050,0.074,0.002,0.010,0.001,-0.040,0.055,-0.144,0.113,-0.001,-0.039,-0.196,0.388,-0.896,0.611,-1.042,0.201,-0.327,1.177,-0.929,0.417,-0.283,0.179,0.033,-0.008,1.134,1.205,0.330,-0.217,-1.203,-2.052,-0.732,0.222,-0.676,0.798,-0.432
-0.000,1.000,0.000,0.000,0.000,-0.052,0.071,0.009,-0.011,0.016,-0.068,0.073,-0.153,0.145,-0.017,-0.049,-0.157,0.312,-1.064,0.853,-1.422,0.674,-0.260,1.271,-0.684,0.427,-0.176,0.150,0.041,-0.012,1.137,1.184,0.393,-0.229,-1.235,-1.821,-0.960,0.387,-0.610,0.943,-0.346
0.195,0.981,0.000,0.000,0.000,-0.054,0.067,0.012,-0.030,0.033,-0.103,0.095,-0.161,0.186,-0.034,-0.113,-0.253,0.133,-0.990,0.874,-1.785,0.843,-0.188,1.661,-0.711,0.462,-0.064,0.235,0.052,-0.014,1.141,0.912,0.313,-0.229,-1.197,-2.338,-1.102,0.533,-0.619,1.196,-0.413
0.383,0.924,0.000,0.000,0.000,-0.058,0.061,0.013,-0.048,0.051,-0.145,0.117,-0.166,0.229,-0.051,-0.190,-0.335,-0.018,-0.858,0.888,-2.140,0.881,-0.010,1.812,-0.697,0.534,-0.008,0.313,0.061,-0.015,1.146,0.870,0.274,-0.168,-1.182,-2.691,-1.348,0.625,-0.628,1.381,-0.486
0.556,0.831,0.000,0.000,0.000,-0.060,0.054,0.009,-0.061,0.067,-0.184,0.123,-0.157,0.242,-0.056,-0.045,-0.321,-0.351,-0.506,0.761,-1.895,0.261,0.384,0.663,-0.240,0.435,0.088,0.360,0.071,-0.015,1.153,0.701,0.267,-0.210,-1.092,-2.588,-1.254,0.527,-0.553,1.145,-0.365
0.707,0.707,0.000,0.000,0.000,-0.059,0.048,-0.002,-0.066,0.080,-0.217,0.122,-0.143,0.237,-0.059,0.107,-0.259,-0.656,-0.114,0.593,-1.593,-0.002,0.646,-0.118,-0.126,0.310,0.184,0.275,0.078,-0.012,1.159,0.571,0.245,-0.254,-0.990,-2.557,-1.217,0.483,-0.451,0.956,-0.332
0.831,0.556,0.000,0.000,0.000,-0.055,0.043,-0.016,-0.066,0.091,-0.246,0.121,-0.128,0.234,-0.059,0.213,-0.211,-0.722,0.043,0.511,-1.333,-0.031,0.767,-0.086,0.059,0.234,0.187,0.211,0.082,-0.009,1.164,0.615,0.197,-0.240,-0.976,-2.502,-1.245,0.480,-0.380,0.955,-0.241
0.924,0.383,0.000,0.000,0.000,-0.047,0.039,-0.031,-0.062,0.099,-0.264,0.115,-0.104,0.220,-0.060,0.452,-0.166,-0.769,0.260,0.386,-0.734,-0.217,1.117,-0.475,-0.061,0.095,0.144,0.187,0.086,-0.005,1.169,0.580,0.177,-0.280,-0.910,-2.656,-1.052,0.428,-0.217,0.805,-0.312
0.981,0.195,0.000,0.000,0.000,-0.035,0.037,-0.046,-0.055,0.105,-0.269,0.103,-0.076,0.195,-0.059,0.641,-0.047,-0.763,0.413,0.281,-0.091,-0.472,1.254,-0.929,0.034,-0.047,0.078,0.091,0.087,-0.005,1.173,0.420,0.151,-0.228,-0.791,-2.457,-0.803,0.327,-0.142,0.576,-0.293
1.000,0.000,0.000,0.000,0.000,-0.020,0.037,-0.062,-0.044,0.110,-0.262,0.091,-0.045,0.164,-0.062,0.747,0.107,-0.774,0.540,0.201,0.516,-0.433,1.339,-1.205,-0.185,-0.105,0.049,-0.052,0.084,-0.004,1.172,0.186,0.223,-0.346,-0.729,-2.580,-0.500,0.300,0.037,0.397,-0.385
0.981,-0.195,0.000,0.000,0.000,-0.004,0.040,-0.076,-0.033,0.113,-0.244,0.082,-0.016,0.124,-0.101,0.801,0.143,-0.708,0.596,0.162,1.033,-0.440,1.196,-1.602,-2.923,-0.113,-0.020,-0.128,0.083,-0.003,1.171,0.203,0.106,-0.294,-0.614,-2.330,-0.352,0.300,0.129,0.169,-0.290
0.924,-0.383,0.000,0.000,0.000,0.011,0.043,-0.086,-0.024,0.118,-0.225,0.082,-0.005,0.097,-0.087,0.772,0.151,-0.311,0.166,0.348,0.746,0.156,-0.784,1.045,-0.425,-0.004,-0.070,-0.258,0.079,-0.004,1.166,0.237,0.085,-0.250,-0.568,-2.176,-0.304,0.343,0.174,-0.207,-0.171
0.831,-0.556,0.000,0.000,0.000,0.032,0.041,-0.078,-0.035,0.130,-0.203,0.082,-0.000,0.094,-0.084,1.187,-0.176,0.611,-0.774,0.716,1.246,-0.066,0.580,-0.547,0.375,-0.346,-0.489,0.117,0.077,-0.011,1.165,0.171,0.137,-0.346,-0.547,-1.989,-0.417,0.381,0.216,-0.573,-0.222
0.707,-0.707,0.000,0.000,0.000,0.057,0.039,-0.068,-0.047,0.129,-0.177,0.080,0.015,0.074,-0.071,1.226,-0.098,0.411,-0.477,-0.443,1.320,-0.115,0.765,-1.179,0.793,-0.525,-0.457,0.185,0.068,-0.021,1.168,0.007,0.195,-0.361,-0.462,-2.178,-0.524,0.332,0.151,-0.889,-0.414
0.556,-0.831,0.000,0.000,0.000,0.077,0.032,-0.063,-0.056,0.118,-0.153,0.076,0.029,0.045,-0.051,0.878,-0.357,0.145,-0.438,-0.755,1.068,-0.190,0.649,-1.521,1.069,-0.419,-0.256,0.218,0.057,-0.029,1.172,-0.154,0.043,-0.273,-0.445,-2.069,-0.495,0.271,0.007,-1.086,-0.504
