0.000,1.000,0.000,0.000,0.000,0.000,0.000,0.000,0.000,0.000,0.000,0.000,0.000,0.000,0.000,0.000,0.000,-0.044,-0.024,0.295,0.006,-0.640,0.302,-0.038,-0.039,0.300,-0.004,-0.669,0.311,0.013,-0.003,-0.005,0.000,0.000,-0.000,0.000,0.000,-1.600,3.200,-1.600,-0.000,-0.000,-0.000,-1.600,3.200,-1.600,0.000
0.208,0.978,0.000,0.000,0.000,-0.001,0.004,-0.071,0.148,-0.067,0.013,0.000,-0.004,-0.071,0.147,-0.067,-0.015,-0.344,2.103,-0.362,1.278,-2.650,7.648,0.313,-2.061,-0.366,1.270,-2.644,-7.601,0.022,0.927,-0.000,0.000,0.008,-0.000,0.000,0.000,-1.600,3.200,-1.600,-0.000,-0.000,-0.000,-1.600,3.200,-1.600,0.000
0.407,0.914,0.000,0.000,0.000,-0.001,-0.002,-0.126,0.278,-0.117,-0.006,-0.000,-0.001,-0.125,0.277,-0.117,-0.010,-0.319,1.628,0.081,1.111,-1.744,8.677,0.284,-1.595,0.086,1.083,-1.727,-9.071,0.017,0.597,0.013,0.001,0.015,-0.000,0.009,-0.119,-1.464,2.952,-1.303,-0.215,-0.015,0.061,-1.457,2.950,-1.301,-0.075
0.588,0.809,0.000,0.000,0.000,0.000,-0.012,-0.161,0.367,-0.137,-0.034,-0.001,0.004,-0.162,0.367,-0.143,-0.010,-0.226,0.894,0.492,-0.144,-0.589,6.122,0.191,-1.012,0.427,-0.053,-0.919,-7.961,0.028,0.457,0.005,0.001,0.016,0.000,0.007,-0.210,-1.319,2.747,-0.904,-0.395,-0.022,0.104,-1.348,2.729,-1.072,-0.195
0.743,0.669,0.000,0.000,0.000,0.002,-0.019,-0.186,0.423,-0.134,-0.061,-0.002,0.009,-0.187,0.424,-0.164,-0.013,-0.125,0.569,0.791,-1.349,0.498,3.558,0.188,-0.776,0.733,-1.298,-0.781,-7.246,0.011,0.413,-0.008,0.001,0.020,-0.000,0.040,-0.210,-1.224,2.581,-0.476,-0.534,-0.022,0.125,-1.259,2.589,-1.079,-0.189
0.866,0.500,0.000,0.000,0.000,0.004,-0.028,-0.201,0.458,-0.100,-0.093,-0.002,0.013,-0.203,0.462,-0.169,-0.010,-0.005,0.318,1.167,-2.258,2.151,1.567,0.254,-0.685,1.159,-2.153,0.087,-6.631,-0.010,0.298,-0.016,0.002,0.019,-0.000,0.076,-0.260,-1.100,2.430,0.259,-0.743,0.019,0.142,-1.112,2.489,-0.731,-0.033
0.951,0.309,0.000,0.000,0.000,0.007,-0.035,-0.207,0.474,-0.032,-0.115,-0.000,0.017,-0.209,0.483,-0.154,0.002,0.069,0.199,1.548,-3.085,3.978,0.369,0.302,-0.670,1.553,-2.889,1.091,-5.864,-0.032,0.201,-0.021,0.002,0.017,-0.000,0.106,-0.275,-0.952,2.245,1.143,-0.737,0.035,0.140,-0.966,2.326,-0.306,0.150
0.995,0.105,0.000,0.000,0.000,0.012,-0.041,-0.203,0.478,0.068,-0.122,0.003,0.016,-0.213,0.499,-0.145,0.036,0.214,0.218,2.021,-3.558,5.742,0.449,0.364,-0.785,1.526,-3.025,0.667,-3.671,-0.069,0.107,-0.083,-0.001,0.016,-0.001,0.250,-0.254,-0.683,2.127,2.141,-0.476,0.029,0.042,-1.019,2.186,-0.498,0.637
0.995,-0.105,0.000,0.000,0.000,0.021,-0.043,-0.191,0.474,0.193,-0.120,0.009,0.012,-0.215,0.501,-0.146,0.076,0.377,0.372,2.395,-3.882,7.255,1.211,0.453,-0.781,1.590,-3.536,0.094,-1.501,-0.130,0.064,-0.185,-0.002,0.011,-0.003,0.344,-0.214,-0.487,1.954,3.082,-0.336,0.105,-0.021,-0.977,2.042,-0.707,0.890
0.951,-0.309,0.000,0.000,0.000,0.026,-0.036,-0.178,0.489,0.194,-0.105,0.014,0.007,-0.215,0.492,-0.150,0.108,-0.073,1.210,2.178,-0.185,-7.805,2.094,0.352,-0.776,1.722,-4.173,0.024,0.098,-0.103,0.099,-0.158,-0.005,0.009,-0.007,0.244,-0.155,-0.442,1.756,3.410,-0.521,0.166,-0.064,-0.938,1.846,-0.718,0.888
0.866,-0.500,0.000,0.000,0.000,0.028,-0.037,-0.132,0.476,0.020,-0.106,0.017,0.006,-0.215,0.483,-0.099,0.090,0.153,0.027,2.725,-1.400,-8.803,0.932,0.351,-0.604,1.439,-4.138,3.179,-2.515,0.099,-0.075,-0.064,-0.006,0.004,-0.011,0.143,-0.317,0.168,1.516,5.000,-0.981,0.187,0.045,-0.893,1.799,0.624,0.124
0.743,-0.669,0.000,0.000,0.000,0.027,-0.043,-0.087,0.466,-0.145,-0.074,0.017,0.002,-0.207,0.458,0.007,0.064,-0.106,0.076,3.155,-2.313,-8.302,1.619,0.116,-0.681,1.940,-4.532,5.979,-3.562,0.129,-0.139,0.161,-0.004,-0.001,-0.007,0.096,-0.369,0.464,1.746,5.000,-0.187,0.001,-0.054,-0.669,1.482,2.058,-0.287
0.588,-0.809,0.000,0.000,0.000,0.019,-0.043,-0.066,0.498,-0.251,-0.003,0.017,-0.004,-0.195,0.467,-0.160,-0.037,-0.932,1.154,2.336,-1.707,-6.504,18.897,-0.153,-0.252,1.657,-2.279,-8.029,-13.794,0.019,0.018,0.318,-0.003,-0.006,-0.002,-0.215,-0.257,0.154,2.697,5.000,0.834,-0.125,-0.107,-0.789,1.347,4.111,-1.923
0.407,-0.914,0.000,0.000,0.000,0.002,-0.052,-0.078,0.574,-0.387,0.036,0.006,0.001,-0.203,0.494,-0.309,-0.005,-1.060,0.859,1.015,0.382,-8.830,4.579,-0.521,-0.009,-3.425,7.471,-3.562,0.283,0.338,0.311,0.407,0.001,-0.005,0.004,-0.790,-0.393,-0.488,3.752,5.000,1.607,-0.175,0.110,-0.417,1.234,5.000,-4.624
0.208,-0.978,0.000,0.000,0.000,-0.016,-0.057,-0.115,0.700,-0.450,0.110,0.001,-0.006,-0.254,0.626,-0.375,-0.002,-1.162,0.477,-1.160,4.432,-0.901,12.291,-0.252,-0.311,-1.672,5.937,-3.245,0.244,0.058,-0.387,0.476,0.008,-0.007,0.009,-1.112,-0.356,-1.845,5.000,4.733,1.526,-0.569,0.625,-0.092,1.088,5.000,-5.000
0.000,-1.000,0.000,0.000,0.000,-0.031,-0.082,-0.160,0.807,-0.471,0.061,-0.003,-0.016,-0.270,0.731,-0.439,0.004,-1.074,-0.247,-1.767,3.267,0.917,11.050,-0.317,-0.329,-0.108,4.783,-3.120,0.247,-0.048,-1.062,0.645,0.008,-0.026,0.019,-0.832,-0.836,-2.160,5.000,1.358,-0.058,-0.976,0.698,-0.223,0.885,5.000,-5.000
-0.208,-0.978,0.000,0.000,0.000,-0.052,-0.100,-0.192,0.893,-0.511,0.011,-0.012,-0.018,-0.262,0.819,-0.501,0.008,-1.643,0.773,-1.077,3.935,-2.355,27.597,-0.623,0.153,0.650,4.220,-3.046,0.274,0.108,-1.573,0.259,0.010,-0.055,0.026,-0.744,-0.895,-1.629,5.000,-1.255,-4.609,-1.230,0.631,-0.590,1.095,5.000,-4.563
-0.407,-0.914,0.000,0.000,0.000,-0.067,-0.125,-0.216,0.960,-0.562,-0.000,-0.021,-0.016,-0.253,0.898,-0.558,0.012,-0.839,-0.396,-1.134,3.520,-3.313,18.774,-0.488,0.228,0.405,3.863,-2.791,0.259,0.086,-1.402,-0.169,0.011,-0.085,0.024,-0.104,-0.959,-1.482,4.878,-1.450,-5.000,-1.355,0.262,-1.044,1.166,2.531,-3.501
-0.588,-0.809,0.000,0.000,0.000,-0.068,-0.137,-0.241,0.990,-0.608,-0.058,-0.028,-0.009,-0.253,0.972,-0.608,0.016,-0.301,0.865,-1.171,1.962,-4.487,23.322,-0.320,0.408,-0.207,3.665,-2.437,0.269,-0.083,-1.012,-0.219,0.013,-0.109,0.020,0.227,-0.751,-1.493,4.421,-1.718,-5.000,-1.231,0.071,-1.428,0.995,-0.939,-3.162
-0.743,-0.669,0.000,0.000,0.000,-0.067,-0.129,-0.254,1.011,-0.650,0.028,-0.033,-0.005,-0.258,1.041,-0.655,0.022,-0.786,2.453,-0.867,2.378,-2.710,27.022,-0.313,0.256,-0.317,3.373,-2.306,0.420,-0.168,-0.805,-0.055,0.010,-0.127,0.014,0.502,-0.591,-1.355,3.934,-2.459,-5.000,-1.274,-0.028,-1.433,1.325,-1.215,-3.517
-0.866,-0.500,0.000,0.000,0.000,-0.076,-0.124,-0.269,1.078,-0.680,0.044,-0.041,0.001,-0.270,1.099,-0.689,0.034,-0.554,0.317,-0.787,2.875,-1.231,0.861,-0.531,0.324,-0.743,2.564,-1.423,0.613,-0.029,-0.419,-0.182,0.009,-0.137,0.012,0.640,-0.610,-1.304,3.879,-1.705,-5.000,-1.576,0.192,-1.760,1.323,-3.037,-4.001
-0.951,-0.309,0.000,0.000,0.000,-0.086,-0.115,-0.278,1.119,-0.697,0.059,-0.051,0.009,-0.279,1.135,-0.708,0.047,-0.381,0.420,-0.257,1.532,-0.550,0.652,-0.376,0.392,-0.236,1.252,-0.635,0.636,-0.032,-0.389,-0.302,0.010,-0.145,0.006,0.723,-0.234,-1.317,3.066,-1.549,-5.000,-1.507,0.136,-1.456,1.420,-1.487,-3.485
-0.995,-0.105,0.000,0.000,0.000,-0.089,-0.103,-0.275,1.133,-0.700,0.069,-0.054,0.019,-0.279,1.143,-0.708,0.056,-0.087,0.666,0.227,0.225,0.108,0.402,-0.102,0.579,0.053,-0.028,0.338,0.399,-0.286,-0.440,-0.477,0.008,-0.153,-0.003,0.993,0.134,-1.080,2.167,-1.761,-5.000,-1.324,-0.070,-1.485,1.680,-0.881,-3.263
-0.995,0.105,0.000,0.000,0.000,-0.090,-0.088,-0.268,1.127,-0.693,0.075,-0.055,0.033,-0.278,1.133,-0.693,0.063,-0.015,0.783,0.397,-0.573,0.537,0.264,-0.071,0.674,0.044,-0.740,0.968,0.532,-0.319,-0.332,-0.663,0.002,-0.160,-0.014,0.909,-0.021,-0.594,1.678,-1.515,-5.000,-1.271,-0.120,-1.825,1.636,-0.254,-3.799
-0.951,0.309,0.000,0.000,0.000,-0.089,-0.070,-0.258,1.108,-0.678,0.079,-0.061,0.038,-0.289,1.087,-0.652,0.133,0.289,0.900,0.643,-1.123,0.785,0.188,-0.032,0.336,-0.620,-0.337,1.534,-0.098,-0.332,-0.208,-1.007,-0.003,-0.165,-0.027,0.943,-0.019,-0.254,1.099,-1.524,-5.000,-1.149,-0.504,-2.241,1.489,-1.063,-3.424
-0.866,0.500,0.000,0.000,0.000,-0.086,-0.058,-0.243,1.077,-0.658,0.084,-0.062,0.027,-0.304,1.076,-0.614,0.122,0.097,0.570,0.822,-1.755,1.171,0.276,-0.067,-0.734,-0.720,-0.875,2.170,-0.702,-0.397,-0.257,-0.553,-0.008,-0.171,-0.042,0.327,-0.379,0.006,1.062,-1.924,-5.000,-0.665,-0.739,-2.652,1.093,-3.423,-2.582
-0.743,0.669,0.000,0.000,0.000,-0.083,-0.043,-0.226,1.035,-0.631,0.090,-0.062,0.003,-0.326,1.010,-0.549,0.040,0.238,0.706,0.947,-2.306,1.438,0.144,0.663,-2.658,-0.998,-3.447,1.932,-31.304,-0.408,-0.161,-0.639,-0.014,-0.174,-0.056,0.168,-0.250,0.063,0.846,-3.197,-5.000,-0.342,-0.829,-2.875,0.765,-5.000,-0.584
-0.588,0.809,0.000,0.000,0.000,-0.075,-0.034,-0.215,0.985,-0.595,0.095,-0.058,-0.004,-0.335,0.962,-0.458,0.069,0.556,0.266,0.279,-2.610,1.982,0.151,0.382,-0.433,-0.294,-2.398,2.441,1.014,-0.593,0.232,-0.406,-0.021,-0.174,-0.069,0.338,-0.568,-0.484,0.551,-5.000,-4.949,-0.046,-0.638,-2.514,1.035,-5.000,0.878
-0.407,0.914,0.000,0.000,0.000,-0.061,-0.029,-0.212,0.927,-0.551,0.095,-0.047,-0.001,-0.329,0.895,-0.406,0.081,0.645,0.208,0.004,-3.018,2.308,0.005,0.529,0.130,0.201,-3.514,2.704,0.511,-0.700,0.582,-0.274,-0.034,-0.166,-0.074,0.452,-0.284,-0.790,0.329,-5.000,-3.194,-0.073,-0.239,-1.891,1.438,-4.045,3.251
-0.208,0.978,0.000,0.000,0.000,-0.050,-0.023,-0.225,0.870,-0.502,0.095,-0.037,-0.010,-0.354,0.845,-0.388,0.149,0.551,0.287,-0.763,-2.874,2.458,0.015,0.658,-0.908,-1.451,-2.265,0.396,-4.024,-0.585,1.139,-0.353,-0.046,-0.147,-0.081,0.663,-0.144,-1.337,0.105,-5.000,-2.007,0.053,-0.228,-2.116,2.297,-2.142,5.000
-0.000,1.000,0.000,0.000,0.000,-0.041,-0.014,-0.238,0.811,-0.454,0.095,-0.032,-0.002,-0.383,0.826,-0.375,0.299,0.445,0.433,-0.530,-3.009,2.394,-0.006,0.265,0.201,-1.150,-1.130,0.450,10.202,-0.490,1.134,-0.485,-0.055,-0.124,-0.092,0.680,0.069,-1.449,0.146,-5.000,-0.452,0.039,0.087,-1.972,3.019,-1.342,5.000
0.208,0.978,0.000,0.000,0.000,-0.035,-0.006,-0.244,0.749,-0.407,0.096,-0.029,0.001,-0.399,0.828,-0.347,0.466,0.234,0.409,-0.285,-3.171,2.391,0.060,0.155,0.157,-0.496,-0.047,1.601,8.972,-0.340,1.028,-0.421,-0.061,-0.105,-0.103,0.476,0.128,-1.470,0.105,-5.000,-0.300,0.018,0.070,-1.722,3.441,-0.700,5.000
0.407,0.914,0.000,0.000,0.000,-0.034,0.003,-0.245,0.683,-0.359,0.099,-0.025,0.001,-0.392,0.845,-0.331,0.497,0.009,0.463,-0.022,-3.356,2.386,0.095,0.180,0.057,0.603,0.766,0.964,-0.017,-0.162,0.923,-0.435,-0.065,-0.085,-0.111,0.180,0.326,-1.467,0.139,-3.287,-0.029,0.117,0.059,-1.216,3.793,-0.838,5.000
0.588,0.809,0.000,0.000,0.000,-0.036,0.012,-0.242,0.615,-0.312,0.101,-0.021,0.004,-0.367,0.859,-0.304,0.490,-0.133,0.475,0.069,-3.384,2.350,0.121,0.202,0.184,1.367,0.788,1.542,-0.350,-0.039,0.910,-0.461,-0.066,-0.067,-0.122,0.070,0.308,-1.247,0.137,-0.913,0.416,0.177,0.120,-0.882,3.804,-0.587,5.000
0.743,0.669,0.000,0.000,0.000,-0.041,0.020,-0.234,0.546,-0.267,0.105,-0.016,0.002,-0.331,0.879,-0.282,0.484,-0.285,0.372,0.456,-3.409,2.209,0.136,0.255,-0.051,1.759,0.984,1.114,-0.228,0.099,0.734,-0.403,-0.065,-0.052,-0.132,0.009,0.052,-0.590,0.196,2.046,0.843,0.236,0.030,-0.801,3.914,-0.814,5.000
0.866,0.500,0.000,0.000,0.000,-0.047,0.029,-0.219,0.480,-0.226,0.109,-0.010,-0.001,-0.296,0.896,-0.277,0.479,-0.339,0.494,0.797,-3.187,1.936,0.147,0.389,-0.134,1.588,0.823,0.184,-0.235,0.161,0.479,-0.510,-0.061,-0.041,-0.142,-0.031,0.099,-0.077,0.340,5.000,1.254,0.274,-0.037,-0.849,3.866,-1.245,4.538
0.951,0.309,0.000,0.000,0.000,-0.054,0.038,-0.203,0.418,-0.188,0.111,-0.002,-0.001,-0.266,0.879,-0.269,0.476,-0.392,0.427,0.757,-2.970,1.813,0.150,0.333,-0.007,1.131,-0.636,0.195,-0.184,0.199,0.398,-0.488,-0.057,-0.033,-0.152,0.008,0.031,-0.076,0.237,5.000,1.671,0.171,0.001,-0.861,3.186,-1.197,4.287
0.995,0.105,0.000,0.000,0.000,-0.061,0.045,-0.184,0.363,-0.156,0.114,0.009,-0.011,-0.239,0.850,-0.295,0.465,-0.356,0.330,0.982,-2.526,1.480,0.231,0.595,-0.389,1.134,-1.180,-1.454,-0.538,0.190,0.110,-0.374,-0.053,-0.029,-0.161,-0.115,-0.015,0.234,0.281,5.000,1.219,0.441,-0.164,-0.776,2.870,-1.923,2.554
0.995,-0.105,0.000,0.000,0.000,-0.070,0.054,-0.160,0.314,-0.129,0.118,0.021,-0.015,-0.213,0.798,-0.330,0.401,-0.526,0.448,1.169,-2.332,1.276,0.159,0.586,-0.273,0.946,-2.044,-1.837,-5.344,0.311,-0.134,-0.461,-0.048,-0.032,-0.170,-0.431,0.215,0.296,0.108,5.000,0.634,0.522,-0.101,-0.672,2.257,-2.168,0.801
0.951,-0.309,0.000,0.000,0.000,-0.080,0.063,-0.139,0.272,-0.106,0.121,0.036,-0.026,-0.186,0.711,-0.375,0.269,-0.587,0.508,0.867,-1.856,1.070,0.158,0.706,-0.573,0.830,-3.321,-2.244,-9.373,0.337,-0.179,-0.482,-0.041,-0.035,-0.178,-0.346,0.392,0.028,0.005,5.000,1.127,0.558,-0.268,-0.443,1.306,-2.471,-0.987
0.866,-0.500,0.000,0.000,0.000,-0.093,0.076,-0.118,0.236,-0.087,0.125,0.050,-0.050,-0.149,0.593,-0.399,0.115,-0.744,0.742,0.885,-1.575,0.858,0.221,0.594,-1.012,1.073,-3.926,-0.880,-8.861,0.421,-0.340,-0.592,-0.033,-0.040,-0.188,-0.279,0.699,0.078,-0.172,5.000,1.484,0.545,-0.619,-0.031,0.332,-2.078,-2.194
0.743,-0.669,0.000,0.000,0.000,-0.095,0.095,-0.105,0.214,-0.075,0.126,0.074,-0.065,-0.122,0.462,-0.405,-0.057,0.005,1.087,0.312,-0.672,0.418,0.011,1.272,-0.285,-0.014,-3.455,-0.098,-4.529,-0.019,-0.312,-0.896,-0.028,-0.046,-0.205,-0.613,0.837,0.159,-0.046,4.781,1.746,0.484,-0.598,-0.312,-0.563,-2.009,-3.582
0.588,-0.809,0.000,0.000,0.000,-0.089,0.104,-0.112,0.215,-0.080,0.143,0.091,-0.054,-0.123,0.390,-0.363,0.024,0.350,1.264,0.251,-0.925,2.361,-3.096,0.758,1.050,-0.685,-0.487,7.875,-9.444,-0.138,0.029,-0.861,-0.028,-0.047,-0.225,-1.409,0.788,-0.199,1.281,4.019,3.215,0.452,-0.515,-0.873,-0.679,-3.278,-5.000
0.407,-0.914,0.000,0.000,0.000,-0.094,0.116,-0.162,0.302,-0.100,0.376,0.089,-0.046,-0.130,0.357,-0.132,0.154,-0.059,0.496,-2.433,3.837,2.662,15.947,-0.297,0.110,0.007,-1.456,7.885,15.906,-0.546,0.003,-0.186,-0.031,-0.050,-0.235,-1.726,-0.051,-1.105,3.597,1.430,5.000,-0.200,0.021,-0.967,-1.166,-4.933,-5.000
0.208,-0.978,0.000,0.000,0.000,-0.094,0.054,-0.207,0.426,-0.219,0.589,0.073,-0.035,-0.138,0.349,-0.177,0.421,0.063,-3.375,-1.645,6.421,-9.964,3.623,-0.374,0.240,-1.446,2.910,-0.793,6.178,-0.385,-0.131,0.118,-0.046,-0.050,-0.229,-1.846,-1.167,-0.616,4.898,0.831,3.777,-1.350,0.596,-1.432,-1.033,-5.000,-5.000
0.000,-1.000,0.000,0.000,0.000,-0.092,-0.017,-0.225,0.537,-0.233,0.502,0.056,-0.032,-0.159,0.394,-0.171,0.534,0.064,-4.507,-0.818,6.703,5.377,-23.052,-1.024,0.166,-0.491,0.352,5.085,3.763,-0.021,-0.415,-0.369,-0.051,-0.057,-0.234,-1.548,-1.752,-0.564,4.657,2.283,-3.583,-1.505,0.614,-1.681,-0.372,-5.000,-5.000
-0.208,-0.978,0.000,0.000,0.000,-0.088,-0.109,-0.223,0.608,-0.238,0.445,0.035,-0.023,-0.184,0.446,-0.194,0.608,-0.441,-3.744,0.914,2.472,1.549,18.418,-0.998,0.557,-0.976,2.156,-0.955,0.403,0.226,-0.213,-0.427,-0.044,-0.063,-0.242,-0.595,-2.353,-0.561,4.770,1.403,-5.000,-1.747,0.164,-1.833,-0.148,-5.000,-4.845
-0.407,-0.914,0.000,0.000,0.000,-0.079,-0.215,-0.206,0.712,-0.205,0.324,0.024,-0.008,-0.199,0.483,-0.209,0.565,0.844,-5.277,1.144,5.101,0.757,-28.344,-0.442,0.902,-0.717,1.688,-0.618,-3.452,0.347,-0.300,-0.652,-0.036,-0.070,-0.254,0.207,-2.689,-0.042,5.000,-0.108,-5.000,-2.068,0.389,-1.656,0.281,-5.000,-4.514
-0.588,-0.809,0.000,0.000,0.000,-0.061,-0.251,-0.189,0.808,-0.180,0.092,0.027,0.008,-0.212,0.501,-0.212,0.400,1.803,-3.177,0.038,5.715,0.467,-39.602,0.597,0.482,-0.553,0.304,0.190,-11.383,0.277,-0.175,-0.948,-0.028,-0.078,-0.274,0.622,-1.475,-0.410,5.000,-0.658,-5.000,-1.954,-0.074,-1.424,0.607,-5.000,-1.990
-0.743,-0.669,0.000,0.000,0.000,-0.031,-0.221,-0.182,0.837,-0.214,-0.122,0.039,0.008,-0.229,0.472,-0.187,0.072,1.645,1.097,-0.633,2.281,-2.241,-20.834,0.150,-0.278,-1.195,-2.187,-0.792,-13.561,0.338,0.483,-0.865,-0.022,-0.073,-0.291,0.961,-0.122,-0.747,3.929,-1.848,-5.000,-1.880,-0.307,-1.738,0.660,-5.000,-0.819
-0.866,-0.500,0.000,0.000,0.000,-0.007,-0.160,-0.159,0.803,-0.302,-0.310,0.022,0.018,-0.268,0.490,-0.151,-0.016,1.357,2.175,0.781,-0.503,-11.328,-8.465,-0.967,0.442,-2.367,2.504,-0.975,0.537,0.668,0.527,-0.779,-0.009,-0.062,-0.307,1.169,0.522,-0.334,2.699,-1.863,-5.000,-1.518,-0.151,-1.373,0.787,-5.000,-0.494
-0.951,-0.309,0.000,0.000,0.000,0.022,-0.081,-0.138,0.731,-0.422,-0.480,0.007,0.022,-0.301,0.526,-0.164,-0.007,1.410,3.600,0.379,-1.724,-8.901,-5.328,-0.590,-0.121,-1.468,1.632,-0.559,0.430,0.250,0.189,-0.082,-0.000,-0.054,-0.313,0.633,1.111,-0.614,1.591,-2.336,-5.000,-1.012,-0.033,-1.118,1.125,-2.511,-0.019
-0.995,-0.105,0.000,0.000,0.000,0.046,-0.053,-0.111,0.652,-0.499,-0.498,-0.007,0.017,-0.323,0.554,-0.173,0.004,1.182,1.194,0.889,-2.565,-2.182,0.327,-0.669,-0.273,-1.088,1.319,-0.350,0.555,0.237,-0.061,0.247,0.004,-0.055,-0.308,0.462,0.274,0.052,1.345,-2.843,-5.000,-1.058,0.025,-1.658,0.736,-3.056,-1.786
-0.995,0.105,0.000,0.000,0.000,0.046,-0.033,-0.101,0.637,-0.462,-0.443,-0.024,0.013,-0.336,0.573,-0.177,0.017,-1.016,1.277,0.925,-1.261,5.709,8.042,-1.046,0.049,-0.077,0.589,-0.116,0.691,0.351,-0.262,0.286,0.007,-0.057,-0.303,0.401,-0.072,0.190,1.266,-2.916,-5.000,-0.870,0.067,-1.841,0.996,-2.382,-2.126
-0.951,0.309,0.000,0.000,0.000,0.004,-0.025,-0.080,0.591,-0.441,-0.139,-0.043,0.013,-0.335,0.571,-0.171,0.030,-2.023,0.306,1.238,-3.331,1.936,17.847,-0.644,0.008,-0.039,-0.427,0.556,0.590,0.238,-0.288,-0.004,0.015,-0.065,-0.302,-0.272,-0.037,0.024,0.558,-2.879,-5.000,-0.093,-0.250,-1.900,0.798,-2.219,-0.695
-0.866,0.500,0.000,0.000,0.000,-0.004,-0.029,-0.074,0.556,-0.437,-0.032,-0.041,0.012,-0.340,0.556,-0.154,0.038,0.821,-0.193,0.184,-0.904,-3.285,-10.154,0.333,0.076,-0.047,-1.086,1.000,0.291,-0.637,0.268,0.122,0.009,-0.063,-0.300,-0.284,-0.244,-0.078,0.607,-3.923,-4.399,0.183,-0.133,-1.842,0.756,-4.001,0.029
-0.743,0.669,0.000,0.000,0.000,-0.003,-0.024,-0.078,0.545,-0.415,-0.011,-0.039,0.015,-0.336,0.528,-0.131,0.047,0.020,0.238,0.018,-0.856,1.162,1.084,0.047,0.156,0.289,-1.528,1.187,0.451,-0.455,0.016,-0.201,-0.002,-0.062,-0.303,0.692,-0.291,-0.081,-0.090,-2.786,-4.201,-0.212,-0.088,-1.806,1.017,-2.436,0.626
-0.588,0.809,0.000,0.000,0.000,-0.001,-0.017,-0.083,0.528,-0.393,0.005,-0.036,0.015,-0.348,0.511,-0.136,0.081,0.123,0.353,-0.234,-0.954,1.130,0.635,0.405,-0.350,-0.676,-0.992,-0.427,-5.250,-0.374,0.247,-0.344,-0.009,-0.059,-0.308,0.897,-0.234,-0.443,-0.471,-1.805,-3.502,0.034,0.083,-1.944,1.598,-1.339,3.596
-0.407,0.914,0.000,0.000,0.000,-0.001,-0.010,-0.086,0.505,-0.371,0.015,-0.033,0.014,-0.365,0.501,-0.105,0.187,-0.022,0.336,-0.065,-1.243,1.087,0.324,0.261,-0.339,-0.736,-0.721,1.412,0.839,-0.245,0.274,-0.358,-0.015,-0.052,-0.316,0.580,-0.130,-0.529,-0.185,-3.363,-0.184,0.076,0.050,-1.901,1.772,-0.204,5.000
-0.208,0.978,0.000,0.000,0.000,-0.005,-0.003,-0.088,0.479,-0.348,0.021,-0.032,0.013,-0.389,0.532,-0.123,0.393,-0.119,0.353,-0.016,-1.424,1.151,0.275,0.162,-0.198,-0.247,-0.484,-0.731,12.290,-0.048,0.384,-0.368,-0.018,-0.047,-0.323,0.545,0.099,-0.808,-0.206,-2.939,-0.165,-0.002,0.063,-1.895,2.782,-0.871,5.000
-0.000,1.000,0.000,0.000,0.000,-0.007,0.003,-0.087,0.452,-0.327,0.026,-0.026,0.014,-0.402,0.593,-0.147,0.462,0.022,0.279,0.175,-1.443,1.071,0.184,0.518,0.025,0.467,0.982,-0.621,-0.244,-0.084,0.297,-0.268,-0.020,-0.042,-0.329,0.731,0.097,-0.771,-0.018,-3.864,0.969,0.087,0.123,-1.610,3.612,-0.777,5.000
0.208,0.978,0.000,0.000,0.000,-0.009,0.008,-0.090,0.425,-0.305,0.030,-0.019,0.012,-0.407,0.643,-0.128,0.468,-0.109,0.238,-0.217,-1.366,1.143,0.205,0.364,-0.162,0.123,1.435,1.238,0.418,-0.047,0.475,-0.246,-0.022,-0.034,-0.335,0.597,0.152,-0.803,0.034,-4.178,1.045,-0.031,-0.001,-1.694,3.490,-0.083,5.000
0.407,0.914,0.000,0.000,0.000,-0.013,0.010,-0.089,0.400,-0.286,0.034,-0.017,0.012,-0.390,0.687,-0.154,0.471,-0.226,0.068,0.069,-1.228,0.913,0.197,0.056,-0.013,1.180,1.911,-1.256,0.133,0.037,0.259,-0.086,-0.022,-0.028,-0.338,0.551,0.001,-0.482,0.245,-1.768,0.969,-0.176,0.031,-1.159,3.617,-1.095,4.428
0.588,0.809,0.000,0.000,0.000,-0.015,0.013,-0.084,0.378,-0.271,0.037,-0.015,0.016,-0.356,0.713,-0.195,0.468,-0.061,0.181,0.206,-0.922,0.665,0.162,0.128,0.232,1.617,1.442,-1.902,-0.198,-0.070,0.077,-0.159,-0.022,-0.025,-0.340,0.839,0.110,-0.109,0.536,1.818,1.518,-0.194,0.100,-0.932,3.359,-1.594,3.461
0.743,0.669,0.000,0.000,0.000,-0.015,0.016,-0.080,0.363,-0.261,0.040,-0.010,0.013,-0.316,0.719,-0.241,0.463,-0.029,0.126,0.192,-0.655,0.445,0.148,0.157,-0.075,1.718,0.614,-2.260,-0.303,-0.114,0.001,-0.124,-0.024,-0.024,-0.342,0.734,-0.035,-0.052,0.533,4.753,1.485,-0.087,-0.013,-0.755,3.000,-1.953,2.824
0.866,0.500,0.000,0.000,0.000,-0.017,0.019,-0.078,0.352,-0.252,0.042,-0.009,0.010,-0.286,0.716,-0.267,0.455,-0.166,0.192,0.053,-0.555,0.412,0.119,-0.013,-0.144,1.268,0.032,-1.145,-0.362,0.003,0.076,-0.172,-0.025,-0.024,-0.346,0.555,0.037,-0.170,0.389,5.000,1.798,-0.073,-0.035,-0.803,2.813,-1.635,2.106
0.951,0.309,0.000,0.000,0.000,-0.021,0.022,-0.074,0.341,-0.245,0.045,-0.010,0.008,-0.255,0.691,-0.279,0.407,-0.256,0.120,0.141,-0.353,0.249,0.126,-0.082,-0.168,1.183,-0.618,-0.562,-4.886,0.082,-0.052,-0.144,-0.024,-0.023,-0.350,0.437,-0.126,0.061,0.528,5.000,1.741,-0.075,0.000,-0.701,2.321,-1.443,0.963
0.995,0.105,0.000,0.000,0.000,-0.026,0.025,-0.069,0.335,-0.241,0.048,-0.010,0.002,-0.223,0.643,-0.322,0.350,-0.259,0.162,0.160,-0.174,0.116,0.093,0.005,-0.347,1.029,-1.275,-2.390,-6.860,0.090,-0.151,-0.141,-0.021,-0.026,-0.351,0.456,-0.030,0.060,0.566,5.000,1.816,-0.019,-0.077,-0.562,1.723,-2.325,0.656
0.995,-0.105,0.000,0.000,0.000,-0.030,0.028,-0.064,0.330,-0.238,0.049,-0.007,-0.008,-0.196,0.588,-0.337,0.264,-0.286,0.175,0.189,-0.178,0.139,0.076,0.219,-0.523,0.710,-1.502,-0.537,-7.360,0.132,-0.191,-0.160,-0.019,-0.028,-0.354,0.281,-0.019,-0.017,0.373,5.000,1.342,0.280,-0.186,-0.496,1.360,-1.665,-0.117
0.951,-0.309,0.000,0.000,0.000,-0.038,0.034,-0.058,0.323,-0.235,0.052,-0.003,-0.019,-0.170,0.499,-0.338,0.178,-0.525,0.388,0.112,-0.213,0.101,0.153,0.085,-0.410,-0.114,-1.281,-0.053,-8.905,0.247,-0.225,-0.272,-0.015,-0.032,-0.359,0.194,0.151,0.029,0.248,5.000,0.470,0.201,-0.262,-0.441,0.348,-1.578,-0.524
0.866,-0.500,0.000,0.000,0.000,-0.051,0.045,-0.047,0.312,-0.231,0.054,-0.000,-0.031,-0.151,0.417,-0.342,0.042,-0.848,0.707,0.329,-0.468,0.198,0.104,-0.052,0.000,-0.755,-0.171,0.042,-5.298,0.481,-0.346,-0.481,-0.005,-0.036,-0.369,-0.224,0.336,0.149,0.049,5.000,-0.289,0.437,-0.325,-0.409,0.181,-1.597,-2.109
0.743,-0.669,0.000,0.000,0.000,-0.063,0.054,-0.046,0.310,-0.230,0.055,-0.004,-0.020,-0.141,0.354,-0.239,-0.015,-0.463,0.310,0.026,-0.003,0.024,0.066,-0.429,0.296,0.840,-3.674,11.828,0.085,0.493,-0.105,-0.366,0.007,-0.037,-0.380,-0.215,0.443,-0.507,0.792,5.000,2.339,0.200,-0.030,-0.306,-0.208,-2.338,-3.141
0.588,-0.809,0.000,0.000,0.000,-0.069,0.052,-0.096,0.396,-0.207,0.077,-0.011,-0.016,-0.148,0.332,-0.128,-0.010,-0.311,0.955,-0.241,-0.329,-0.069,-4.992,-0.366,0.380,-0.566,1.115,-1.110,0.287,0.223,0.477,-0.085,0.013,-0.033,-0.384,-0.405,0.116,-1.350,2.835,1.741,5.000,-0.421,0.106,-0.480,-0.325,-4.013,-3.753
0.407,-0.914,0.000,0.000,0.000,-0.065,0.038,-0.150,0.496,-0.160,0.073,-0.010,-0.011,-0.158,0.347,-0.143,-0.006,0.069,0.582,-0.886,1.576,0.876,-1.195,0.087,0.460,0.115,0.219,-0.468,0.236,-0.304,0.113,-0.074,0.013,-0.031,-0.388,-0.531,-0.146,-1.698,3.833,1.353,2.890,-0.398,0.392,-0.545,-0.063,-2.930,-2.520
0.208,-0.978,0.000,0.000,0.000,-0.068,0.022,-0.174,0.540,-0.117,0.031,-0.010,-0.004,-0.157,0.348,-0.147,-0.001,-0.623,0.605,-0.566,0.795,1.537,10.669,-0.163,0.451,0.191,-0.148,-0.082,0.249,-0.111,-0.110,-0.226,0.012,-0.035,-0.393,-0.810,-0.390,-1.103,3.042,1.551,-1.992,-0.695,0.257,-0.816,-0.212,-5.000,-3.247
0.000,-1.000,0.000,0.000,0.000,-0.072,-0.021,-0.203,0.593,-0.106,-0.043,-0.014,-0.001,-0.158,0.343,-0.145,0.004,-0.473,-1.416,-0.617,0.672,-0.314,1.446,-0.284,0.227,0.094,-0.478,0.230,0.286,-0.061,0.127,-0.157,0.010,-0.034,-0.398,-0.601,-0.965,-1.227,3.369,2.058,-4.840,-0.966,0.122,-1.006,-0.306,-5.000,-3.069
-0.208,-0.978,0.000,0.000,0.000,-0.074,-0.062,-0.224,0.653,-0.089,-0.213,-0.017,0.006,-0.156,0.334,-0.139,0.009,-0.144,-1.786,-0.295,1.558,2.316,-12.912,-0.223,0.473,0.211,-0.578,0.358,0.258,-0.070,0.006,-0.247,0.010,-0.036,-0.403,-0.326,-1.013,-1.014,3.802,1.982,-5.000,-0.979,0.261,-0.884,-0.061,-5.000,-2.505
-0.407,-0.914,0.000,0.000,0.000,-0.075,-0.103,-0.239,0.726,-0.053,-0.358,-0.021,0.015,-0.154,0.326,-0.134,0.014,0.078,-2.410,-0.118,2.254,3.163,-19.383,-0.249,0.472,0.185,-0.433,0.295,0.259,-0.048,-0.066,-0.484,0.010,-0.036,-0.413,-0.176,-1.121,-1.022,4.277,1.591,-5.000,-1.060,0.196,-0.811,0.146,-5.000,-2.086
-0.588,-0.809,0.000,0.000,0.000,-0.076,-0.126,-0.242,0.773,-0.042,-0.496,-0.026,0.024,-0.155,0.321,-0.128,0.019,0.150,-1.621,-0.047,1.743,1.491,-16.207,-0.269,0.402,-0.098,-0.197,0.238,0.241,0.010,-0.008,-0.485,0.010,-0.038,-0.422,-0.008,-0.897,-0.985,4.004,0.610,-5.000,-1.124,0.081,-0.825,0.307,-5.000,-1.537
-0.743,-0.669,0.000,0.000,0.000,-0.074,-0.115,-0.238,0.782,-0.067,-0.495,-0.031,0.033,-0.160,0.320,-0.124,0.026,0.379,0.412,0.021,0.571,-0.994,0.208,-0.151,0.296,-0.386,0.057,0.177,0.301,-0.074,0.080,-0.398,0.010,-0.037,-0.431,0.347,-0.198,-0.925,3.319,-0.639,-5.000,-1.203,-0.028,-0.807,0.513,-4.993,-0.791
-0.866,-0.500,0.000,0.000,0.000,-0.064,-0.089,-0.226,0.760,-0.119,-0.491,-0.035,0.037,-0.167,0.323,-0.122,0.032,0.674,1.149,0.311,-0.670,-2.786,0.216,-0.165,0.066,-0.397,0.281,0.005,0.296,-0.084,0.057,-0.185,0.008,-0.036,-0.436,0.433,0.186,-0.813,2.699,-1.581,-5.000,-1.381,-0.037,-0.686,0.614,-4.319,-1.059
-0.951,-0.309,0.000,0.000,0.000,-0.049,-0.068,-0.211,0.719,-0.176,-0.488,-0.040,0.037,-0.176,0.332,-0.125,0.037,0.901,0.912,0.556,-1.519,-2.838,0.167,-0.263,-0.018,-0.487,0.617,-0.189,0.278,-0.035,0.020,-0.026,0.007,-0.034,-0.438,0.510,0.147,-0.630,2.208,-1.798,-5.000,-1.391,0.085,-0.767,0.756,-2.902,-1.582
-0.995,-0.105,0.000,0.000,0.000,-0.029,-0.058,-0.193,0.667,-0.211,-0.486,-0.046,0.036,-0.182,0.346,-0.130,0.043,1.080,0.451,0.631,-1.959,-1.564,0.177,-0.274,-0.093,-0.326,0.803,-0.346,0.377,-0.035,-0.123,0.091,0.007,-0.035,-0.436,0.484,-0.010,-0.604,1.791,-1.508,-5.000,-1.215,0.182,-0.534,0.980,0.044,-1.972
-0.995,0.105,0.000,0.000,0.000,-0.010,-0.047,-0.170,0.604,-0.265,-0.484,-0.052,0.036,-0.189,0.364,-0.138,0.049,0.863,0.408,0.784,-0.987,-6.079,0.133,-0.298,-0.048,-0.430,0.997,-0.423,0.365,-0.039,-0.204,0.043,0.006,-0.038,-0.435,0.315,-0.007,-0.365,1.191,-1.618,-5.000,-0.888,0.194,-0.747,1.028,1.212,-2.035
-0.951,0.309,0.000,0.000,0.000,0.004,-0.040,-0.143,0.520,-0.317,-0.483,-0.060,0.035,-0.201,0.382,-0.144,0.057,0.726,0.002,0.117,-0.810,-4.697,0.469,-0.299,-0.104,-0.908,1.110,-0.329,0.431,-0.007,-0.075,-0.012,0.006,-0.041,-0.434,0.175,-0.028,-0.207,0.475,-1.593,-5.000,-0.807,0.143,-1.040,0.965,1.743,-1.613
-0.866,0.500,0.000,0.000,0.000,-0.003,-0.038,-0.138,0.490,-0.326,-0.408,-0.067,0.034,-0.212,0.395,-0.147,0.067,-1.332,0.036,0.438,-0.747,0.829,10.862,-0.496,0.050,-0.096,0.264,-0.011,0.545,-0.112,-0.049,0.089,0.003,-0.038,-0.431,0.128,-0.172,-0.333,0.058,-1.790,-5.000,-0.413,0.123,-1.088,0.895,1.954,-0.643
-0.743,0.669,0.000,0.000,0.000,-0.030,-0.038,-0.111,0.428,-0.268,-0.068,-0.068,0.034,-0.210,0.389,-0.141,0.075,-0.838,0.106,1.137,-3.132,1.805,17.118,0.388,-0.038,-0.151,-0.402,0.443,0.329,-0.511,-0.044,-0.016,-0.003,-0.042,-0.432,0.334,-0.269,-0.286,-0.297,-1.272,-5.000,0.150,0.053,-0.983,0.876,0.520,2.049
-0.588,0.809,0.000,0.000,0.000,-0.022,-0.037,-0.111,0.416,-0.261,0.049,-0.053,0.035,-0.211,0.378,-0.131,0.080,0.655,0.153,-0.118,0.333,-0.200,0.276,0.660,0.127,0.302,-0.730,0.522,0.277,-1.018,0.024,-0.048,-0.022,-0.039,-0.432,0.673,-0.075,-0.072,-0.360,0.626,-2.202,0.089,0.078,-1.006,1.135,-0.808,4.987
-0.407,0.914,0.000,0.000,0.000,-0.016,-0.027,-0.117,0.418,-0.260,0.055,-0.049,0.039,-0.245,0.420,-0.130,0.265,0.263,0.511,0.027,-0.313,0.198,0.307,0.325,-0.368,-0.272,-1.986,0.616,12.700,-0.431,0.243,-0.605,-0.034,-0.038,-0.438,0.600,0.092,-0.498,-0.145,2.035,-1.810,0.027,0.226,-1.930,2.347,-0.618,5.000
-0.208,0.978,0.000,0.000,0.000,-0.016,-0.017,-0.117,0.408,-0.254,0.061,-0.045,0.036,-0.280,0.459,-0.125,0.444,0.069,0.407,0.361,-0.822,0.468,0.276,0.310,-0.308,-0.064,-2.033,0.778,17.379,-0.200,0.174,-0.548,-0.041,-0.036,-0.452,0.562,-0.125,-0.489,0.036,0.957,-1.111,0.144,0.160,-1.854,2.697,-0.504,5.000
-0.000,1.000,0.000,0.000,0.000,-0.016,-0.010,-0.114,0.394,-0.244,0.065,-0.036,0.032,-0.309,0.500,-0.119,0.463,0.099,0.273,0.385,-0.983,0.591,0.202,0.710,-0.261,0.142,-1.617,0.774,-2.700,-0.158,0.154,-0.362,-0.045,-0.035,-0.457,0.602,-0.094,-0.634,0.002,-0.800,-0.056,0.203,0.143,-1.725,2.877,-0.334,5.000
0.208,0.978,0.000,0.000,0.000,-0.018,-0.004,-0.108,0.375,-0.232,0.069,-0.027,0.032,-0.325,0.544,-0.113,0.459,-0.024,0.232,0.470,-1.085,0.636,0.168,0.619,-0.270,0.380,-0.174,0.674,0.577,-0.074,0.078,-0.291,-0.049,-0.035,-0.463,0.662,0.122,-0.646,-0.105,-1.559,0.478,0.072,0.149,-1.434,3.099,-0.244,5.000
0.407,0.914,0.000,0.000,0.000,-0.022,0.001,-0.101,0.357,-0.221,0.073,-0.021,0.035,-0.333,0.605,-0.143,0.468,-0.162,0.228,0.455,-1.006,0.597,0.176,0.406,-0.128,0.651,0.739,-1.222,0.561,0.042,0.054,-0.262,-0.049,-0.035,-0.468,0.567,0.181,-0.480,0.145,0.712,0.741,-0.076,0.174,-1.385,3.558,-1.130,5.000
0.588,0.809,0.000,0.000,0.000,-0.026,0.005,-0.096,0.342,-0.211,0.077,-0.015,0.033,-0.326,0.646,-0.176,0.469,-0.192,0.223,0.252,-0.721,0.471,0.195,0.336,-0.150,0.681,1.227,-1.452,0.047,-0.001,0.023,-0.209,-0.048,-0.037,-0.472,0.577,0.170,-0.410,0.306,2.656,1.571,-0.058,0.082,-1.161,3.339,-1.294,3.927
0.743,0.669,0.000,0.000,0.000,-0.030,0.011,-0.094,0.331,-0.203,0.081,-0.007,0.028,-0.311,0.668,-0.189,0.464,-0.208,0.330,-0.014,-0.427,0.342,0.188,0.340,-0.230,0.801,1.063,-0.437,-0.240,-0.021,0.068,-0.270,-0.052,-0.035,-0.475,0.518,0.315,-0.533,0.314,3.184,2.221,0.030,0.001,-0.930,3.132,-0.926,3.021
0.866,0.500,0.000,0.000,0.000,-0.035,0.016,-0.093,0.323,-0.197,0.086,-0.001,0.022,-0.284,0.673,-0.208,0.449,-0.286,0.260,-0.028,-0.297,0.255,0.220,0.226,-0.212,1.175,0.608,-0.898,-0.612,0.017,0.022,-0.240,-0.051,-0.035,-0.481,0.459,0.124,-0.388,0.351,4.279,2.357,0.059,-0.011,-0.708,2.849,-1.214,1.855
0.951,0.309,0.000,0.000,0.000,-0.041,0.020,-0.094,0.317,-0.192,0.091,0.004,0.011,-0.253,0.655,-0.239,0.378,-0.397,0.176,-0.200,-0.170,0.233,0.246,0.166,-0.521,1.127,-0.142,-1.674,-5.929,0.088,0.067,-0.180,-0.049,-0.034,-0.485,0.346,0.053,-0.378,0.358,5.000,1.388,0.079,-0.132,-0.593,2.333,-1.655,0.462
0.995,0.105,0.000,0.000,0.000,-0.050,0.024,-0.093,0.310,-0.186,0.096,0.007,0.001,-0.218,0.609,-0.255,0.297,-0.517,0.265,-0.002,-0.282,0.230,0.239,0.136,-0.593,1.093,-0.824,-0.771,-8.700,0.180,-0.043,-0.221,-0.046,-0.034,-0.490,0.309,0.086,-0.143,0.252,5.000,1.244,0.168,-0.172,-0.430,1.635,-1.394,0.019
0.995,-0.105,0.000,0.000,0.000,-0.059,0.030,-0.090,0.301,-0.181,0.100,0.012,-0.009,-0.179,0.542,-0.263,0.184,-0.531,0.329,-0.088,-0.238,0.231,0.238,0.245,-0.416,0.955,-1.068,-0.446,-9.429,0.192,-0.080,-0.264,-0.042,-0.034,-0.495,0.297,0.178,-0.312,0.107,5.000,0.819,0.309,-0.183,-0.110,0.999,-1.287,-1.009
0.951,-0.309,0.000,0.000,0.000,-0.071,0.039,-0.084,0.288,-0.174,0.105,0.018,-0.031,-0.138,0.471,-0.285,0.079,-0.832,0.625,0.085,-0.494,0.312,0.280,0.115,-0.595,0.552,-0.072,-1.121,-4.642,0.350,-0.174,-0.398,-0.035,-0.037,-0.501,-0.120,0.445,-0.200,-0.133,5.000,-0.183,0.506,-0.508,0.122,0.585,-1.678,-1.360
0.866,-0.500,0.000,0.000,0.000,-0.088,0.056,-0.078,0.274,-0.167,0.110,0.023,-0.044,-0.108,0.403,-0.294,-0.017,-1.024,1.046,-0.056,-0.478,0.287,0.295,0.020,0.266,-0.394,0.739,-0.354,1.347,0.494,-0.160,-0.743,-0.023,-0.037,-0.516,-0.279,0.639,-0.088,-0.007,5.000,1.113,0.516,-0.428,-0.045,0.279,-1.494,-1.954
0.743,-0.669,0.000,0.000,0.000,-0.089,0.059,-0.093,0.277,-0.138,0.107,0.023,-0.031,-0.077,0.307,-0.293,-0.140,0.318,0.312,0.418,-2.097,1.109,-12.424,0.372,-1.074,2.495,-7.290,-3.053,-15.100,0.245,0.404,-0.678,-0.014,-0.034,-0.531,-0.308,0.351,-0.724,1.167,3.334,4.889,0.287,-0.090,-0.080,-0.447,-2.981,-2.962
0.588,-0.809,0.000,0.000,0.000,-0.093,0.052,-0.152,0.370,-0.154,0.224,0.012,-0.013,-0.096,0.289,-0.159,-0.024,-0.576,0.862,-1.063,0.515,0.649,21.880,-0.616,0.596,-1.514,1.982,-0.956,0.868,0.115,0.525,-0.280,-0.010,-0.024,-0.541,-0.616,0.042,-1.732,3.344,-0.366,5.000,-0.229,0.196,-0.197,-0.702,-1.862,-3.951
0.407,-0.914,0.000,0.000,0.000,-0.085,0.034,-0.200,0.476,-0.134,0.209,0.011,-0.005,-0.113,0.315,-0.173,-0.012,-0.120,0.527,-0.344,1.115,0.315,-0.192,-0.190,0.494,-0.153,0.776,-0.503,0.576,-0.340,0.049,-0.271,-0.009,-0.022,-0.549,-1.043,-0.271,-1.595,4.104,1.498,4.576,-0.300,0.306,-0.602,-0.031,-2.319,-3.627
0.208,-0.978,0.000,0.000,0.000,-0.091,-0.002,-0.225,0.552,-0.075,0.127,0.005,0.001,-0.117,0.329,-0.181,-0.001,-1.118,-0.085,0.243,0.292,4.723,15.123,-0.574,0.474,0.077,0.418,-0.267,0.623,-0.098,-0.085,-0.177,-0.010,-0.026,-0.554,-1.155,-0.810,-1.247,3.785,1.645,-0.993,-0.672,0.297,-0.825,-0.442,-3.687,-4.767
-0.000,-1.000,0.000,0.000,0.000,-0.099,-0.071,-0.244,0.649,-0.072,-0.115,-0.005,0.005,-0.117,0.337,-0.186,0.010,-0.152,-3.437,-0.099,3.498,0.336,-17.447,-0.399,0.323,0.164,0.145,-0.087,0.535,0.116,-0.200,-0.048,-0.008,-0.031,-0.559,-0.897,-1.539,-0.938,4.534,1.817,-5.000,-1.154,0.165,-0.961,-0.358,-5.000,-3.914
-0.208,-0.978,0.000,0.000,0.000,-0.095,-0.124,-0.245,0.710,-0.076,-0.271,-0.009,0.014,-0.116,0.335,-0.183,0.019,0.280,-2.888,0.110,2.402,1.371,-16.159,-0.210,0.465,0.009,-0.129,0.172,0.413,-0.209,-0.128,-0.486,-0.010,-0.036,-0.567,-0.478,-1.471,-0.865,4.047,2.745,-5.000,-1.034,0.242,-0.870,0.044,-5.000,-2.867
-0.407,-0.914,0.000,0.000,0.000,-0.092,-0.181,-0.245,0.778,-0.057,-0.432,-0.016,0.024,-0.120,0.337,-0.181,0.028,0.116,-2.794,0.399,2.673,2.343,-11.588,-0.445,0.481,-0.253,0.086,0.105,0.463,-0.062,0.003,-0.476,-0.012,-0.037,-0.576,-0.095,-1.742,-0.790,4.409,0.741,-5.000,-1.475,0.165,-0.937,0.253,-4.563,-2.215
-0.588,-0.809,0.000,0.000,0.000,-0.087,-0.204,-0.234,0.834,-0.110,-0.462,-0.023,0.034,-0.127,0.341,-0.180,0.038,0.363,-1.079,0.593,2.477,-2.081,-0.861,-0.350,0.427,-0.387,0.255,0.040,0.517,-0.083,0.048,-0.483,-0.013,-0.037,-0.587,0.303,-1.157,-0.748,4.375,-1.246,-5.000,-1.449,0.088,-0.719,0.567,-5.000,-1.366
-0.743,-0.669,0.000,0.000,0.000,-0.073,-0.163,-0.224,0.838,-0.145,-0.472,-0.028,0.042,-0.139,0.348,-0.179,0.049,1.071,2.006,0.097,0.412,-1.994,-0.420,-0.174,0.195,-0.674,0.460,-0.006,0.548,-0.179,0.180,-0.366,-0.014,-0.033,-0.596,0.765,0.259,-0.955,3.427,-1.488,-5.000,-1.475,-0.082,-0.578,0.890,-3.706,-0.397
-0.866,-0.500,0.000,0.000,0.000,-0.048,-0.132,-0.215,0.812,-0.194,-0.479,-0.033,0.042,-0.150,0.359,-0.182,0.056,1.416,1.431,0.211,-0.931,-2.522,-0.170,-0.266,-0.057,-0.498,0.679,-0.257,0.398,-0.158,0.067,-0.006,-0.018,-0.031,-0.598,0.756,0.097,-0.896,2.836,-1.833,-5.000,-1.496,0.136,-0.470,0.958,-3.071,-1.327
-0.951,-0.309,0.000,0.000,0.000,-0.018,-0.106,-0.196,0.749,-0.248,-0.482,-0.040,0.042,-0.158,0.375,-0.189,0.065,1.621,1.149,0.597,-2.436,-2.726,-0.026,-0.378,-0.046,-0.469,0.984,-0.454,0.403,-0.066,-0.084,0.040,-0.020,-0.031,-0.598,0.902,0.078,-0.599,1.933,-2.100,-5.000,-1.442,0.243,-0.522,1.197,-0.142,-2.231
-0.995,-0.105,0.000,0.000,0.000,0.016,-0.087,-0.178,0.665,-0.292,-0.483,-0.049,0.040,-0.167,0.397,-0.199,0.074,1.797,0.864,0.485,-3.267,-2.099,0.086,-0.405,-0.158,-0.518,1.194,-0.582,0.558,-0.063,-0.127,0.137,-0.021,-0.033,-0.595,0.971,0.044,-0.552,1.224,-2.073,-5.000,-1.277,0.160,-0.610,1.311,2.109,-2.168
-0.995,0.105,0.000,0.000,0.000,0.040,-0.067,-0.167,0.589,-0.402,-0.489,-0.061,0.036,-0.182,0.422,-0.211,0.085,1.150,0.647,-0.580,-1.966,-3.904,0.130,-0.568,-0.335,-0.987,1.365,-0.575,0.609,0.095,-0.028,0.201,-0.020,-0.033,-0.592,0.537,0.108,-0.777,0.738,-1.495,-5.000,-0.969,0.199,-0.798,1.375,3.702,-2.686
-0.951,0.309,0.000,0.000,0.000,0.041,-0.054,-0.172,0.556,-0.333,-0.476,-0.076,0.031,-0.191,0.444,-0.222,0.099,-1.086,-0.031,-0.158,1.006,-0.952,3.366,-0.977,-0.177,-0.023,0.856,-0.519,0.776,0.076,-0.235,0.305,-0.022,-0.033,-0.585,0.410,-0.077,-0.692,0.466,-2.264,-5.000,-0.892,0.250,-0.771,1.342,4.794,-2.211
-0.866,0.500,0.000,0.000,0.000,0.004,-0.049,-0.151,0.527,-0.325,-0.176,-0.090,0.031,-0.188,0.448,-0.224,0.113,-2.102,0.350,1.535,-3.112,1.445,20.909,-0.461,0.016,0.022,-0.113,0.184,0.644,-0.063,-0.215,0.007,-0.020,-0.040,-0.582,0.319,-0.253,-0.392,0.018,-0.319,-5.000,0.012,0.043,-1.159,1.226,2.893,-0.643
-0.743,0.669,0.000,0.000,0.000,-0.005,-0.046,-0.136,0.491,-0.307,0.055,-0.082,0.031,-0.187,0.439,-0.216,0.121,0.693,0.132,-0.227,0.607,-0.470,0.137,0.704,0.138,0.290,-0.695,0.451,0.350,-1.099,0.171,0.066,-0.033,-0.039,-0.583,0.539,-0.090,-0.160,-0.290,0.497,-3.743,0.219,0.173,-0.759,1.201,-0.177,2.174
-0.588,0.809,0.000,0.000,0.000,0.005,-0.036,-0.137,0.497,-0.314,0.059,-0.070,0.033,-0.210,0.468,-0.200,0.193,0.522,0.574,0.382,-0.073,-0.186,0.185,0.882,-0.518,0.168,-1.911,-0.108,-3.237,-0.752,0.031,-0.648,-0.050,-0.040,-0.590,0.816,-0.048,-0.270,-0.315,4.598,-3.445,0.182,0.203,-1.635,2.392,-0.265,5.000
-0.407,0.914,0.000,0.000,0.000,0.009,-0.021,-0.133,0.493,-0.315,0.064,-0.061,0.038,-0.247,0.513,-0.192,0.402,0.228,0.639,0.585,-0.518,0.089,0.250,0.671,-0.259,-0.351,-1.405,0.642,14.121,-0.479,0.019,-0.822,-0.063,-0.042,-0.604,0.573,-0.055,-0.400,0.098,5.000,-2.319,0.214,0.258,-1.834,2.954,-0.763,5.000
-0.208,0.978,0.000,0.000,0.000,0.010,-0.011,-0.127,0.482,-0.310,0.069,-0.048,0.033,-0.284,0.554,-0.181,0.439,0.082,0.412,0.518,-0.843,0.383,0.282,0.826,-0.335,-0.435,-1.493,0.782,-2.316,-0.310,0.084,-0.546,-0.072,-0.044,-0.616,0.627,-0.161,-0.575,0.228,4.045,-1.799,0.185,0.107,-1.876,3.002,-0.586,5.000
-0.000,1.000,0.000,0.000,0.000,0.008,-0.004,-0.120,0.466,-0.300,0.075,-0.036,0.033,-0.311,0.584,-0.179,0.482,-0.062,0.198,0.419,-1.027,0.593,0.318,0.756,-0.258,-0.401,-0.566,0.189,0.616,-0.188,0.099,-0.319,-0.077,-0.044,-0.623,0.673,-0.054,-0.676,0.154,2.818,-0.110,0.174,0.170,-1.660,2.941,-0.676,5.000
0.208,0.978,0.000,0.000,0.000,0.002,0.000,-0.114,0.445,-0.288,0.082,-0.027,0.035,-0.334,0.633,-0.195,0.482,-0.297,0.160,0.438,-1.154,0.678,0.324,0.506,-0.104,-0.307,0.605,-0.643,0.107,0.006,0.106,-0.207,-0.079,-0.043,-0.627,0.546,0.094,-0.604,0.189,3.142,0.546,0.028,0.183,-1.655,3.445,-1.050,5.000
0.407,0.914,0.000,0.000,0.000,-0.005,0.004,-0.107,0.425,-0.275,0.088,-0.017,0.034,-0.346,0.678,-0.217,0.479,-0.325,0.182,0.331,-1.049,0.631,0.314,0.562,-0.077,-0.131,1.378,-0.913,-0.107,0.009,0.098,-0.175,-0.080,-0.043,-0.631,0.551,0.178,-0.575,0.289,3.776,1.634,0.109,0.139,-1.491,3.565,-1.202,4.418
0.588,0.809,0.000,0.000,0.000,-0.013,0.009,-0.101,0.406,-0.264,0.094,-0.006,0.033,-0.343,0.709,-0.243,0.470,-0.400,0.298,0.252,-0.865,0.513,0.316,0.568,-0.081,0.236,1.412,-1.180,-0.383,0.023,0.080,-0.249,-0.079,-0.043,-0.634,0.363,0.285,-0.489,0.420,4.265,2.034,0.177,0.092,-1.277,3.468,-1.410,3.142
0.743,0.669,0.000,0.000,0.000,-0.020,0.015,-0.096,0.390,-0.255,0.100,0.007,0.030,-0.326,0.723,-0.277,0.458,-0.405,0.306,0.155,-0.673,0.405,0.327,0.612,-0.067,0.813,0.920,-1.581,-0.541,0.013,0.058,-0.262,-0.078,-0.042,-0.640,0.412,0.240,-0.485,0.418,4.954,2.280,0.244,0.078,-0.952,3.224,-1.701,2.000
0.866,0.500,0.000,0.000,0.000,-0.029,0.021,-0.093,0.377,-0.247,0.108,0.020,0.022,-0.303,0.723,-0.300,0.389,-0.512,0.318,0.057,-0.576,0.358,0.361,0.599,-0.339,1.007,0.334,-0.992,-4.290,0.094,0.104,-0.284,-0.078,-0.039,-0.645,0.296,0.208,-0.415,0.390,5.000,1.749,0.321,-0.035,-0.833,2.951,-1.610,0.501
0.951,0.309,0.000,0.000,0.000,-0.043,0.028,-0.087,0.360,-0.239,0.116,0.030,0.006,-0.270,0.694,-0.322,0.292,-0.812,0.395,0.240,-0.792,0.431,0.426,0.366,-0.774,1.218,-0.601,-1.065,-7.071,0.302,0.037,-0.344,-0.072,-0.039,-0.651,0.075,0.226,-0.202,0.158,5.000,0.925,0.341,-0.247,-0.630,2.321,-1.780,-0.406
0.995,0.105,0.000,0.000,0.000,-0.060,0.038,-0.077,0.339,-0.229,0.124,0.037,-0.006,-0.234,0.642,-0.304,0.163,-0.966,0.592,0.389,-0.997,0.488,0.415,0.285,-0.569,1.213,-1.456,1.083,-8.183,0.446,-0.003,-0.533,-0.064,-0.040,-0.660,0.020,0.334,-0.097,-0.011,5.000,1.290,0.433,-0.214,-0.458,1.698,-0.891,-1.466
0.995,-0.105,0.000,0.000,0.000,-0.081,0.053,-0.062,0.314,-0.218,0.133,0.042,-0.032,-0.184,0.564,-0.317,0.059,-1.162,0.867,0.630,-1.146,0.480,0.451,0.063,-0.961,1.631,-1.809,-0.717,-4.009,0.558,-0.187,-0.686,-0.054,-0.040,-0.672,-0.048,0.643,0.001,-0.128,5.000,0.907,0.326,-0.607,0.109,0.920,-1.650,-1.668
0.951,-0.309,0.000,0.000,0.000,-0.097,0.076,-0.050,0.293,-0.211,0.139,0.056,-0.058,-0.145,0.492,-0.293,-0.076,-0.282,1.365,0.309,-0.649,0.161,0.175,1.182,-0.610,0.944,-1.346,1.379,-0.930,0.307,-0.101,-1.122,-0.041,-0.043,-0.691,-0.413,0.893,0.038,-0.158,5.000,2.040,0.644,-0.713,-0.021,0.680,-0.788,-2.503
0.866,-0.500,0.000,0.000,0.000,-0.096,0.099,-0.047,0.287,-0.210,0.143,0.071,-0.065,-0.116,0.415,-0.280,-0.003,0.114,0.957,0.210,-0.279,0.087,0.225,0.555,-1.286,2.218,-5.301,-2.682,5.319,-0.296,-0.104,-0.971,-0.042,-0.044,-0.717,-0.692,0.874,-0.160,0.647,4.785,4.390,0.508,-0.631,-0.084,-0.204,-1.844,-4.085
0.743,-0.669,0.000,0.000,0.000,-0.094,0.106,-0.083,0.335,-0.238,0.337,0.069,-0.052,-0.118,0.376,-0.181,0.231,0.096,0.767,-0.603,0.772,-0.103,-0.620,-0.808,1.233,0.129,-1.271,3.814,16.700,-0.468,0.618,-0.771,-0.049,-0.038,-0.734,-1.634,0.409,-0.693,2.613,3.850,5.000,0.467,-0.230,-0.616,-0.681,-1.486,-5.000
0.588,-0.809,0.000,0.000,0.000,-0.093,0.095,-0.135,0.437,-0.338,0.539,0.073,-0.045,-0.129,0.389,-0.219,0.390,0.036,-1.347,-2.248,5.017,-6.937,8.643,-0.051,0.200,-0.023,0.252,-3.040,12.521,-1.131,0.074,0.049,-0.066,-0.035,-0.739,-1.947,-0.537,-1.147,4.646,2.769,5.000,-0.679,0.406,-0.788,-0.979,0.841,-5.000
0.407,-0.914,0.000,0.000,0.000,-0.092,0.046,-0.171,0.552,-0.380,0.650,0.067,-0.039,-0.137,0.409,-0.268,0.541,0.036,-0.746,-1.825,7.174,0.287,4.641,-0.575,0.476,0.784,-2.160,-6.353,5.657,-0.787,-0.241,0.018,-0.087,-0.036,-0.738,-2.286,-1.562,-0.749,5.000,2.608,3.462,-1.492,0.926,-0.997,-0.871,0.234,-5.000
0.208,-0.978,0.000,0.000,0.000,-0.090,-0.047,-0.179,0.643,-0.391,0.596,0.049,-0.032,-0.144,0.439,-0.243,0.668,0.099,-6.992,-0.245,6.241,2.035,-20.370,-0.908,0.227,-0.096,1.897,-1.247,3.461,-0.331,-0.477,0.053,-0.098,-0.043,-0.739,-1.857,-3.097,-0.367,5.000,0.031,-1.957,-1.733,0.946,-0.913,-0.428,-0.774,-5.000
0.000,-1.000,0.000,0.000,0.000,-0.083,-0.199,-0.172,0.744,-0.336,0.233,0.029,-0.025,-0.142,0.471,-0.265,0.710,0.558,-10.189,-0.903,8.326,2.232,-50.338,-0.670,0.564,-0.040,1.360,-0.842,-1.642,0.318,-0.837,-0.512,-0.097,-0.058,-0.739,-0.773,-3.902,-0.453,5.000,-0.267,-5.000,-2.157,1.114,-0.769,0.224,-1.137,-5.000
-0.208,-0.978,0.000,0.000,0.000,-0.079,-0.295,-0.170,0.820,-0.290,0.421,0.018,-0.009,-0.144,0.491,-0.277,0.657,0.423,-3.453,0.033,3.383,2.521,16.439,-0.464,0.916,-0.156,0.865,-0.426,-3.453,0.122,-0.371,-0.784,-0.092,-0.069,-0.754,0.268,-3.080,-0.897,5.000,-0.416,-5.000,-2.043,0.417,-0.811,0.806,-4.870,-3.975
-0.407,-0.914,0.000,0.000,0.000,-0.042,-0.348,-0.183,0.897,-0.337,0.055,0.021,0.015,-0.152,0.501,-0.278,0.537,1.929,-1.530,-0.161,2.562,-3.313,-3.544,0.308,1.302,-0.331,0.244,0.123,-7.513,-0.208,-0.015,-1.146,-0.090,-0.074,-0.775,1.383,-2.263,-0.965,5.000,-2.768,-5.000,-2.168,0.559,-1.005,1.017,-5.000,-2.234
-0.588,-0.809,0.000,0.000,0.000,0.013,-0.346,-0.204,0.936,-0.455,-0.213,0.032,0.035,-0.161,0.496,-0.260,0.320,2.962,0.270,-1.150,1.635,-6.176,-10.854,0.488,0.662,-0.291,-1.039,2.636,-12.965,-0.240,0.220,-1.204,-0.094,-0.075,-0.803,1.797,-1.221,-1.310,4.445,-4.263,-5.000,-2.179,0.344,-0.808,1.231,-4.187,-1.652
-0.743,-0.669,0.000,0.000,0.000,0.059,-0.286,-0.228,0.924,-0.542,-0.398,0.025,0.028,-0.170,0.476,-0.276,0.012,2.129,2.728,-1.294,-0.651,-4.091,-11.359,-0.577,-0.847,-0.162,-1.714,1.370,-27.428,0.398,0.475,-1.095,-0.090,-0.069,-0.825,1.435,-0.005,-1.553,3.542,-3.807,-5.000,-1.850,-0.000,-0.716,1.283,-3.743,-0.957
-0.866,-0.500,0.000,0.000,0.000,0.097,-0.210,-0.232,0.838,-0.545,-0.506,-0.002,0.044,-0.201,0.513,-0.259,0.053,2.174,3.314,-0.419,-3.331,0.800,-0.734,-1.128,0.296,-1.270,2.052,-0.615,1.857,0.414,0.107,-0.583,-0.079,-0.065,-0.843,1.486,0.558,-1.179,1.959,-1.985,-5.000,-1.327,-0.164,-0.865,1.181,-2.791,-1.778
-0.951,-0.309,0.000,0.000,0.000,0.134,-0.144,-0.221,0.739,-0.527,-0.499,-0.024,0.047,-0.218,0.547,-0.270,0.087,1.853,2.987,0.259,-3.980,1.096,0.612,-1.011,-0.052,-0.767,1.562,-0.557,1.638,0.157,-0.146,-0.010,-0.074,-0.067,-0.847,1.083,0.589,-0.753,1.324,-1.843,-5.000,-1.098,-0.025,-1.190,1.298,1.385,-2.770
-0.995,-0.105,0.000,0.000,0.000,0.144,-0.105,-0.234,0.724,-0.420,-0.455,-0.050,0.042,-0.230,0.573,-0.280,0.115,-0.793,1.277,-0.757,2.049,-2.279,3.469,-1.532,-0.189,-0.332,1.017,-0.424,1.482,0.172,-0.009,0.371,-0.070,-0.069,-0.841,0.874,0.099,-0.685,1.412,-2.405,-5.000,-1.139,-0.232,-1.651,1.146,0.507,-3.296
-0.995,0.105,0.000,0.000,0.000,0.118,-0.080,-0.231,0.712,-0.441,-0.314,-0.078,0.043,-0.234,0.581,-0.282,0.142,-1.708,1.219,-0.067,0.090,0.033,14.713,-1.309,0.105,-0.203,0.170,0.065,1.248,0.156,0.040,0.121,-0.064,-0.073,-0.838,0.657,0.169,-0.954,1.343,-2.371,-5.000,-0.993,0.166,-1.302,1.390,1.407,-3.373
-0.951,0.309,0.000,0.000,0.000,0.084,-0.062,-0.210,0.651,-0.373,0.088,-0.091,0.046,-0.239,0.576,-0.274,0.161,-1.763,0.893,1.690,-4.789,2.420,27.320,-0.323,0.046,-0.395,-0.495,0.596,0.830,-0.344,0.147,-0.036,-0.066,-0.072,-0.840,1.109,-0.152,-0.798,-0.011,-0.501,-5.000,-0.124,0.203,-1.352,1.803,1.987,-1.977
-0.866,0.500,0.000,0.000,0.000,0.090,-0.052,-0.226,0.669,-0.379,0.059,-0.078,0.052,-0.267,0.582,-0.260,0.139,0.275,0.794,-0.089,0.501,-0.283,-1.145,0.944,0.082,-0.962,-0.822,0.767,-1.611,-0.749,0.174,-0.666,-0.081,-0.064,-0.846,0.766,-0.208,-0.282,-0.653,1.413,-5.000,0.409,0.340,-2.072,2.368,-1.066,0.788
-0.743,0.669,0.000,0.000,0.000,0.090,-0.032,-0.220,0.673,-0.383,0.044,-0.062,0.054,-0.302,0.596,-0.241,0.255,-0.082,1.040,0.583,-0.046,-0.131,-0.503,0.895,-0.136,-1.338,-0.415,0.875,5.387,-0.471,-0.159,-1.079,-0.092,-0.069,-0.864,0.786,-0.065,-0.421,-0.400,2.403,-5.000,0.183,0.238,-2.140,2.601,-0.824,3.153
-0.588,0.809,0.000,0.000,0.000,0.086,-0.016,-0.210,0.670,-0.383,0.039,-0.045,0.050,-0.340,0.630,-0.234,0.436,-0.229,0.611,0.561,-0.302,0.110,-0.138,0.919,-0.171,-1.232,0.345,0.385,11.961,-0.282,-0.225,-0.760,-0.097,-0.075,-0.882,0.725,-0.226,-0.788,-0.012,2.791,-3.004,0.301,0.198,-2.065,3.169,-0.873,5.000
-0.407,0.914,0.000,0.000,0.000,0.077,-0.006,-0.205,0.662,-0.377,0.041,-0.028,0.048,-0.377,0.655,-0.216,0.476,-0.512,0.385,0.241,-0.494,0.373,0.204,0.808,-0.152,-1.619,0.547,0.902,0.588,-0.080,-0.079,-0.448,-0.100,-0.080,-0.893,0.518,-0.132,-0.943,0.067,-0.350,-1.231,0.255,0.196,-2.245,3.072,-0.562,5.000
-0.208,0.978,0.000,0.000,0.000,0.063,-0.001,-0.202,0.651,-0.368,0.047,-0.018,0.047,-0.406,0.672,-0.227,0.480,-0.792,0.234,0.092,-0.633,0.540,0.340,0.414,-0.079,-1.250,0.650,-0.675,0.087,0.147,0.001,-0.214,-0.099,-0.082,-0.899,0.619,0.083,-1.118,0.078,-1.833,-1.132,-0.038,0.147,-2.069,3.071,-1.141,5.000
-0.000,1.000,0.000,0.000,0.000,0.050,0.003,-0.198,0.637,-0.358,0.053,-0.005,0.049,-0.417,0.703,-0.265,0.479,-0.604,0.200,0.180,-0.650,0.514,0.324,0.746,0.162,-0.126,1.314,-1.680,0.018,0.104,-0.059,-0.138,-0.096,-0.082,-0.901,0.806,0.259,-1.225,0.467,-2.352,1.565,0.221,0.278,-1.591,3.520,-1.567,5.000
0.208,0.978,0.000,0.000,0.000,0.035,0.008,-0.203,0.625,-0.346,0.060,0.007,0.050,-0.421,0.736,-0.267,0.480,-0.774,0.253,-0.397,-0.617,0.659,0.475,0.528,0.039,-0.034,1.376,0.138,0.061,0.193,0.286,-0.142,-0.093,-0.080,-0.904,0.563,0.489,-1.591,0.211,-3.492,1.249,0.074,0.181,-1.544,3.632,-0.902,5.000
0.407,0.914,0.000,0.000,0.000,0.017,0.011,-0.208,0.611,-0.331,0.071,0.017,0.040,-0.402,0.770,-0.295,0.474,-0.970,0.195,-0.301,-0.790,0.744,0.543,0.375,-0.412,1.206,1.675,-1.241,-0.316,0.354,0.304,-0.082,-0.086,-0.075,-0.907,0.434,0.393,-1.458,0.584,-1.260,1.004,0.108,-0.022,-1.015,3.847,-1.557,3.507
0.588,0.809,0.000,0.000,0.000,-0.002,0.017,-0.208,0.592,-0.317,0.082,0.022,0.036,-0.358,0.790,-0.309,0.463,-0.979,0.301,-0.043,-0.970,0.729,0.573,0.205,-0.165,2.163,1.206,-0.338,-0.524,0.404,0.216,-0.206,-0.079,-0.070,-0.910,0.713,0.354,-1.112,0.630,-1.116,1.240,-0.016,0.026,-0.588,3.648,-1.372,2.210
0.743,0.669,0.000,0.000,0.000,-0.018,0.022,-0.208,0.571,-0.302,0.092,0.029,0.030,-0.301,0.766,-0.324,0.431,-0.775,0.276,-0.161,-0.948,0.765,0.479,0.301,-0.328,2.403,-0.423,-0.822,-4.348,0.259,0.269,-0.240,-0.073,-0.065,-0.916,1.008,0.172,-0.880,0.715,1.544,1.620,-0.027,-0.015,-0.334,2.726,-1.716,1.464
0.866,0.500,0.000,0.000,0.000,-0.034,0.029,-0.213,0.550,-0.285,0.102,0.032,0.021,-0.252,0.729,-0.317,0.399,-0.842,0.394,-0.316,-1.022,0.852,0.493,0.134,-0.532,2.014,-1.157,0.356,-4.975,0.295,0.417,-0.344,-0.067,-0.058,-0.922,0.637,0.315,-0.956,0.610,4.615,0.631,0.042,-0.105,-0.281,2.318,-1.217,1.068
0.951,0.309,0.000,0.000,0.000,-0.051,0.037,-0.214,0.527,-0.268,0.112,0.033,0.013,-0.203,0.680,-0.327,0.343,-0.880,0.429,-0.130,-1.097,0.828,0.492,0.002,-0.463,1.991,-1.580,-0.636,-6.102,0.336,0.326,-0.419,-0.060,-0.051,-0.931,0.492,0.228,-0.709,0.637,5.000,0.901,0.069,-0.089,-0.121,1.883,-1.679,0.514
0.995,0.105,0.000,0.000,0.000,-0.069,0.046,-0.214,0.505,-0.252,0.122,0.031,0.003,-0.157,0.627,-0.381,0.286,-0.895,0.469,-0.030,-1.053,0.763,0.480,-0.133,-0.530,1.792,-1.698,-2.810,-5.345,0.384,0.241,-0.445,-0.052,-0.046,-0.939,0.455,0.278,-0.611,0.685,5.000,1.399,-0.022,-0.178,-0.014,1.585,-2.744,0.203
0.995,-0.105,0.000,0.000,0.000,-0.087,0.058,-0.214,0.483,-0.237,0.132,0.032,-0.015,-0.126,0.579,-0.410,0.186,-0.933,0.651,-0.019,-1.037,0.730,0.455,0.071,-0.786,1.114,-1.674,-1.200,-5.088,0.400,0.228,-0.588,-0.044,-0.042,-0.951,-0.109,0.414,-0.561,0.603,5.000,1.076,0.446,-0.365,-0.178,1.440,-2.268,-0.661
0.951,-0.309,0.000,0.000,0.000,-0.094,0.071,-0.214,0.466,-0.225,0.137,0.040,-0.017,-0.102,0.510,-0.428,0.197,-0.088,0.777,-0.327,-0.505,0.456,0.282,0.294,1.715,-1.042,1.054,0.363,1.552,-0.112,0.017,-0.466,-0.039,-0.039,-0.963,0.013,0.436,-0.538,0.714,5.000,1.681,0.343,-0.343,-0.100,0.475,-2.499,-1.397
0.866,-0.500,0.000,0.000,0.000,-0.093,0.077,-0.210,0.447,-0.211,0.149,0.039,-0.006,-0.101,0.482,-0.349,0.241,0.072,0.206,0.205,-1.047,0.839,0.375,0.012,0.159,0.090,-1.005,0.903,0.829,-0.365,0.036,-0.254,-0.045,-0.036,-0.972,-0.933,0.665,-0.606,0.861,5.000,1.357,0.655,-0.306,-0.710,0.331,-2.759,-3.756
0.743,-0.669,0.000,0.000,0.000,-0.092,0.079,-0.217,0.434,-0.197,0.171,0.040,-0.003,-0.106,0.464,-0.329,0.256,0.055,0.045,-0.401,-0.693,0.690,1.044,0.070,0.107,-0.359,-0.930,0.991,0.780,-0.466,0.323,-0.079,-0.053,-0.033,-0.975,-1.468,0.314,-0.568,1.801,5.000,2.667,0.337,-0.055,-1.242,-0.226,-3.386,-5.000
0.588,-0.809,0.000,0.000,0.000,-0.092,0.068,-0.252,0.485,-0.249,0.423,0.047,-0.002,-0.114,0.450,-0.315,0.277,-0.014,-0.098,-1.726,2.541,-1.515,9.091,0.344,0.163,-0.374,-0.384,0.412,2.743,-0.689,0.342,0.054,-0.067,-0.025,-0.975,-1.884,-0.279,-0.863,3.623,3.443,4.504,-0.263,0.256,-1.212,-0.652,-4.014,-5.000
0.407,-0.914,0.000,0.000,0.000,-0.092,0.012,-0.275,0.578,-0.248,0.481,0.040,0.013,-0.110,0.423,-0.320,0.235,0.013,-4.113,0.305,3.693,2.043,-0.941,-0.941,3.599,1.484,-4.857,-5.220,-10.117,-0.586,-0.169,0.187,-0.082,-0.024,-0.971,-2.146,-1.333,-0.595,4.702,1.589,2.189,-0.949,0.602,-1.243,-0.633,-4.422,-5.000
0.208,-0.978,0.000,0.000,0.000,-0.092,-0.110,-0.252,0.658,-0.259,0.380,0.015,0.030,-0.112,0.383,-0.295,-0.142,-0.032,-3.679,2.255,1.273,-4.090,28.697,-1.325,0.347,0.808,-3.059,3.284,-44.734,-0.003,-0.008,-0.122,-0.084,-0.027,-0.972,-1.477,-2.743,-0.063,4.471,-0.413,-3.137,-1.446,0.701,-1.187,-0.302,-4.106,-5.000
-0.000,-1.000,0.000,0.000,0.000,-0.093,-0.207,-0.220,0.757,-0.262,0.050,-0.031,0.059,-0.130,0.386,-0.217,0.154,-0.644,-3.080,3.318,2.283,1.780,0.235,-1.797,0.948,-0.833,1.493,2.971,10.758,0.120,-0.003,-0.535,-0.084,-0.031,-0.980,-0.134,-2.548,0.037,5.000,-0.223,-5.000,-1.797,0.759,-1.140,0.521,-5.000,-5.000
-0.208,-0.978,0.000,0.000,0.000,-0.089,-0.330,-0.181,0.850,-0.237,-0.260,-0.066,0.079,-0.135,0.375,-0.211,0.147,0.046,-4.734,2.072,3.807,1.120,-4.106,-1.400,0.443,-2.021,3.379,-1.896,1.641,0.076,-0.106,-0.309,-0.081,-0.036,-0.991,0.481,-3.469,-0.007,5.000,-0.649,-5.000,-2.039,0.732,-0.726,0.602,-4.084,-5.000
-0.407,-0.914,0.000,0.000,0.000,-0.059,-0.366,-0.162,0.926,-0.268,-0.476,-0.070,0.093,-0.159,0.408,-0.226,0.163,2.011,-1.591,0.608,3.300,-2.239,-10.075,-0.059,0.563,-1.004,1.350,-0.608,0.586,-0.491,0.094,-0.669,-0.086,-0.037,-1.006,1.258,-1.943,-0.720,5.000,-2.300,-5.000,-2.273,0.579,-0.504,1.095,-3.358,-3.156
-0.588,-0.809,0.000,0.000,0.000,-0.010,-0.375,-0.156,0.985,-0.319,-0.508,-0.070,0.098,-0.170,0.429,-0.237,0.176,2.660,-0.399,0.192,2.667,-2.450,0.123,0.033,0.124,-0.262,0.934,-0.590,0.557,-0.646,-0.160,-0.200,-0.098,-0.037,-1.014,1.452,-1.550,-0.793,4.991,-2.415,-5.000,-2.296,0.492,-0.205,1.164,-3.119,-2.644
-0.743,-0.669,0.000,0.000,0.000,0.050,-0.341,-0.163,0.962,-0.414,-0.500,-0.074,0.102,-0.183,0.450,-0.247,0.190,3.103,1.579,-0.936,-0.942,-5.388,0.455,-0.322,0.022,-0.714,1.136,-0.535,0.651,-0.455,0.027,-0.095,-0.108,-0.039,-1.019,1.787,-0.684,-1.163,3.456,-3.940,-5.000,-2.183,0.551,-0.536,1.520,-1.329,-2.416
-0.866,-0.500,0.000,0.000,0.000,0.103,-0.308,-0.177,0.927,-0.550,-0.493,-0.087,0.098,-0.190,0.475,-0.262,0.207,2.517,1.549,-0.799,-1.510,-6.612,0.350,-0.825,-0.273,-0.189,1.308,-0.842,0.929,-0.130,-0.272,0.269,-0.113,-0.042,-1.015,1.646,-0.583,-1.162,3.150,-4.832,-5.000,-2.063,0.452,-0.309,1.701,-0.046,-2.556
-0.951,-0.309,0.000,0.000,0.000,0.148,-0.237,-0.193,0.847,-0.621,-0.489,-0.108,0.096,-0.200,0.504,-0.278,0.227,2.171,3.193,-1.183,-3.340,-2.939,0.200,-1.131,-0.196,-0.577,1.564,-0.874,1.001,0.092,-0.209,0.198,-0.113,-0.046,-1.009,1.630,0.299,-1.252,2.036,-3.752,-5.000,-1.758,0.465,-0.811,1.832,1.385,-2.515
-0.995,-0.105,0.000,0.000,0.000,0.190,-0.190,-0.211,0.762,-0.481,-0.489,-0.128,0.089,-0.206,0.531,-0.294,0.248,1.796,2.000,0.196,-5.970,11.575,-0.339,-0.958,-0.296,0.118,1.097,-0.805,1.027,-0.111,-0.278,0.431,-0.114,-0.050,-1.001,1.765,0.000,-1.270,1.126,-1.314,-5.000,-1.090,0.231,-0.865,1.761,3.296,-3.058
-0.995,0.105,0.000,0.000,0.000,0.178,-0.166,-0.221,0.813,-0.538,-0.434,-0.150,0.088,-0.208,0.550,-0.306,0.271,-0.969,0.990,-0.056,1.498,-1.836,4.200,-0.960,0.188,-0.116,0.692,-0.389,1.099,-0.062,-0.343,0.015,-0.115,-0.057,-0.996,1.016,0.077,-1.083,0.438,-0.205,-5.000,-0.300,0.279,-1.118,2.072,3.483,-2.284
-0.951,0.309,0.000,0.000,0.000,0.152,-0.150,-0.211,0.815,-0.548,-0.203,-0.155,0.087,-0.216,0.559,-0.297,0.280,-1.500,0.981,0.832,-0.914,0.352,17.242,0.098,0.229,-0.857,0.734,3.192,-0.352,-0.625,-0.150,-0.347,-0.122,-0.062,-1.000,1.083,-0.212,-0.740,-0.110,0.496,-5.000,0.072,0.129,-1.301,2.183,1.520,-1.218
-0.866,0.500,0.000,0.000,0.000,0.151,-0.136,-0.203,0.800,-0.521,-0.004,-0.130,0.083,-0.246,0.600,-0.298,0.320,1.032,0.626,-0.552,1.942,-1.556,0.436,1.583,0.270,-0.990,0.887,-0.668,12.084,-1.558,0.239,-0.437,-0.143,-0.062,-1.011,1.455,-0.615,-0.496,0.019,4.081,-5.000,0.328,0.316,-1.732,3.082,-0.363,0.555
-0.743,0.669,0.000,0.000,0.000,0.163,-0.114,-0.207,0.833,-0.550,0.006,-0.101,0.086,-0.297,0.660,-0.267,0.335,0.465,1.199,0.206,1.396,-1.347,0.557,1.443,-0.123,-1.942,1.323,0.906,-5.464,-1.100,-0.032,-1.209,-0.169,-0.065,-1.030,0.919,-0.372,-0.568,0.225,5.000,-5.000,0.180,0.382,-2.457,3.606,-0.525,3.790
-0.588,0.809,0.000,0.000,0.000,0.166,-0.091,-0.202,0.859,-0.574,0.018,-0.079,0.085,-0.345,0.719,-0.230,0.471,0.013,1.063,0.386,1.132,-1.123,0.654,0.994,0.103,-1.886,1.805,2.100,13.284,-0.757,-0.232,-1.165,-0.186,-0.074,-1.051,0.732,-0.286,-0.827,0.074,5.000,-4.499,0.234,0.324,-2.299,3.944,-0.195,4.605
-0.407,0.914,0.000,0.000,0.000,0.165,-0.071,-0.194,0.879,-0.594,0.031,-0.055,0.077,-0.372,0.742,-0.265,0.504,-0.128,0.983,0.353,0.973,-0.950,0.642,1.151,-0.423,-1.338,1.228,-2.169,4.147,-0.591,-0.271,-1.018,-0.195,-0.084,-1.071,0.985,-0.038,-0.874,0.603,5.000,-2.216,0.189,0.199,-2.024,3.435,-1.923,4.642
-0.208,0.978,0.000,0.000,0.000,0.159,-0.052,-0.198,0.900,-0.610,0.044,-0.034,0.068,-0.417,0.782,-0.260,0.508,-0.357,0.897,-0.312,1.017,-0.706,0.686,1.033,-0.419,-2.056,1.465,0.450,-0.520,-0.368,0.103,-0.879,-0.204,-0.088,-1.089,0.788,0.046,-1.252,0.275,4.340,-2.018,0.250,0.141,-2.479,3.854,-0.857,5.000
-0.000,1.000,0.000,0.000,0.000,0.148,-0.038,-0.203,0.919,-0.623,0.059,-0.014,0.060,-0.446,0.838,-0.292,0.496,-0.684,0.605,-0.248,0.903,-0.609,0.764,0.996,-0.370,-1.019,2.411,-1.553,-0.482,-0.107,0.024,-0.587,-0.207,-0.089,-1.104,0.385,0.011,-1.326,0.558,5.000,-0.487,0.485,0.171,-2.116,4.435,-1.666,5.000
0.208,0.978,0.000,0.000,0.000,0.128,-0.025,-0.208,0.935,-0.633,0.076,-0.001,0.062,-0.459,0.869,-0.315,0.486,-1.153,0.640,-0.315,0.736,-0.469,0.871,0.556,0.090,-0.587,1.565,-1.019,-0.493,0.204,0.085,-0.553,-0.205,-0.090,-1.116,0.179,0.090,-1.248,0.523,4.893,0.200,0.310,0.306,-2.066,4.116,-1.644,4.127
0.407,0.914,0.000,0.000,0.000,0.102,-0.011,-0.211,0.947,-0.643,0.093,0.016,0.052,-0.451,0.892,-0.364,0.472,-1.371,0.781,-0.146,0.576,-0.439,0.894,0.844,-0.412,0.483,1.199,-2.282,-0.595,0.403,0.043,-0.632,-0.196,-0.092,-1.128,0.021,0.381,-1.268,0.727,5.000,1.150,0.589,0.086,-1.582,4.083,-2.282,2.997
0.588,0.809,0.000,0.000,0.000,0.073,0.005,-0.212,0.957,-0.651,0.112,0.034,0.043,-0.424,0.906,-0.417,0.442,-1.556,0.894,-0.148,0.473,-0.384,0.981,0.858,-0.359,1.417,0.802,-2.322,-1.523,0.565,0.068,-0.749,-0.187,-0.092,-1.141,0.048,0.493,-1.314,0.763,4.473,0.944,0.574,0.056,-1.103,3.985,-2.504,1.489
0.743,0.669,0.000,0.000,0.000,0.041,0.024,-0.214,0.965,-0.658,0.131,0.054,0.034,-0.384,0.915,-0.428,0.374,-1.658,0.958,-0.219,0.391,-0.322,0.948,1.001,-0.346,2.042,0.559,-0.123,-3.198,0.671,0.125,-0.817,-0.171,-0.095,-1.156,-0.037,0.472,-1.253,0.642,4.624,1.063,0.793,0.048,-0.752,3.939,-1.746,0.622
0.866,0.500,0.000,0.000,0.000,0.005,0.045,-0.210,0.967,-0.664,0.151,0.074,0.022,-0.330,0.899,-0.470,0.083,-1.848,1.049,0.220,0.098,-0.319,0.987,1.033,-0.932,2.225,-0.031,-1.233,-32.230,0.845,-0.035,-1.001,-0.155,-0.098,-1.175,-0.041,0.392,-0.720,0.711,5.000,1.539,0.729,-0.096,-0.492,3.361,-2.304,-0.716
0.951,0.309,0.000,0.000,0.000,-0.033,0.067,-0.205,0.965,-0.668,0.171,0.079,0.015,-0.274,0.868,-0.500,-0.019,-1.712,0.944,0.275,-0.160,-0.127,0.922,0.869,-2.416,3.136,-2.421,-2.067,-43.698,1.036,-0.009,-1.091,-0.135,-0.101,-1.195,-0.153,0.797,-1.044,0.441,5.000,2.010,0.657,-0.149,-0.076,2.875,-1.611,-1.493
0.995,0.105,0.000,0.000,0.000,-0.061,0.080,-0.185,0.953,-0.668,0.190,0.051,0.028,-0.266,0.887,-0.518,0.028,-0.853,0.247,1.554,-0.907,0.081,0.746,-1.004,0.083,1.272,-0.016,-0.361,2.023,0.329,-0.677,-0.282,-0.120,-0.109,-1.206,0.064,0.823,-1.192,1.008,5.000,3.358,0.342,-0.277,0.257,1.853,-2.221,-2.489
0.995,-0.105,0.000,0.000,0.000,-0.079,0.110,-0.171,0.906,-0.647,0.204,0.036,0.024,-0.245,0.876,-0.516,0.063,-0.883,1.579,0.981,-4.309,-5.758,-0.558,-0.664,-0.455,1.045,-0.920,0.297,1.608,-0.180,-0.439,0.237,-0.121,-0.120,-1.204,-1.250,1.834,-1.455,0.505,4.261,-0.357,0.995,-0.836,-0.252,2.222,-2.654,-5.000
0.951,-0.309,0.000,0.000,0.000,-0.094,0.109,-0.160,0.883,-0.630,0.227,0.020,0.021,-0.232,0.852,-0.502,0.091,-0.478,0.168,0.577,-1.439,0.931,0.926,-0.550,0.084,0.671,-1.573,0.959,1.271,-0.002,-0.040,0.137,-0.126,-0.123,-1.198,-1.890,0.976,-0.341,1.396,5.000,1.050,0.647,-0.401,-1.467,1.269,-2.282,-5.000
0.866,-0.500,0.000,0.000,0.000,-0.095,0.101,-0.164,0.860,-0.608,0.243,0.019,0.015,-0.227,0.816,-0.479,0.113,0.059,-0.506,-0.379,-1.188,1.129,0.805,0.061,-0.436,0.118,-1.882,1.264,1.030,-0.764,0.447,0.460,-0.136,-0.116,-1.191,-2.239,0.107,-0.688,2.797,3.834,4.184,0.242,-0.221,-1.387,-0.179,-3.450,-5.000
0.743,-0.669,0.000,0.000,0.000,-0.094,0.057,-0.165,0.891,-0.576,0.374,0.019,0.011,-0.223,0.779,-0.454,0.134,0.051,-1.678,0.627,0.740,2.883,16.426,-0.005,0.124,0.197,-1.870,1.258,0.942,-0.769,0.477,0.253,-0.153,-0.106,-1.185,-2.646,-0.667,-0.274,4.255,3.056,5.000,-0.619,0.442,-1.426,-1.041,-2.779,-5.000
0.588,-0.809,0.000,0.000,0.000,-0.093,-0.029,-0.153,0.953,-0.542,0.405,0.012,0.020,-0.222,0.745,-0.430,0.157,0.009,-3.291,1.265,1.873,3.084,16.680,-0.370,0.789,0.068,-1.787,1.286,1.028,-0.543,0.492,-0.316,-0.167,-0.097,-1.188,-2.290,-1.721,-0.134,5.000,0.963,4.134,-1.397,0.848,-1.342,-0.600,-2.883,-5.000
0.407,-0.914,0.000,0.000,0.000,-0.093,-0.180,-0.116,1.003,-0.517,0.247,-0.002,0.042,-0.220,0.710,-0.405,0.181,0.011,-7.345,2.143,2.179,1.916,-2.158,-0.737,1.453,0.028,-1.817,1.340,1.172,-0.392,0.390,-1.011,-0.174,-0.092,-1.204,-1.436,-3.663,0.319,5.000,-1.386,0.215,-2.270,1.397,-1.143,-0.108,-1.900,-5.000
0.208,-0.978,0.000,0.000,0.000,-0.092,-0.359,-0.075,1.047,-0.526,-0.082,-0.019,0.075,-0.219,0.671,-0.377,0.206,0.037,-8.602,2.046,1.762,-2.991,-16.512,-0.885,1.816,0.006,-1.995,1.475,1.267,-0.388,0.391,-1.586,-0.179,-0.090,-1.233,-0.217,-4.706,0.327,5.000,-0.507,-4.994,-2.329,1.551,-0.819,0.646,-1.801,-5.000
-0.000,-1.000,0.000,0.000,0.000,-0.072,-0.512,-0.057,1.085,-0.478,-0.341,-0.033,0.113,-0.220,0.632,-0.348,0.231,1.310,-7.032,0.722,1.621,3.371,-10.924,-0.677,1.999,0.024,-1.915,1.351,1.154,-0.554,0.371,-1.795,-0.185,-0.088,-1.269,1.125,-4.753,-0.079,5.000,-0.775,-5.000,-2.365,1.539,-0.344,1.249,-1.304,-5.000
-0.208,-0.978,0.000,0.000,0.000,-0.021,-0.603,-0.075,1.119,-0.547,-0.511,-0.051,0.150,-0.213,0.589,-0.329,0.229,3.017,-4.254,-1.155,1.205,-2.957,-1.833,-1.379,1.510,0.691,-2.181,0.875,9.755,-0.663,0.418,-1.653,-0.195,-0.087,-1.306,2.180,-3.957,-0.702,5.000,-3.304,-5.000,-2.511,1.153,-0.159,1.628,-0.662,-4.765
-0.407,-0.914,0.000,0.000,0.000,0.064,-0.614,-0.129,1.135,-0.661,-0.505,-0.084,0.167,-0.202,0.562,-0.331,0.229,4.412,-0.193,-2.751,0.161,-6.058,0.454,-2.006,0.579,0.709,-0.858,-1.870,-12.242,-0.599,0.385,-1.308,-0.205,-0.084,-1.334,2.624,-2.451,-1.529,5.000,-5.000,-5.000,-2.484,0.856,-0.103,1.766,0.047,-2.981
-0.588,-0.809,0.000,0.000,0.000,0.151,-0.551,-0.209,1.136,-0.682,-0.494,-0.139,0.169,-0.181,0.538,-0.311,0.237,4.106,3.187,-4.041,-0.040,0.119,0.344,-2.846,-0.729,1.185,-0.402,2.182,-19.748,-0.145,0.419,-0.956,-0.209,-0.079,-1.358,2.278,-0.946,-2.452,4.893,-4.555,-5.000,-2.258,0.730,0.105,1.875,1.332,-1.960
-0.743,-0.669,0.000,0.000,0.000,0.226,-0.468,-0.266,1.105,-0.673,-0.490,-0.197,0.162,-0.153,0.524,-0.354,0.315,3.726,3.856,-2.790,-1.102,0.464,0.207,-2.751,0.049,1.294,-0.243,-2.400,-2.476,-0.227,0.150,-0.796,-0.211,-0.079,-1.375,2.322,-0.433,-2.124,3.958,-3.662,-5.000,-1.762,0.492,0.062,1.918,1.447,-1.830
-0.866,-0.500,0.000,0.000,0.000,0.307,-0.395,-0.314,1.017,-0.706,-0.493,-0.239,0.144,-0.136,0.531,-0.368,0.273,3.614,3.248,-2.169,-2.880,-13.797,-0.238,-2.266,-0.498,0.901,-0.572,-1.612,15.275,-0.512,0.273,-0.625,-0.216,-0.076,-1.389,2.634,-0.306,-2.323,2.394,-1.630,-5.000,-1.106,0.429,-0.107,2.367,4.118,-2.327
-0.951,-0.309,0.000,0.000,0.000,0.338,-0.321,-0.358,1.063,-0.672,-0.500,-0.275,0.133,-0.136,0.550,-0.384,0.179,0.481,2.201,-2.189,4.067,-2.548,-1.191,-1.389,-0.611,0.893,-1.262,-0.292,-12.145,-0.367,0.329,-0.819,-0.225,-0.073,-1.406,2.301,0.236,-2.296,1.698,-0.710,-5.000,-1.052,0.509,-0.479,2.685,5.000,-2.421
-0.995,-0.105,0.000,0.000,0.000,0.352,-0.280,-0.372,1.098,-0.694,-0.451,-0.276,0.129,-0.138,0.591,-0.423,0.117,0.678,1.490,-0.777,3.003,-2.072,4.061,0.885,-0.824,1.006,-0.022,-1.115,-13.885,-1.172,-0.010,-1.188,-0.240,-0.078,-1.425,2.331,-0.054,-1.894,0.538,3.049,-5.000,-0.260,0.640,-0.321,3.258,4.797,-1.544
-0.995,0.105,0.000,0.000,0.000,0.338,-0.249,-0.358,1.122,-0.703,-0.174,-0.255,0.134,-0.168,0.665,-0.401,0.140,-1.180,1.525,1.643,-0.148,0.227,20.527,1.403,-0.465,-0.669,0.736,-2.111,-3.671,-1.395,-0.004,-1.840,-0.266,-0.088,-1.452,1.608,-0.377,-1.085,-0.587,5.000,-5.000,0.284,0.728,-1.347,3.939,1.910,1.493
-0.951,0.309,0.000,0.000,0.000,0.354,-0.210,-0.336,1.148,-0.721,-0.049,-0.209,0.152,-0.221,0.761,-0.343,0.233,1.308,2.008,1.443,1.622,-1.377,0.001,2.798,0.530,-1.663,3.286,5.216,3.945,-1.989,-0.396,-2.364,-0.300,-0.102,-1.491,1.603,-0.535,-0.430,-0.323,5.000,-5.000,0.417,0.889,-2.005,4.769,0.665,3.706
