0.141,0.139,1.072,-13.273,0.144,0.007,0.413,0.048,0.536,-11.026,0.061,-0.024
0.451,0.124,0.828,-13.302,0.155,0.017,0.456,0.148,0.517,-10.841,0.052,-0.026
0.651,0.242,0.819,-12.972,0.118,0.009,0.399,-0.040,0.537,-10.891,0.116,-0.029
0.651,0.242,0.819,-12.972,0.118,0.009,0.399,-0.040,0.537,-10.891,0.116,-0.029
13.429,-4.220,33.670,-29.391,0.444,0.058,14.264,-6.654,-33.443,5.473,0.634,-0.127
13.762,-10.850,23.800,-23.113,1.181,0.158,11.880,-11.326,-27.483,-1.201,1.326,-0.265
12.421,-10.622,24.885,-23.916,2.103,0.283,11.956,-16.584,-26.096,-3.552,2.177,-0.393
14.787,-9.232,33.846,-27.114,3.049,0.409,13.619,-13.833,-29.702,-5.531,2.674,-0.423
20.059,-7.524,34.118,-27.170,5.450,0.799,3.628,-4.755,-25.446,-7.203,3.422,-0.379
20.059,-7.524,34.118,-27.170,5.450,0.799,3.628,-4.755,-25.446,-7.203,3.422,-0.379
18.730,-9.490,32.470,-27.082,5.751,0.889,-2.096,-6.018,-21.600,-7.426,3.446,-0.408
11.023,-8.867,19.713,-20.500,5.872,0.908,-11.957,-5.151,-7.474,-13.563,3.527,-0.401
12.352,-2.061,14.624,-21.694,6.016,0.895,-24.284,0.331,1.364,-14.448,2.804,-0.347
11.204,5.958,7.445,-22.823,6.012,0.904,-25.550,8.740,9.241,-14.717,3.127,-0.479
10.507,10.930,-9.316,-14.415,6.034,0.879,-27.223,13.092,23.042,-20.813,3.686,-0.646
11.847,13.909,-8.275,-15.937,5.945,0.900,-25.919,15.187,17.014,-12.977,3.774,-0.773
12.998,17.988,-22.306,-7.782,5.861,0.877,-18.021,21.404,15.843,-31.588,4.695,-0.617
14.448,18.041,-31.705,-3.734,5.827,0.857,-21.594,23.800,20.019,-31.474,4.622,-0.521
14.361,8.874,-31.423,-7.866,5.138,0.729,-31.923,18.852,30.746,-25.207,4.208,-0.892
23.308,-5.512,-30.695,-14.031,5.009,0.801,-20.918,15.389,25.499,-11.532,3.622,-0.629
23.868,-9.269,-27.458,-12.502,5.059,0.715,-21.550,12.472,27.466,-12.534,3.712,-0.549
25.587,-15.221,-28.081,-14.153,5.166,0.800,-21.680,10.519,30.204,-14.083,4.222,-0.689
23.456,-18.982,-22.769,-13.991,5.049,0.777,-17.673,5.580,26.956,-14.917,4.535,-0.831
13.715,-23.531,-13.857,-11.743,5.238,0.730,-17.280,2.034,25.415,-16.261,4.308,-0.784
9.016,-18.156,-7.222,-10.273,5.234,0.783,-15.808,-0.229,22.923,-13.455,4.254,-0.767
5.448,-11.522,-2.491,-11.309,5.069,0.850,-14.951,-0.982,19.813,-16.569,4.487,-0.752
5.448,-11.522,-2.491,-11.309,5.069,0.850,-14.951,-0.982,19.813,-16.569,4.487,-0.752
6.436,-3.197,0.571,-21.034,4.742,0.781,-8.983,-1.951,12.208,-14.779,4.367,-0.785
4.904,1.476,7.927,-24.530,5.435,0.857,-7.105,-4.790,5.581,-18.108,4.131,-0.724
6.289,3.109,3.739,-21.944,5.775,0.832,-7.198,-3.369,5.395,-17.037,4.103,-0.748
0.369,-0.165,2.052,-20.490,5.906,0.863,-10.981,-5.373,6.185,-22.298,4.250,-0.712
1.249,-0.181,2.602,-20.376,5.699,0.897,-10.232,-4.774,3.387,-22.202,3.979,-0.665
0.822,-1.944,5.350,-14.155,5.607,0.902,-10.693,-6.522,2.385,-22.155,4.082,-0.689
0.833,-1.547,7.073,-13.527,5.309,0.889,-9.388,-6.682,0.646,-23.390,4.216,-0.698
3.788,2.000,7.513,-13.873,5.491,0.886,-6.013,-5.337,-0.229,-19.599,4.239,-0.674
3.370,1.470,7.249,-15.514,5.514,0.879,-6.040,-4.959,-0.059,-19.637,4.262,-0.692
4.538,0.377,7.423,-16.093,5.507,0.900,-5.178,-4.728,-0.459,-19.734,4.118,-0.716
5.942,3.904,7.340,-16.305,5.505,0.879,-5.075,-0.435,-2.224,-18.284,4.152,-0.727
5.717,4.548,7.256,-18.585,5.559,0.881,-4.975,-0.716,-2.585,-18.555,4.118,-0.730
5.706,4.476,6.919,-18.141,5.472,0.876,-4.684,-1.653,-2.269,-19.384,4.180,-0.736
5.823,3.541,7.024,-18.016,5.460,0.875,-4.522,-1.334,-2.113,-18.962,4.150,-0.722
6.237,3.196,5.942,-19.224,5.447,0.872,-4.273,-2.655,-0.800,-19.144,4.128,-0.721
5.781,0.764,6.643,-19.341,5.448,0.866,-4.644,-4.433,-0.130,-18.185,4.052,-0.701
5.909,-0.098,7.158,-18.906,5.388,0.853,-4.256,-5.742,1.774,-17.654,4.028,-0.725
6.063,-0.312,7.080,-18.930,5.435,0.870,-4.283,-5.534,1.815,-17.831,4.104,-0.693
6.923,-1.102,7.675,-19.667,5.381,0.863,-4.298,-5.792,2.138,-16.417,4.133,-0.676
6.867,0.863,8.357,-18.978,5.471,0.858,-4.537,-3.719,1.140,-16.203,4.117,-0.707
6.937,0.928,8.279,-18.313,5.172,0.902,-4.562,-3.696,1.210,-16.665,4.058,-0.720
6.881,0.961,8.073,-18.895,5.485,0.832,-4.840,-3.697,1.302,-17.063,3.965,-0.697
6.423,2.132,8.058,-18.395,5.200,0.869,-5.377,-2.583,0.315,-17.833,3.983,-0.678
6.273,2.209,7.982,-17.987,5.377,0.835,-5.470,-2.880,0.473,-17.523,4.048,-0.704
6.289,2.132,8.288,-17.634,5.339,0.870,-5.125,-2.900,0.987,-17.491,3.913,-0.735
6.289,2.132,8.288,-17.634,5.339,0.870,-5.125,-2.900,0.987,-17.491,3.913,-0.735
6.085,1.135,8.142,-18.507,5.323,0.826,-5.461,-3.600,1.090,-17.100,3.843,-0.668
6.085,1.135,8.142,-18.507,5.323,0.826,-5.461,-3.600,1.090,-17.100,3.843,-0.668
6.709,0.172,8.013,-19.335,5.324,0.840,-4.565,-4.469,1.880,-17.524,3.982,-0.715
7.009,-0.210,7.878,-17.955,5.298,0.837,-5.206,-4.011,2.384,-15.703,3.926,-0.693
7.009,-0.210,7.878,-17.955,5.298,0.837,-5.206,-4.011,2.384,-15.703,3.926,-0.693
7.114,-0.001,7.666,-18.786,5.136,0.829,-4.389,-4.091,2.024,-16.831,4.059,-0.677
7.288,-0.145,7.744,-19.153,5.212,0.822,-4.357,-4.073,2.228,-16.281,3.920,-0.685
7.288,-0.145,7.744,-19.153,5.212,0.822,-4.357,-4.073,2.228,-16.281,3.920,-0.685
7.463,0.378,7.980,-19.001,5.321,0.869,-4.704,-3.676,1.895,-16.079,3.900,-0.693
6.765,0.652,7.634,-19.151,5.129,0.822,-4.698,-3.244,1.452,-16.283,3.739,-0.648
6.694,0.433,7.654,-19.172,5.182,0.842,-5.112,-3.214,1.622,-17.355,3.828,-0.668
6.213,0.406,7.549,-18.972,5.214,0.802,-5.375,-2.867,1.838,-17.309,3.543,-0.702
6.395,0.656,7.710,-18.700,5.111,0.837,-6.005,-2.803,1.565,-17.146,3.727,-0.686
6.392,0.401,8.180,-18.395,5.080,0.822,-5.444,-3.277,1.602,-17.057,3.773,-0.559
7.394,-0.046,8.315,-18.607,4.758,0.772,-3.812,-3.679,2.743,-17.893,3.798,-0.667
7.451,-0.041,8.113,-18.765,4.983,0.774,-3.975,-3.546,2.683,-17.332,3.753,-0.686
7.742,-0.111,8.258,-18.717,5.180,0.780,-3.618,-3.228,3.109,-16.716,3.615,-0.642
6.799,-0.323,7.720,-18.016,5.100,0.812,-5.551,-2.986,2.887,-16.266,3.883,-0.624
6.199,-0.151,8.244,-18.605,5.007,0.811,-5.755,-3.038,2.359,-17.920,3.655,-0.687
6.355,0.073,8.652,-17.826,4.930,0.796,-5.525,-3.009,1.962,-17.961,3.719,-0.613
6.355,0.073,8.652,-17.826,4.930,0.796,-5.525,-3.009,1.962,-17.961,3.719,-0.613
6.371,0.278,8.192,-18.244,4.966,0.768,-4.998,-2.579,2.291,-17.831,3.551,-0.639
6.543,0.180,8.122,-18.073,4.939,0.775,-4.928,-2.775,2.041,-17.284,3.483,-0.594
6.641,0.021,8.125,-17.745,4.954,0.798,-5.024,-2.470,2.109,-16.563,3.531,-0.634
6.634,-0.391,8.270,-17.534,4.903,0.758,-5.357,-2.748,2.908,-16.715,3.582,-0.652
6.743,-0.391,8.282,-17.094,4.802,0.766,-5.473,-2.744,2.853,-16.388,3.571,-0.653
6.872,-0.458,8.202,-16.667,4.841,0.699,-5.283,-2.704,2.756,-16.185,3.467,-0.636
6.516,-0.332,8.456,-15.503,4.830,0.795,-6.074,-2.370,2.463,-16.771,3.544,-0.609
6.403,-0.267,8.362,-15.976,4.840,0.734,-6.016,-2.603,2.535,-16.479,3.561,-0.625
6.540,-0.200,8.520,-16.373,4.871,0.775,-5.859,-2.419,2.420,-16.441,3.496,-0.641
5.952,-0.296,8.456,-15.398,4.705,0.747,-6.385,-2.288,2.321,-17.458,3.175,-0.623
5.964,-0.158,8.848,-15.228,4.667,0.720,-6.213,-2.249,2.229,-16.651,3.241,-0.578
5.796,-0.208,8.560,-14.724,4.638,0.728,-6.088,-2.112,1.832,-17.488,3.266,-0.608
5.796,-0.208,8.560,-14.724,4.638,0.728,-6.088,-2.112,1.832,-17.488,3.266,-0.608
6.076,-0.332,9.113,-15.086,4.658,0.730,-6.132,-1.869,2.648,-16.950,3.468,-0.634
5.890,-0.856,9.207,-14.376,4.592,0.736,-6.661,-2.020,3.145,-15.858,3.287,-0.583
6.559,-0.755,9.334,-14.920,4.488,0.693,-6.175,-2.473,2.844,-16.395,3.388,-0.599
6.567,-0.728,9.542,-14.485,4.454,0.744,-6.201,-2.268,3.256,-17.343,3.295,-0.616
6.097,-0.721,9.461,-13.470,4.560,0.784,-7.178,-1.969,3.064,-17.039,3.327,-0.591
6.306,-0.733,9.734,-13.155,4.529,0.717,-7.567,-1.969,2.871,-16.721,3.343,-0.599
6.429,-0.543,9.830,-13.618,4.470,0.736,-7.664,-2.006,2.459,-16.566,3.265,-0.581
5.605,-0.449,9.878,-13.030,4.433,0.771,-7.463,-1.850,2.888,-17.035,3.052,-0.548
5.512,-0.672,9.879,-12.055,4.554,0.701,-7.883,-2.098,2.599,-17.156,3.073,-0.579
5.763,-0.756,10.611,-11.767,4.553,0.752,-7.860,-2.367,2.025,-18.523,3.232,-0.570
5.672,-0.753,10.368,-11.165,4.480,0.671,-7.547,-2.443,1.589,-17.748,3.102,-0.559
5.776,-0.860,10.692,-11.506,4.499,0.713,-7.129,-2.232,3.102,-17.238,3.189,-0.574
6.429,-0.682,10.510,-12.317,4.445,0.730,-6.347,-2.088,2.867,-16.402,3.029,-0.550
5.887,-0.655,10.550,-11.867,4.269,0.664,-6.168,-2.041,2.911,-17.363,3.054,-0.546
6.390,-1.137,10.755,-11.210,4.271,0.652,-7.926,-1.812,3.414,-16.231,3.072,-0.583
6.147,-0.708,10.801,-11.014,4.393,0.712,-7.864,-1.879,3.214,-16.764,3.173,-0.564
6.233,-0.623,10.953,-11.034,4.373,0.697,-7.873,-1.755,2.745,-16.520,3.097,-0.562
6.233,-0.623,10.953,-11.034,4.373,0.697,-7.873,-1.755,2.745,-16.520,3.097,-0.562
5.665,-1.023,11.775,-9.459,4.199,0.713,-8.650,-1.945,2.825,-18.129,2.829,-0.531
5.645,-0.814,11.994,-8.363,4.222,0.738,-8.879,-1.917,1.847,-17.231,2.954,-0.468
5.083,-1.065,11.334,-8.837,4.218,0.675,-8.379,-1.660,1.992,-17.391,3.062,-0.528
5.083,-1.065,11.334,-8.837,4.218,0.675,-8.379,-1.660,1.992,-17.391,3.062,-0.528
5.307,-1.438,12.704,-8.545,4.226,0.645,-8.664,-2.252,2.085,-17.582,3.059,-0.548
6.287,-1.502,12.559,-9.328,4.235,0.685,-8.193,-1.691,3.928,-16.552,2.845,-0.510
6.361,-1.504,12.266,-9.727,4.121,0.685,-8.466,-1.831,3.814,-15.947,2.919,-0.527
6.487,-1.483,12.325,-9.144,4.047,0.656,-8.722,-1.975,3.995,-15.660,3.059,-0.528
6.658,-1.205,12.741,-8.146,4.112,0.651,-8.823,-1.716,3.149,-15.465,2.899,-0.554
6.275,-1.224,13.134,-7.966,4.237,0.668,-8.825,-1.735,3.159,-15.942,2.869,-0.581
6.200,-1.125,14.058,-7.319,4.128,0.667,-9.315,-2.041,2.725,-17.046,2.924,-0.537
6.418,-1.249,14.287,-6.418,4.176,0.674,-9.233,-2.050,2.323,-16.857,2.649,-0.498
5.903,-1.271,14.588,-5.740,4.044,0.652,-8.818,-1.908,2.323,-16.806,2.717,-0.454
6.373,-1.588,14.819,-6.089,4.059,0.671,-8.457,-2.394,3.129,-17.591,2.904,-0.547
6.900,-1.516,14.228,-6.702,4.030,0.643,-8.026,-2.329,3.339,-15.321,2.855,-0.540
6.900,-1.516,14.228,-6.702,4.030,0.643,-8.026,-2.329,3.339,-15.321,2.855,-0.540
7.109,-1.334,14.280,-6.327,4.061,0.632,-7.306,-2.375,3.633,-15.814,2.800,-0.511
7.240,-1.085,13.497,-6.936,4.099,0.644,-9.020,-1.583,4.301,-14.695,2.769,-0.507
7.152,-1.254,14.328,-7.505,4.038,0.661,-8.585,-2.098,4.229,-15.422,2.837,-0.491
7.099,-1.377,13.759,-6.542,4.014,0.700,-8.942,-2.306,4.459,-15.109,2.921,-0.511
7.099,-1.377,13.759,-6.542,4.014,0.700,-8.942,-2.306,4.459,-15.109,2.921,-0.511
6.371,-0.605,14.516,-5.249,4.029,0.679,-9.781,-1.962,2.436,-15.866,2.798,-0.489
6.755,-0.612,15.459,-5.160,4.047,0.683,-9.542,-2.185,2.948,-16.700,2.823,-0.512
6.755,-0.612,15.459,-5.160,4.047,0.683,-9.542,-2.185,2.948,-16.700,2.823,-0.512
6.646,-1.077,15.695,-5.008,3.991,0.666,-9.516,-2.704,2.749,-16.621,2.756,-0.508
7.440,-0.856,15.588,-5.105,3.881,0.625,-8.989,-2.420,3.249,-16.327,2.808,-0.519
7.440,-0.856,15.588,-5.105,3.881,0.625,-8.989,-2.420,3.249,-16.327,2.808,-0.519
7.148,-1.127,15.500,-5.251,3.856,0.631,-9.171,-2.697,3.390,-15.493,2.821,-0.494
8.222,-0.232,15.891,-6.495,4.015,0.653,-8.440,-2.597,3.946,-15.430,2.781,-0.537
8.096,-0.153,15.490,-6.928,3.927,0.663,-8.074,-1.697,4.335,-14.719,2.795,-0.540
8.466,0.116,15.222,-7.666,4.092,0.685,-8.175,-1.391,4.221,-13.431,2.758,-0.522
8.312,0.116,14.781,-7.297,3.883,0.637,-8.439,-1.423,4.388,-13.444,2.853,-0.517
8.309,0.690,14.703,-7.600,4.039,0.622,-8.553,-1.216,4.898,-13.783,2.816,-0.539
8.451,0.295,14.440,-8.625,3.913,0.639,-8.067,-1.318,4.626,-12.975,2.825,-0.547
8.451,0.295,14.440,-8.625,3.913,0.639,-8.067,-1.318,4.626,-12.975,2.825,-0.547
8.479,0.265,13.799,-8.417,4.092,0.635,-7.772,-1.320,5.051,-12.454,2.822,-0.535
11.869,-1.323,14.693,-9.891,3.765,0.557,3.172,-1.909,4.700,6.048,2.537,-0.511
10.676,-5.276,11.664,-15.949,2.841,0.435,5.053,-0.769,8.925,3.102,2.359,-0.439
11.081,-4.254,11.703,-17.151,2.177,0.339,3.344,-0.668,10.063,3.644,2.262,-0.425
11.415,-2.933,10.503,-18.467,1.784,0.258,5.661,0.715,9.881,5.639,2.383,-0.437
10.809,-2.286,9.688,-23.115,1.307,0.206,10.521,1.649,8.949,6.780,2.448,-0.439
10.615,-2.953,9.652,-22.771,0.990,0.169,10.024,1.453,9.640,6.584,2.549,-0.439
9.210,-0.167,9.858,-25.934,0.975,0.139,8.348,3.891,9.049,6.143,2.754,-0.464
8.879,-0.412,10.614,-26.338,1.019,0.143,7.175,3.372,7.910,5.777,2.620,-0.463
9.105,-0.506,10.556,-26.461,0.918,0.163,7.190,2.959,7.449,5.284,2.682,-0.431
5.988,-1.278,14.276,-31.381,0.883,0.119,1.333,-1.577,5.073,2.337,2.830,-0.480
6.804,-1.726,13.647,-31.525,0.867,0.129,2.065,-1.459,5.315,2.959,2.746,-0.445
7.955,-1.316,14.083,-31.541,0.791,0.119,3.624,-0.848,4.442,4.136,2.755,-0.449
0.341,-4.187,20.178,-42.900,0.592,0.043,0.675,-2.946,0.033,-2.738,3.299,-0.572
1.930,-3.832,17.466,-40.521,0.637,0.015,2.438,-8.242,0.414,-1.362,3.290,-0.569
2.518,-5.725,19.335,-44.293,0.297,0.009,-0.821,-13.737,-1.560,-4.773,2.945,-0.554
2.051,-5.674,21.939,-44.930,0.140,0.007,-3.744,-14.465,-3.582,-9.640,3.069,-0.567
2.051,-5.674,21.939,-44.930,0.140,0.007,-3.744,-14.465,-3.582,-9.640,3.069,-0.567
7.691,-0.818,19.442,-22.975,-0.217,-0.092,-14.294,-11.182,-2.259,-24.785,3.324,-0.539
12.605,-0.582,12.949,3.321,-0.635,-0.278,-27.886,-7.459,-2.764,-31.652,3.313,-0.631
14.293,2.832,3.090,34.464,-0.963,-0.312,-39.876,-3.326,-2.183,-34.302,3.374,-0.603
12.714,9.442,-6.984,54.334,-1.323,-0.382,-42.285,-0.466,0.444,-35.318,3.486,-0.660
11.494,12.652,-2.963,46.651,-1.553,-0.410,-46.317,2.186,-2.694,-34.484,3.755,-0.646
10.464,17.809,-2.876,26.225,-1.439,-0.319,-52.089,9.614,-0.892,-36.512,3.669,-0.643
13.103,8.152,6.127,10.532,-0.975,-0.109,-52.153,7.914,-0.762,-38.582,3.611,-0.730
13.103,8.152,6.127,10.532,-0.975,-0.109,-52.153,7.914,-0.762,-38.582,3.611,-0.730
12.344,-1.575,4.148,0.679,-1.149,-0.107,-41.616,9.026,-1.518,-35.913,3.854,-0.739
7.431,-6.592,1.686,-11.303,-0.636,0.020,-36.063,3.705,3.446,-33.865,3.890,-0.689
2.733,-5.930,-4.735,-17.259,-0.342,0.110,-27.094,5.104,7.708,-32.155,3.675,-0.722
1.602,-13.353,-8.270,-25.819,0.011,0.193,-26.313,-4.285,14.254,-30.970,3.694,-0.665
6.037,-6.186,-11.659,-28.552,0.165,0.227,-17.475,-14.559,20.733,-28.940,3.509,-0.683
5.297,-4.165,-12.421,-22.027,0.050,0.138,-17.838,-11.341,21.489,-28.846,3.573,-0.653
7.106,-1.715,-13.180,-14.026,0.119,0.140,-13.067,-14.202,22.150,-24.926,3.354,-0.613
12.087,0.482,-7.649,-10.346,0.121,0.154,-8.092,-8.169,16.748,-23.558,3.558,-0.684
9.941,11.671,-9.457,-2.430,0.244,0.109,-10.663,-0.001,18.979,-25.299,3.561,-0.657
10.550,15.518,-6.086,4.377,-0.096,0.050,-14.550,5.216,15.881,-26.154,3.610,-0.681
8.693,12.142,-4.879,5.673,0.147,0.093,-16.124,3.123,14.944,-26.452,4.102,-0.809
16.436,8.845,-0.859,6.236,0.275,0.168,-12.612,13.587,8.549,-23.215,3.811,-0.740
11.517,5.244,-1.027,5.227,0.124,0.156,-14.515,13.890,9.994,-24.279,3.892,-0.699
9.395,1.311,-0.617,6.157,0.369,0.157,-14.780,12.240,10.385,-23.071,3.777,-0.715
4.031,-7.531,4.006,-15.578,0.312,0.090,-10.852,9.580,7.057,-18.239,3.832,-0.739
1.403,-7.848,4.330,-11.404,0.098,0.073,-7.487,7.048,8.808,-11.954,3.910,-0.759
-8.839,-15.045,-1.028,-6.404,-0.037,0.051,-9.407,2.540,13.364,-11.176,3.969,-0.770
-10.371,-20.702,1.530,-28.674,0.246,0.115,0.268,-5.070,15.564,-0.747,3.937,-0.746
-9.273,-23.191,0.923,-33.402,0.281,0.184,6.606,1.166,18.019,-0.309,4.128,-0.791
-9.172,-22.209,-0.256,-49.084,0.872,0.238,12.854,3.055,23.151,10.092,4.172,-0.785
-7.116,-15.890,-2.197,-30.530,0.973,0.210,17.951,7.913,22.334,11.957,4.016,-0.722
-9.092,-12.332,-5.903,-17.810,1.138,0.231,16.846,7.855,22.393,11.024,3.961,-0.720
-5.968,-0.710,-10.420,-123.022,-0.596,-0.018,23.529,8.237,22.953,12.410,3.867,-0.694
8.903,2.128,23.340,-103.529,0.077,-0.014,26.614,7.582,14.704,14.729,3.702,-0.384
9.229,1.687,22.354,-75.856,0.825,0.058,24.824,6.594,3.600,8.849,3.284,-0.578
1.737,2.524,9.085,-21.979,2.909,0.435,-1.460,11.775,-3.754,-28.675,2.546,-0.298
-9.958,9.635,-18.060,3.242,4.478,0.784,-13.435,4.887,17.999,-19.982,1.720,-0.094
-17.176,12.681,-6.727,1.396,5.205,0.918,-4.999,-0.430,9.734,-2.524,2.842,-0.263
-17.176,12.681,-6.727,1.396,5.205,0.918,-4.999,-0.430,9.734,-2.524,2.842,-0.263
-6.957,9.012,-2.112,-1.947,4.419,0.611,1.189,4.357,13.071,-6.255,3.262,-0.631
-1.111,1.295,-4.592,-7.284,5.320,0.732,10.325,-0.322,16.905,-23.243,2.795,-0.846
-3.332,-2.440,-1.992,-8.697,5.899,0.855,13.814,-0.567,15.962,-26.502,1.720,-0.496
-14.837,-4.941,-18.146,-10.282,6.868,0.933,2.636,8.864,20.839,-47.186,0.492,0.255
-15.004,-8.253,-23.290,-14.459,6.156,0.892,-6.724,13.427,22.865,-40.080,2.202,-0.322
-12.156,-13.316,-24.553,-13.702,5.975,0.843,-7.794,12.142,23.490,-41.428,3.028,-0.679
16.092,-17.514,-6.297,-28.335,5.710,0.826,0.965,5.131,14.403,-19.319,1.526,-0.293
17.276,-14.298,-9.072,-29.023,5.820,0.833,0.271,1.217,7.303,-16.384,0.729,-0.170
19.947,-7.121,-6.631,-22.040,6.633,1.083,-7.919,0.019,10.415,7.837,-0.163,0.018
23.027,-3.358,1.117,-21.153,6.933,1.390,-7.649,1.356,-5.484,40.182,-0.386,0.071
26.029,4.478,3.135,-37.710,7.116,1.348,-6.734,1.267,2.451,18.791,-0.746,0.107
37.212,-1.856,5.698,-53.511,5.353,0.883,-2.800,-2.813,2.148,13.275,-1.436,0.247
37.365,-1.551,6.244,-51.108,5.499,1.050,-4.183,-2.459,1.812,4.555,-0.721,0.143
31.896,8.040,1.464,-47.471,6.727,1.236,-17.230,1.138,-2.660,-5.874,-0.643,0.066
27.040,5.594,-7.780,-46.065,6.793,1.231,-19.704,-1.805,-2.792,-6.096,-0.332,-0.021
20.592,7.355,-4.398,-47.982,5.724,1.056,-7.080,-1.514,-1.247,-15.613,-0.292,-0.058
18.579,2.038,-4.467,-47.998,5.651,1.040,-7.035,-1.253,-2.978,-13.988,-0.477,0.032
13.138,-0.340,2.957,-38.817,5.864,1.080,-10.037,-0.338,-11.336,-33.845,-0.377,-0.029
13.138,-0.340,2.957,-38.817,5.864,1.080,-10.037,-0.338,-11.336,-33.845,-0.377,-0.029
-5.544,-7.294,2.640,-27.721,5.893,1.084,-13.874,-5.178,-9.677,-60.466,0.620,-0.284
-13.971,-6.626,9.416,-11.753,5.804,0.976,-7.263,-3.874,-18.330,-32.919,1.840,-0.619
-20.781,-3.194,8.931,-3.734,5.593,1.050,-5.895,-1.423,-20.068,-17.762,2.299,-0.594
-16.750,-1.710,13.162,-5.662,6.020,1.098,3.838,-2.508,-15.842,5.959,1.700,-0.436
-16.750,-1.710,13.162,-5.662,6.020,1.098,3.838,-2.508,-15.842,5.959,1.700,-0.436
-23.639,5.173,0.228,5.475,6.000,1.068,9.011,-1.200,19.235,-32.946,1.734,-0.342
-22.067,9.278,-7.414,7.711,5.917,1.043,4.292,4.676,9.560,-13.291,3.218,-0.231
-24.620,19.569,-10.349,0.247,5.562,0.879,-1.520,14.402,16.588,-44.119,9.620,-1.781
-20.408,9.310,-8.625,-5.537,4.789,0.668,-7.470,4.109,36.844,-82.223,6.636,-1.683
-15.396,1.517,-14.370,-9.093,4.822,0.616,-1.978,6.604,36.576,-48.771,2.571,-0.502
-15.396,1.517,-14.370,-9.093,4.822,0.616,-1.978,6.604,36.576,-48.771,2.571,-0.502
0.209,-5.268,-9.969,-17.337,4.267,0.245,-4.781,18.782,27.070,-22.679,6.224,-1.011
14.163,-12.844,-17.167,-14.073,4.338,0.255,-1.577,21.010,29.898,-19.633,6.398,-1.004
15.539,-21.260,-8.025,-21.181,4.727,0.320,-1.794,6.871,28.812,-21.459,5.089,-0.927
13.494,-20.908,-6.571,-19.435,5.003,0.365,-3.114,1.644,25.207,-20.245,4.812,-0.928
17.199,-17.534,-1.483,-20.175,4.988,0.404,-4.224,-1.012,19.953,-19.088,5.065,-0.896
18.325,-2.739,11.200,-13.699,5.948,0.477,-6.355,-2.469,2.291,-22.145,5.059,-0.796
11.666,-6.354,12.240,-8.634,7.080,0.802,-4.340,-11.544,-12.045,-20.658,5.476,-0.829
11.666,-6.354,12.240,-8.634,7.080,0.802,-4.340,-11.544,-12.045,-20.658,5.476,-0.829
3.442,-3.432,11.931,0.815,7.749,1.135,-8.489,-18.080,-11.245,-21.419,5.704,-0.932
3.442,-3.432,11.931,0.815,7.749,1.135,-8.489,-18.080,-11.245,-21.419,5.704,-0.932
-2.492,-6.146,17.701,-1.069,7.878,1.304,-5.617,-17.490,-35.918,-13.247,5.573,-0.943
-9.901,-4.574,17.881,-15.793,7.122,1.385,-3.785,-9.200,-30.519,-20.267,5.170,-0.910
-12.372,-9.819,23.113,-26.934,5.914,1.155,8.737,-10.021,-38.402,-11.517,5.529,-0.951
-0.135,-9.713,24.309,-15.486,6.167,1.164,-0.540,4.926,-37.873,-12.425,4.474,-0.659
-0.135,-9.713,24.309,-15.486,6.167,1.164,-0.540,4.926,-37.873,-12.425,4.474,-0.659
-9.082,-1.250,13.649,-7.264,6.665,1.232,-13.929,9.720,-21.554,-16.970,3.450,-0.548
-14.257,1.130,1.909,-4.246,6.389,1.197,-13.498,12.839,-18.107,-25.948,3.365,-0.523
-18.464,12.582,-13.928,8.481,5.776,1.037,-18.705,16.075,35.986,-24.502,3.684,-0.603
-18.464,12.582,-13.928,8.481,5.776,1.037,-18.705,16.075,35.986,-24.502,3.684,-0.603
-19.973,18.027,-28.400,10.166,5.942,0.998,-19.084,20.105,43.516,-18.958,3.863,-0.791
-15.667,17.975,-41.489,-8.926,4.883,0.678,-20.085,23.901,51.876,-24.542,5.305,-0.907
-11.128,7.062,-38.950,-15.061,4.565,0.590,-22.037,18.233,56.447,-16.166,4.981,-0.927
-4.050,2.536,-39.197,-18.354,4.774,0.608,-21.131,14.446,54.100,-16.475,4.571,-0.819
-4.050,2.536,-39.197,-18.354,4.774,0.608,-21.131,14.446,54.100,-16.475,4.571,-0.819
9.077,-0.857,-43.093,-18.276,4.617,0.538,-24.292,19.021,46.135,-14.203,4.449,-0.749
7.585,-5.522,-40.812,-20.399,4.326,0.465,-26.038,18.184,47.415,-20.461,4.700,-0.838
7.659,-6.199,-35.192,-20.629,3.962,0.407,-27.142,14.994,43.726,-23.470,4.970,-0.705
8.566,-6.573,-14.276,-17.767,3.840,0.453,-17.970,4.456,36.365,-33.856,5.153,-0.904
6.530,-3.415,-16.209,-14.130,3.848,0.464,-18.863,2.834,31.867,-32.265,5.104,-0.900
7.542,-4.894,-7.880,-13.235,4.010,0.533,-15.688,-0.533,26.513,-28.480,4.984,-0.824
7.122,-6.368,-4.135,-17.861,4.355,0.604,-11.150,-3.497,17.911,-29.562,5.123,-0.868
4.837,-5.123,6.205,-11.875,4.575,0.838,-10.768,-8.983,4.685,-25.650,5.362,-0.836
4.837,-5.123,6.205,-11.875,4.575,0.838,-10.768,-8.983,4.685,-25.650,5.362,-0.836
1.223,-6.303,11.309,-9.119,4.907,0.818,-11.569,-12.831,-1.262,-21.768,5.296,-0.860
-2.112,-3.753,7.663,-6.079,6.147,1.031,-9.428,-7.260,-7.869,-22.838,5.301,-0.908
-7.301,-5.323,4.631,-7.790,6.960,1.177,-9.832,-9.565,-11.564,-24.076,5.180,-0.878
-5.049,-3.859,0.548,-4.575,6.847,1.199,-7.422,-9.261,-10.675,-28.424,5.344,-0.878
-7.102,-4.728,3.215,-2.973,6.529,1.145,-5.063,-11.484,-11.351,-30.674,5.198,-0.873
-4.054,-0.763,11.196,-16.202,5.182,0.937,0.391,-8.038,-11.669,-25.475,5.099,-0.830
-2.826,0.211,12.101,-15.488,5.140,0.928,1.038,-8.129,-12.957,-21.076,5.188,-0.816
-0.543,1.343,13.566,-10.629,5.590,0.964,0.716,-6.632,-12.628,-20.703,5.010,-0.828
-0.865,2.186,13.963,-10.523,5.516,1.039,0.121,-3.967,-13.959,-17.699,5.128,-0.824
-0.766,0.217,16.987,-12.597,5.723,1.038,0.987,-2.902,-14.636,-18.124,5.165,-0.814
-0.308,0.047,16.867,-12.403,5.866,0.967,1.589,-3.269,-14.544,-18.801,5.072,-0.806
-2.228,-0.319,15.174,-9.701,6.084,1.025,-0.907,-1.762,-11.981,-19.898,5.091,-0.862
-3.037,0.778,12.424,-7.036,5.916,1.053,-2.932,-0.062,-8.447,-19.480,5.447,-0.909
-2.312,-0.241,10.629,-8.923,5.911,1.019,-3.244,-1.859,-5.236,-22.289,5.352,-0.908
-1.867,-1.617,10.343,-9.972,5.832,1.001,-0.984,-4.041,-3.161,-21.066,5.344,-0.893
-2.549,-0.099,6.680,-9.504,6.025,1.050,-2.791,-3.620,-3.547,-20.831,5.360,-0.883
-1.240,-0.323,7.034,-8.991,5.792,1.019,-2.346,-2.399,-2.282,-20.831,5.216,-0.898
-0.749,-1.169,6.680,-8.963,5.755,1.016,-1.275,-2.359,-2.799,-20.746,5.324,-0.874
-0.544,-1.070,9.415,-9.303,5.830,1.007,0.391,-1.866,-4.996,-18.967,5.265,-0.896
-0.767,-0.553,9.673,-9.620,5.813,1.015,-0.044,-2.484,-4.237,-19.672,5.222,-0.903
-0.826,-0.488,10.241,-9.829,5.863,1.007,-0.325,-2.552,-4.891,-19.697,5.267,-0.879
-0.410,-0.759,10.300,-9.977,5.799,1.011,-0.664,-2.903,-4.831,-19.434,5.324,-0.870
-0.659,-0.551,9.856,-10.170,5.856,1.013,-0.131,-2.638,-4.605,-19.223,5.231,-0.906
-0.680,-0.831,9.924,-9.952,5.845,1.009,-0.386,-2.798,-4.264,-19.417,5.323,-0.897
-1.199,-1.005,9.764,-9.592,5.966,0.983,-0.797,-2.862,-4.645,-19.544,5.275,-0.886
-0.942,-0.799,9.520,-10.004,5.860,1.003,-0.721,-2.796,-4.740,-19.085,5.336,-0.860
-1.041,-1.602,8.727,-10.977,5.823,1.045,-0.520,-4.687,-4.034,-18.563,5.300,-0.879
-0.898,-2.766,8.908,-10.609,5.788,1.022,-0.320,-4.818,-4.079,-18.650,5.278,-0.896
-0.212,-2.142,10.148,-11.490,5.843,1.017,0.279,-4.145,-5.324,-18.299,5.297,-0.887
-0.301,-2.325,9.952,-11.601,5.904,0.989,0.422,-4.145,-4.964,-18.678,5.211,-0.906
0.005,-1.794,10.688,-12.356,5.805,1.005,1.206,-4.750,-5.487,-18.623,5.186,-0.883
13.170,-3.651,5.319,-13.026,5.777,0.979,14.128,0.867,4.262,-38.044,4.868,-0.865
19.190,-4.483,6.557,-21.010,5.769,1.002,10.863,3.455,-1.563,-17.399,4.386,-0.686
20.574,-5.101,6.355,-23.947,5.771,0.995,4.838,-2.045,-0.140,-8.838,3.155,-0.513
26.766,-6.774,8.450,-28.759,5.756,0.984,-0.077,-4.069,-4.212,-4.418,2.087,-0.338
26.766,-6.774,8.450,-28.759,5.756,0.984,-0.077,-4.069,-4.212,-4.418,2.087,-0.338
31.210,-9.815,12.357,-31.321,5.529,0.990,-3.884,-6.700,-8.929,24.819,1.151,-0.195
38.227,-6.229,14.466,-35.376,5.796,1.053,-2.521,-1.432,-6.913,11.102,0.641,0.018
37.270,-4.657,13.349,-35.261,5.865,1.080,-5.065,0.791,-7.801,12.764,0.406,0.140
34.127,-4.982,8.774,-37.198,5.876,1.034,-3.390,2.040,-1.702,-0.994,0.114,0.216
29.261,-4.548,4.469,-37.501,5.787,1.007,-10.313,-1.078,-1.858,-4.472,-0.150,0.245
24.431,-5.004,2.608,-37.387,5.773,1.017,-10.805,-2.235,-1.695,-12.170,-0.642,0.217
24.431,-5.004,2.608,-37.387,5.773,1.017,-10.805,-2.235,-1.695,-12.170,-0.642,0.217
18.260,2.268,1.719,-34.378,5.756,1.008,-6.460,-2.084,-3.527,-10.303,-0.680,0.077
18.260,2.268,1.719,-34.378,5.756,1.008,-6.460,-2.084,-3.527,-10.303,-0.680,0.077
16.743,2.630,1.586,-33.770,5.725,1.000,-3.560,-2.182,-4.369,-8.160,-0.480,0.075
12.707,12.924,3.551,-33.180,5.688,1.065,0.484,0.131,-5.310,-5.469,-0.200,0.079
7.776,9.153,5.186,-30.162,5.576,1.042,1.599,-4.592,1.134,-30.278,0.005,0.117
1.944,4.306,5.556,-28.665,5.761,1.013,0.131,-8.946,-2.114,-35.488,-0.015,-0.009
0.548,1.706,5.971,-26.108,5.756,0.988,1.186,-7.442,-5.247,-5.975,-0.090,-0.004
-1.133,-0.494,6.354,-24.329,5.560,0.973,0.546,-8.017,-3.841,-9.536,0.139,-0.051
-2.410,-2.006,5.826,-22.927,5.307,0.998,0.540,-7.552,-3.214,-12.029,0.251,-0.086
-4.445,-5.975,7.441,-18.600,5.146,0.891,-0.417,-3.451,-2.287,-5.265,0.791,-0.133
-6.346,-7.624,7.994,-14.986,4.823,0.902,-5.846,1.147,-5.280,-61.393,-1.029,0.298
-6.346,-7.624,7.994,-14.986,4.823,0.902,-5.846,1.147,-5.280,-61.393,-1.029,0.298
-15.208,-8.481,4.263,-10.800,3.979,0.742,-7.882,-0.922,6.766,-58.806,1.831,-0.460
-15.208,-8.481,4.263,-10.800,3.979,0.742,-7.882,-0.922,6.766,-58.806,1.831,-0.460
-21.532,-17.933,7.633,-23.958,2.402,0.405,-14.901,-6.350,-10.723,-24.085,3.056,-0.278
-17.550,-16.805,12.889,-15.641,1.736,0.257,-5.804,-2.498,-12.360,-27.017,4.143,-0.559
-9.235,-2.241,16.928,-16.179,1.571,0.275,-5.019,7.778,-15.154,-27.194,5.212,-0.924
-4.535,5.338,17.051,-10.459,1.053,0.171,-7.362,-1.664,-13.599,-31.354,4.833,-0.820
-0.861,9.330,10.312,19.185,0.472,0.104,-15.906,2.929,-12.437,-38.785,4.690,-0.681
-3.436,13.114,-1.106,42.916,0.197,-0.048,-20.168,-1.025,-0.093,-42.333,5.325,-0.877
-4.919,14.977,-10.189,53.052,-0.477,-0.140,-22.666,-1.492,4.440,-42.782,5.657,-0.967
-5.869,13.963,-4.728,45.269,-0.865,-0.223,-27.040,-1.278,3.061,-45.571,5.710,-0.942
-0.477,7.102,-5.388,7.172,-1.375,-0.276,-42.907,3.228,8.615,-49.401,5.702,-0.940
3.233,3.164,-7.225,4.325,-1.371,-0.228,-42.558,6.107,7.753,-48.981,5.877,-0.922
4.427,-0.106,-3.133,5.046,-1.321,-0.209,-43.058,0.907,3.321,-49.950,5.937,-0.977
7.107,-0.630,-3.175,3.432,-1.679,-0.252,-46.359,6.184,-0.244,-50.216,5.932,-0.944
7.264,-4.244,-5.244,-5.190,-1.347,-0.177,-45.476,7.416,0.265,-49.957,5.803,-0.941
7.340,-4.941,0.462,-22.049,-0.935,-0.063,-40.017,4.594,1.179,-47.888,5.773,-0.917
7.319,-4.316,-1.542,-22.077,-0.746,-0.059,-39.739,8.341,0.936,-47.095,5.816,-0.899
6.709,-3.506,-4.276,-14.330,-0.239,0.044,-39.726,6.869,1.369,-46.724,5.797,-0.917
5.950,-3.076,-4.622,-11.244,-0.293,0.078,-39.659,5.766,1.511,-46.310,5.598,-0.939
4.972,-2.295,-8.307,-30.422,0.360,0.217,-30.091,-2.542,6.779,-42.645,5.634,-0.882
6.221,-0.145,-9.902,-18.985,0.373,0.265,-25.573,-7.309,10.081,-39.782,5.616,-0.879
6.925,2.400,-10.247,-11.619,0.579,0.323,-22.991,-5.434,10.761,-40.192,5.553,-0.900
9.175,4.919,-10.561,-5.849,0.443,0.234,-20.065,-4.869,10.653,-38.196,5.506,-0.905
9.175,4.919,-10.561,-5.849,0.443,0.234,-20.065,-4.869,10.653,-38.196,5.506,-0.905
11.652,9.063,-7.013,4.624,0.117,0.130,-22.808,-0.943,8.243,-38.376,5.720,-0.838
14.229,8.356,-6.437,5.931,0.060,0.114,-24.782,2.296,6.626,-38.340,5.652,-0.907
10.990,6.115,-5.771,5.961,0.030,0.098,-26.901,-0.478,6.801,-37.841,5.647,-0.910
18.242,7.182,-1.475,3.777,0.171,0.135,-25.497,4.553,1.795,-36.949,5.558,-0.899
18.362,4.312,-2.269,-2.444,0.151,0.117,-26.202,7.024,1.984,-36.158,5.650,-0.884
14.274,-0.864,-1.210,-5.071,0.059,0.097,-27.776,5.657,1.719,-32.856,5.658,-0.910
12.162,-3.113,-0.569,-9.217,-0.036,0.053,-25.218,4.060,1.816,-32.080,5.771,-0.892
5.049,-9.155,-2.536,-27.391,0.130,0.101,-18.855,-1.098,4.065,-23.678,5.728,-0.928
5.049,-9.155,-2.536,-27.391,0.130,0.101,-18.855,-1.098,4.065,-23.678,5.728,-0.928
1.951,-7.388,-7.272,0.822,-0.065,0.059,-20.257,-2.542,5.312,-23.210,5.751,-0.919
-10.638,-10.339,2.152,-31.329,0.424,0.170,-7.154,-0.091,4.461,-17.635,5.856,-0.954
-9.363,-13.495,1.311,-23.449,0.422,0.165,-7.607,0.115,5.189,-17.382,5.840,-0.934
-7.235,-10.425,-2.948,0.261,0.358,0.109,-5.131,0.963,5.548,-16.810,5.745,-0.923
-5.272,-11.658,9.099,-6.855,1.105,0.231,3.677,6.877,-2.594,-9.571,5.511,-0.887
-5.272,-11.658,9.099,-6.855,1.105,0.231,3.677,6.877,-2.594,-9.571,5.511,-0.887
-0.373,-7.455,9.838,-82.865,-3.348,-0.432,9.353,5.668,-2.149,-4.282,4.931,-0.716
9.146,-3.607,27.433,-61.156,0.827,0.133,7.550,2.397,-11.566,-3.547,4.501,-0.522
9.753,-3.032,24.510,-30.021,4.376,0.575,6.373,4.221,-10.982,-9.732,3.562,-0.445
9.414,0.164,16.476,-23.384,4.668,0.735,4.482,2.665,-11.110,-8.083,3.244,-0.367
-6.745,2.764,-6.932,7.881,4.542,0.808,-10.360,-2.433,10.981,-42.234,2.909,-0.296
-13.702,11.620,5.481,1.487,4.886,0.779,-1.250,-3.324,-0.814,-23.822,3.488,-0.728
-9.964,4.682,4.272,-0.743,4.897,0.726,-1.383,-8.111,5.086,-34.395,3.239,-0.690
-5.023,0.337,6.583,-9.272,5.363,0.737,4.624,-2.097,5.602,-47.176,2.651,-0.223
-5.457,-3.206,5.411,-7.065,5.693,0.758,-0.736,-4.194,9.776,-49.677,2.070,-0.064
-5.520,-2.353,3.044,-7.042,5.620,0.829,-8.347,-3.952,7.953,-47.316,2.800,-0.420
6.100,-6.508,9.659,-32.046,5.388,0.798,-8.689,3.305,-4.175,-14.232,2.538,-0.527
16.419,-9.474,4.983,-21.163,5.343,0.820,-16.475,4.157,-4.772,25.532,0.648,0.018
27.922,-3.788,0.984,-15.435,6.807,1.338,-15.234,3.349,-1.109,17.731,0.274,0.008
33.823,4.072,2.876,-37.487,6.060,1.207,-7.373,7.265,-3.915,36.144,-0.421,0.079
43.995,-6.795,7.891,-50.545,5.176,0.772,-3.723,1.364,2.146,10.692,-0.826,0.154
43.995,-6.795,7.891,-50.545,5.176,0.772,-3.723,1.364,2.146,10.692,-0.826,0.154
42.726,-0.182,8.726,-50.909,5.676,1.030,-3.321,0.292,-1.706,8.957,-0.937,0.241
35.568,10.186,2.379,-49.819,6.389,1.224,-11.922,1.345,0.796,-4.187,-0.779,0.082
34.681,3.057,-1.536,-48.112,5.900,1.127,-16.229,-2.839,1.711,-7.581,-0.776,0.062
33.346,1.024,-7.912,-44.903,5.489,0.980,-15.279,-5.674,2.477,-7.662,-0.521,0.056
26.133,8.196,-5.472,-48.988,5.733,1.030,-1.218,-1.556,0.138,-11.382,-0.485,0.035
26.133,8.196,-5.472,-48.988,5.733,1.030,-1.218,-1.556,0.138,-11.382,-0.485,0.035
25.296,11.616,-5.220,-46.485,5.750,1.058,-3.263,-1.513,1.599,-7.507,-0.209,-0.058
16.065,9.070,-1.662,-39.953,5.393,1.016,-1.626,-3.277,0.683,-9.641,-0.489,0.000
9.334,7.434,0.035,-36.001,5.339,0.982,0.847,-4.064,1.484,-10.209,-0.148,-0.065
7.460,7.991,3.152,-32.825,5.528,1.017,3.390,-2.141,-0.650,-6.904,-0.424,0.024
0.456,1.800,1.162,-33.338,5.635,1.020,1.128,-6.603,0.946,-7.326,-0.186,-0.080
0.719,3.847,3.035,-32.461,5.656,1.040,1.548,-6.248,-0.919,-4.789,-0.274,-0.036
0.719,3.847,3.035,-32.461,5.656,1.040,1.548,-6.248,-0.919,-4.789,-0.274,-0.036
-1.257,0.059,3.659,-31.473,5.487,1.093,0.298,-7.413,-1.227,-4.829,-0.175,0.055
0.316,-3.814,3.568,-27.615,5.487,1.100,0.018,-4.213,-5.295,-0.039,-0.041,0.058
0.316,-3.814,3.568,-27.615,5.487,1.100,0.018,-4.213,-5.295,-0.039,-0.041,0.058
-0.844,-2.974,3.451,-26.318,5.345,1.017,1.881,0.092,-4.425,5.042,-0.272,0.031
-0.844,-2.974,3.451,-26.318,5.345,1.017,1.881,0.092,-4.425,5.042,-0.272,0.031
-0.300,-3.264,3.029,-24.537,5.349,0.995,2.404,1.663,-3.756,6.027,-0.275,0.024
-7.879,-8.085,6.534,-14.104,5.158,1.019,-2.443,1.530,-4.212,-20.457,-0.012,-0.069
-11.172,-6.747,12.289,-3.803,4.784,0.969,1.782,4.859,4.342,-28.726,0.528,-0.234
-12.487,-4.890,12.994,0.595,4.598,0.884,-2.249,6.089,-9.314,-26.008,2.451,-0.044
-15.365,-5.710,14.719,5.597,4.306,0.773,-3.097,8.895,-11.334,-34.594,1.979,0.047
-23.743,-7.914,13.611,7.793,4.135,0.771,-16.132,10.272,-8.783,-78.281,-0.284,-0.179
-20.179,-4.648,7.870,13.529,3.107,0.412,-15.134,7.124,8.533,-79.867,1.655,-0.536
-11.465,-4.489,4.895,11.349,2.847,0.434,-12.270,5.500,18.684,-64.797,1.899,-0.548
-11.870,-4.305,3.484,5.811,2.824,0.311,0.578,6.759,3.655,-45.332,1.428,0.186
-7.791,-10.800,12.850,-22.259,2.140,0.304,-8.075,10.683,-16.158,-22.174,2.483,0.136
-7.791,-10.800,12.850,-22.259,2.140,0.304,-8.075,10.683,-16.158,-22.174,2.483,0.136
-8.036,-22.843,5.801,-1.299,1.765,0.069,-10.557,-2.892,-5.297,-18.977,6.889,-1.187
-3.483,-18.383,17.110,-13.194,1.947,0.306,-6.706,-1.085,-18.863,-7.487,4.948,-0.830
-5.870,-10.509,16.422,-9.560,2.247,0.233,-0.264,1.041,-15.003,-12.966,4.407,-0.633
-10.035,1.342,16.993,-6.987,1.903,0.710,0.684,1.179,-14.737,-17.202,5.123,-0.779
-5.859,2.332,5.495,22.372,0.954,0.481,-12.656,-9.675,-6.962,-34.291,6.462,-0.967
-5.299,6.481,-5.576,29.448,0.802,0.258,-14.869,-8.333,-2.244,-37.334,6.214,-0.900
-9.515,12.920,-2.348,58.672,0.183,-0.447,-24.120,-11.316,2.619,-40.250,6.302,-1.025
-17.112,19.878,-1.935,44.727,-1.043,-0.434,-24.093,-10.755,6.835,-44.074,6.074,-1.023
-20.663,21.356,-1.604,14.955,-0.946,-0.316,-28.690,-2.979,8.541,-48.504,6.292,-1.059
-16.666,23.887,-0.154,-0.713,-0.877,-0.197,-29.271,-3.708,7.906,-48.734,6.226,-0.935
-16.666,23.887,-0.154,-0.713,-0.877,-0.197,-29.271,-3.708,7.906,-48.734,6.226,-0.935
12.386,10.388,2.365,0.040,-0.988,-0.297,-41.636,12.723,-6.664,-55.340,6.642,-1.111
15.003,9.063,4.622,-8.765,-0.469,-0.269,-43.713,16.256,-11.654,-54.519,6.453,-1.057
18.003,0.456,8.000,-15.612,0.076,-0.083,-42.588,8.837,-10.402,-51.752,5.778,-0.957
16.630,-7.014,3.890,-22.315,0.191,-0.065,-42.868,2.445,-9.500,-49.866,6.139,-0.962
15.223,-9.536,0.071,-17.849,0.156,0.065,-42.552,2.626,-8.657,-48.782,6.053,-0.924
16.530,-16.629,-6.622,-23.089,0.617,0.152,-33.399,-11.852,-0.070,-42.646,5.999,-0.993
14.027,-17.043,-9.658,-21.846,0.662,0.203,-28.518,-16.057,5.174,-41.970,6.035,-0.956
6.874,-9.883,-14.132,-16.586,0.724,0.143,-18.932,-12.608,13.253,-38.531,6.140,-0.968
3.754,-6.203,-15.690,-9.128,0.596,0.144,-20.056,-10.951,11.829,-36.553,6.067,-0.959
4.065,-0.377,-14.209,-5.214,0.890,0.137,-18.249,-6.072,9.619,-36.289,6.112,-0.985
2.357,7.003,-14.228,-8.680,0.815,0.121,-14.528,1.580,8.501,-34.263,6.264,-1.019
3.157,12.828,-11.126,-17.274,0.802,0.152,-10.982,6.433,4.312,-34.035,6.248,-1.019
1.526,17.695,-11.681,-3.886,0.382,0.038,-13.362,14.840,4.006,-34.124,6.367,-1.056
1.371,19.718,-8.461,-15.027,0.489,0.049,-8.728,17.450,1.573,-31.885,6.313,-1.043
-0.136,15.181,-7.763,-13.447,0.207,0.011,-7.906,16.874,3.991,-31.541,5.957,-1.011
1.789,8.994,-5.454,-21.739,0.518,0.011,-6.001,11.709,6.650,-26.422,5.995,-0.994
-0.531,1.481,-1.942,-17.889,0.525,0.042,-3.323,8.241,6.596,-22.513,6.133,-0.995
-1.693,-5.757,0.511,-13.530,0.592,0.021,-2.456,4.025,8.093,-19.548,5.953,-1.003
0.305,-12.718,6.480,-9.954,0.543,0.044,-1.044,-1.888,4.237,-15.448,6.054,-0.990
0.305,-12.718,6.480,-9.954,0.543,0.044,-1.044,-1.888,4.237,-15.448,6.054,-0.990
-4.279,-20.228,5.009,-73.443,-10.186,1.473,3.230,-9.013,-4.537,-7.541,5.557,-0.878
-0.914,-19.622,40.006,-70.818,-5.748,0.110,11.998,-10.918,-29.851,11.067,5.973,-0.792
1.761,-29.255,37.603,-70.260,-0.331,-0.677,18.915,-10.851,-26.621,1.425,5.459,-0.907
13.910,-31.620,36.787,-47.249,3.308,0.638,17.429,-7.435,-30.556,-3.546,4.621,-0.549
4.265,-23.657,14.934,3.310,6.235,1.244,-3.335,0.900,-33.824,-19.981,3.099,-0.363
4.265,-23.657,14.934,3.310,6.235,1.244,-3.335,0.900,-33.824,-19.981,3.099,-0.363
-10.117,-7.119,7.434,-5.346,5.065,0.913,-5.200,2.391,1.148,-29.815,3.003,-0.262
1.618,3.220,-0.372,-1.838,5.028,0.864,-8.731,3.437,-1.064,-19.208,4.321,-0.482
-10.419,7.697,-5.257,4.373,4.800,0.760,-7.138,4.080,8.034,-15.076,4.384,-0.668
-0.184,19.849,-9.539,-0.712,4.467,0.580,-1.034,3.741,3.874,-20.948,5.073,-0.795
-0.389,22.745,-7.587,-8.283,5.848,0.823,-4.398,-2.294,10.153,-33.514,4.353,-0.555
-1.328,29.969,-2.180,-15.619,6.569,0.877,2.991,3.466,16.015,-44.174,3.748,-0.727
10.027,24.379,-8.134,-16.571,6.222,0.913,1.210,-5.027,15.849,-42.661,3.567,-0.704
17.715,14.471,-5.174,-18.228,5.924,0.820,5.011,-2.141,5.768,-23.336,3.165,-0.441
26.750,0.292,-7.394,-13.441,6.337,1.166,0.281,5.248,-10.757,-22.849,2.885,-0.402
34.371,-6.543,3.260,-27.801,6.498,1.262,-1.260,14.407,-6.414,8.407,2.355,-0.379
33.833,-7.281,2.319,-38.590,6.151,1.076,-1.088,15.559,-4.090,6.623,2.213,-0.358
33.833,-7.281,2.319,-38.590,6.151,1.076,-1.088,15.559,-4.090,6.623,2.213,-0.358
38.706,-15.046,18.056,-38.886,6.397,1.045,-2.980,13.631,-12.337,42.144,0.180,0.008
37.587,-11.152,14.389,-39.880,6.572,1.144,-3.423,9.314,-8.668,13.459,-0.538,0.058
43.079,-8.920,6.276,-41.605,5.620,1.034,-17.939,-5.311,-2.088,7.147,-0.611,0.192
41.937,-11.758,4.416,-41.502,5.769,1.040,-16.297,-9.347,-1.132,0.723,-0.588,0.162
41.773,-19.563,-1.401,-44.664,5.975,1.000,-18.104,-16.447,-1.465,-7.731,-0.514,0.082
35.015,-16.185,-3.833,-43.369,5.824,1.031,-14.246,-16.238,-1.937,-7.944,-0.588,0.033
35.015,-16.185,-3.833,-43.369,5.824,1.031,-14.246,-16.238,-1.937,-7.944,-0.588,0.033
32.335,-9.785,-0.298,-41.359,5.889,1.051,-10.441,-10.668,-3.052,-11.435,-0.503,-0.010
25.005,5.271,5.691,-37.835,5.783,1.017,-3.279,-4.842,-3.605,-9.155,-0.541,0.023
22.310,5.663,3.657,-35.574,5.843,1.020,0.662,-0.261,-4.645,-16.040,-0.582,0.049
22.310,5.663,3.657,-35.574,5.843,1.020,0.662,-0.261,-4.645,-16.040,-0.582,0.049
18.645,14.156,7.056,-35.011,5.961,1.043,5.943,2.612,-6.173,-5.386,-0.421,0.029
18.645,14.156,7.056,-35.011,5.961,1.043,5.943,2.612,-6.173,-5.386,-0.421,0.029
2.323,10.368,1.400,-35.269,5.875,1.037,5.414,1.225,0.555,-5.743,-0.607,0.064
3.510,3.002,-0.729,-35.333,6.198,1.061,-1.074,-6.366,-1.474,-4.237,-0.407,0.061
4.157,6.605,0.107,-33.169,5.928,1.066,3.355,-6.978,-3.559,-3.636,-0.406,0.074
5.044,6.357,-2.443,-32.190,5.866,1.025,1.963,-6.082,-2.529,1.319,-0.336,0.061
0.184,-4.499,-7.181,-30.501,6.147,1.064,-2.605,-14.029,3.099,-6.727,-0.475,0.056
-0.629,-0.279,-7.196,-28.898,5.858,1.006,-3.646,-13.683,4.132,-16.542,-0.337,0.053
-5.289,-1.878,-6.421,-25.173,5.850,1.054,-5.007,-10.634,6.013,-26.868,-0.110,-0.058
-3.492,-6.378,-5.730,-21.317,5.824,1.032,-4.257,-6.476,0.111,-14.033,-0.040,-0.067
-3.860,-4.840,-4.987,-20.293,5.842,1.019,-3.147,-1.627,-3.776,4.023,-0.090,-0.077
-3.860,-4.840,-4.987,-20.293,5.842,1.019,-3.147,-1.627,-3.776,4.023,-0.090,-0.077
-6.417,-0.225,-1.956,-13.328,5.766,1.033,1.272,4.259,2.507,-18.018,0.466,-0.165
-4.320,5.824,-0.560,-11.198,5.604,0.938,3.011,13.111,-2.884,-12.577,-2.336,0.667
-11.883,6.265,-1.753,-0.751,5.140,0.909,-8.665,18.906,0.507,-74.546,-4.118,0.880
-20.882,4.988,-5.131,3.390,4.350,0.596,-17.447,13.325,16.317,-81.744,1.469,-0.392
-20.613,-0.193,-8.063,-4.152,3.653,0.538,-12.059,12.301,16.543,-52.490,2.427,-0.204
-10.582,-7.838,-15.621,-10.843,2.961,0.354,-14.301,8.045,2.100,-18.406,1.593,-0.098
-5.897,-14.723,0.393,-25.774,1.961,0.060,-1.618,14.127,-2.723,-16.900,1.843,-0.315
-1.470,-14.698,-4.353,-14.041,2.068,0.285,-3.524,13.117,-0.055,-14.335,3.173,-0.770
-0.721,-6.789,4.003,-15.319,2.458,0.263,19.683,14.137,-3.474,-0.813,3.599,-0.645
0.493,-6.566,5.294,-17.832,2.394,0.548,1.415,-0.632,-8.777,-9.478,4.373,-0.596
-13.128,-6.844,5.098,-4.674,1.717,0.458,-11.147,-6.433,0.856,-26.060,4.876,-0.692
-2.023,3.507,-3.612,25.534,0.432,0.073,-21.204,-10.567,6.788,-37.917,5.518,-0.928
-2.023,3.507,-3.612,25.534,0.432,0.073,-21.204,-10.567,6.788,-37.917,5.518,-0.928
-5.222,13.036,-3.976,33.684,-0.413,-0.189,-33.528,1.325,8.227,-34.771,4.636,-0.811
-9.325,10.828,-13.437,34.666,-0.947,-0.187,-42.047,0.327,10.908,-40.380,5.206,-0.949
3.385,3.072,-10.371,20.069,-1.618,-0.351,-46.937,-7.195,8.284,-49.012,5.453,-0.825
4.469,2.214,-2.628,3.531,-1.433,-0.265,-46.456,-6.782,6.162,-50.304,5.796,-0.968
8.534,6.144,5.801,-4.291,-1.273,-0.231,-48.880,-3.444,3.486,-48.545,6.142,-1.082
9.131,2.937,2.713,-9.941,-0.882,-0.127,-46.614,5.182,1.976,-48.808,5.493,-0.911
9.603,2.465,4.983,-14.311,-0.715,-0.050,-44.540,12.099,-0.690,-45.295,5.648,-0.936
9.603,2.465,4.983,-14.311,-0.715,-0.050,-44.540,12.099,-0.690,-45.295,5.648,-0.936
9.633,-2.106,0.186,-17.829,-0.416,-0.009,-43.380,6.467,0.791,-45.688,5.561,-0.908
9.554,-1.243,-3.532,-16.464,-0.016,0.128,-38.354,-0.159,-2.708,-44.598,5.297,-0.899
6.579,-3.987,-5.545,-25.360,0.337,0.215,-34.593,-5.703,2.532,-42.495,5.209,-0.873
5.490,-5.253,-8.283,-14.087,0.486,0.167,-29.164,-16.410,2.659,-39.789,5.115,-0.845
4.189,-3.720,-8.508,-6.178,0.414,0.167,-29.185,-15.049,5.117,-39.949,4.928,-0.824
4.189,-3.720,-8.508,-6.178,0.414,0.167,-29.185,-15.049,5.117,-39.949,4.928,-0.824
5.923,0.684,-6.403,-5.873,0.548,0.252,-23.438,-10.896,8.351,-37.960,5.017,-0.805
5.923,0.684,-6.403,-5.873,0.548,0.252,-23.438,-10.896,8.351,-37.960,5.017,-0.805
6.008,4.207,-2.035,7.257,0.411,0.157,-21.022,-11.283,3.293,-38.824,5.303,-0.867
11.386,10.122,-0.234,6.900,0.288,0.085,-22.747,-1.732,4.322,-36.446,5.344,-0.919
9.407,8.405,0.086,7.378,0.168,0.102,-23.733,0.953,3.812,-36.090,5.335,-0.931
16.775,11.517,1.937,-0.080,0.106,0.109,-18.908,2.814,-1.149,-34.028,5.255,-0.906
19.272,10.426,4.647,-8.097,0.201,0.113,-18.684,12.151,-3.360,-32.323,5.362,-0.934
15.033,1.665,1.584,-10.800,0.012,0.062,-17.673,7.380,-2.588,-29.382,5.370,-0.928
13.819,-2.544,1.501,-12.419,0.121,0.055,-17.041,5.364,-2.403,-26.912,5.432,-0.922
10.931,-6.857,-0.770,-9.138,0.254,0.116,-13.984,4.495,-1.079,-22.078,5.113,-0.911
3.570,-10.354,-1.809,-25.697,0.296,0.097,-7.618,0.683,2.956,-13.837,4.989,-0.882
-0.740,-15.849,-1.455,-31.989,0.537,0.139,-2.930,0.404,3.224,-9.629,5.261,-0.908
-5.560,-22.540,-3.394,-30.712,0.828,0.138,1.348,-2.321,5.037,-1.574,5.416,-0.919
-8.101,-20.795,-7.913,-10.327,1.218,0.225,6.728,2.064,6.597,-2.293,5.259,-0.911
-9.771,-14.431,-11.269,10.804,0.377,0.048,7.771,2.072,7.981,-2.673,5.124,-0.906
-2.182,-15.187,-8.298,-79.325,-2.635,-0.351,13.315,5.206,2.487,2.193,4.545,-0.743
3.133,-10.995,4.334,-74.877,-1.911,-0.444,15.655,6.586,1.900,4.128,4.294,-0.704
11.904,-4.589,19.751,-36.673,3.464,0.739,11.003,4.752,-8.901,-4.256,3.270,-0.478
6.943,1.001,12.352,2.216,4.189,0.578,-0.966,10.427,-12.658,-27.216,2.727,-0.312
-6.258,8.806,9.262,0.084,3.986,0.698,-7.763,17.389,-1.307,-20.193,2.389,-0.278
-5.557,14.433,9.520,0.500,4.755,0.694,-10.667,13.342,-1.999,-15.437,2.784,-0.424
-5.557,14.433,9.520,0.500,4.755,0.694,-10.667,13.342,-1.999,-15.437,2.784,-0.424
-3.944,9.282,9.049,6.677,5.225,0.784,1.791,-2.535,-0.684,-23.406,2.921,-0.642
-0.124,-0.314,10.704,-7.344,5.737,0.964,4.899,-11.584,5.967,-40.822,1.645,0.087
-1.652,-1.389,10.333,-5.646,5.779,0.939,-0.894,-10.406,7.609,-40.730,1.105,0.035
12.302,-7.260,7.935,-14.776,5.620,0.976,-7.800,-3.793,3.041,-14.783,2.069,-0.455
13.752,-12.392,2.804,-27.218,5.993,1.076,-6.313,-2.643,4.017,3.836,1.460,-0.212
28.248,-8.739,-4.797,-29.096,5.897,1.108,-15.211,-2.200,-2.756,29.861,0.695,0.059
35.860,-10.826,-2.316,-41.364,5.596,1.007,-14.904,-2.421,0.280,57.460,0.111,0.128
45.637,-10.071,-0.553,-43.713,5.669,0.946,-11.728,-2.468,5.298,39.699,-0.237,0.143
36.288,-1.444,1.120,-46.275,5.960,1.068,-2.632,5.889,5.983,9.985,-1.037,0.174
39.006,2.093,-3.611,-49.516,5.644,1.077,-8.651,6.080,4.840,2.430,-0.808,0.077
31.378,3.319,-4.412,-49.356,5.677,1.052,-6.450,5.233,3.649,-2.587,-0.674,0.057
33.251,6.522,-6.400,-49.142,5.524,0.990,-7.314,7.012,-0.263,-0.521,-0.821,0.078
33.251,6.522,-6.400,-49.142,5.524,0.990,-7.314,7.012,-0.263,-0.521,-0.821,0.078
30.716,0.296,-8.785,-47.106,5.408,0.983,-11.376,0.544,0.801,-6.616,-0.425,-0.071
18.656,11.220,-5.579,-41.554,4.892,0.957,-2.202,3.323,-0.332,-13.937,-0.316,-0.017
18.805,14.735,-2.984,-39.489,4.824,0.863,-2.416,1.274,-3.229,-11.073,-0.443,-0.050
11.103,14.214,-1.455,-38.216,4.860,0.840,-2.212,-0.183,0.093,-22.646,-0.336,-0.047
11.103,14.214,-1.455,-38.216,4.860,0.840,-2.212,-0.183,0.093,-22.646,-0.336,-0.047
8.824,12.812,1.062,-36.064,4.702,0.884,0.685,-3.148,-2.575,-5.275,-0.140,0.010
3.088,8.219,1.644,-33.843,4.816,0.864,-0.608,-5.842,-1.952,-5.747,-0.008,-0.027
6.538,8.104,3.013,-34.177,4.827,0.867,1.174,-4.725,-3.415,-2.365,-0.367,0.013
5.125,6.663,4.135,-33.157,5.036,0.889,1.738,-4.390,8.283,-0.975,-0.223,-0.037
3.828,4.632,-0.448,-34.230,4.716,0.903,-2.407,-7.372,2.008,0.410,-0.624,0.050
4.200,4.473,-1.755,-34.222,4.783,0.889,-2.808,-7.288,2.630,-1.729,-0.565,0.047
1.605,-0.141,-4.084,-27.196,4.650,0.861,-9.179,-7.357,11.345,-18.376,-0.300,0.013
1.605,-0.141,-4.084,-27.196,4.650,0.861,-9.179,-7.357,11.345,-18.376,-0.300,0.013
-4.498,-5.742,-9.179,-26.694,4.588,0.850,-7.470,-5.994,7.997,-11.582,-0.184,-0.025
-4.498,-5.742,-9.179,-26.694,4.588,0.850,-7.470,-5.994,7.997,-11.582,-0.184,-0.025
-3.614,2.933,-2.458,-16.653,4.388,0.803,0.652,3.159,1.295,9.678,-0.142,-0.057
-11.947,-0.724,5.391,-0.035,4.138,0.758,4.845,6.827,7.494,-8.867,0.344,-0.152
-11.684,-4.639,12.242,1.544,3.832,0.724,3.508,4.780,0.827,-44.505,0.458,-0.127
-11.846,-6.481,26.341,27.079,3.678,0.672,5.999,7.154,-12.055,-33.114,2.209,-0.243
-14.604,-9.132,25.690,23.158,3.449,0.585,0.651,4.695,-19.367,-51.870,3.123,-0.660
-14.604,-9.132,25.690,23.158,3.449,0.585,0.651,4.695,-19.367,-51.870,3.123,-0.660
-14.604,-9.132,25.690,23.158,3.449,0.585,0.651,4.695,-19.367,-51.870,3.123,-0.660
-14.604,-9.132,25.690,23.158,3.449,0.585,0.651,4.695,-19.367,-51.870,3.123,-0.660
-19.979,-6.281,26.123,15.344,2.610,0.258,-14.408,-7.624,2.861,-120.197,2.241,-0.904
-3.571,-7.892,12.357,-8.029,2.053,0.170,-16.872,2.667,-12.716,-70.669,0.292,0.223
-2.145,-4.532,3.754,-3.385,1.436,0.044,-14.153,3.228,-11.366,-38.088,4.532,-0.873
0.482,-10.054,1.275,-17.560,0.904,-0.035,-19.185,7.598,-29.055,1.407,4.350,-0.785
0.482,-10.054,1.275,-17.560,0.904,-0.035,-19.185,7.598,-29.055,1.407,4.350,-0.785
3.845,-8.874,-2.018,-9.900,0.438,-0.126,-13.522,14.204,-23.940,-8.515,3.734,-0.570
11.492,5.797,8.648,3.257,0.774,0.007,-9.390,7.182,-15.671,-8.456,5.620,-0.916
11.492,5.797,8.648,3.257,0.774,0.007,-9.390,7.182,-15.671,-8.456,5.620,-0.916
9.189,3.256,6.192,8.654,1.219,0.117,-10.496,1.385,-14.799,-9.244,5.848,-0.919
5.582,-2.111,3.917,12.353,1.858,0.224,-18.457,-12.538,-6.412,-9.458,6.069,-1.020
5.582,-2.111,3.917,12.353,1.858,0.224,-18.457,-12.538,-6.412,-9.458,6.069,-1.020
6.945,12.752,-10.089,69.370,1.180,-0.112,-51.571,-7.154,10.430,-41.470,5.953,-1.095
6.755,21.848,-5.639,18.626,0.813,-0.180,-53.372,-3.317,18.991,-48.466,6.343,-1.090
7.245,19.499,-10.349,10.898,0.907,-0.189,-54.570,-5.379,23.073,-51.274,6.828,-1.071
9.236,10.261,-3.869,3.171,0.399,-0.099,-58.711,-4.141,23.627,-54.657,7.237,-1.030
9.236,10.261,-3.869,3.171,0.399,-0.099,-58.711,-4.141,23.627,-54.657,7.237,-1.030
19.569,14.895,-8.400,-9.643,0.028,-0.090,-51.796,4.607,10.881,-65.454,6.733,-1.171
19.569,14.895,-8.400,-9.643,0.028,-0.090,-51.796,4.607,10.881,-65.454,6.733,-1.171
11.875,6.907,-13.326,-18.959,-0.251,0.105,-45.767,22.511,6.295,-56.278,6.173,-1.053
9.855,2.931,-14.184,-14.273,-0.069,-0.030,-45.472,27.891,7.211,-55.682,6.112,-1.048
3.066,0.677,-16.300,-19.006,0.191,0.063,-33.021,23.925,5.544,-55.042,6.251,-1.048
3.066,0.677,-16.300,-19.006,0.191,0.063,-33.021,23.925,5.544,-55.042,6.251,-1.048
-1.368,-4.639,-19.655,-16.524,0.156,0.149,-19.800,17.584,8.379,-41.059,5.988,-0.984
-0.849,-10.310,-18.616,-10.835,0.088,0.122,-12.075,10.979,11.647,-33.920,5.858,-1.025
-2.349,-10.839,-16.212,-8.433,-0.057,0.088,-11.790,5.722,10.172,-33.584,5.798,-0.989
-0.846,-13.335,-12.236,-8.076,0.177,0.100,-10.817,2.419,11.522,-30.639,6.064,-0.987
-0.846,-13.335,-12.236,-8.076,0.177,0.100,-10.817,2.419,11.522,-30.639,6.064,-0.987
6.849,-12.256,-14.307,-9.008,0.237,0.149,-10.184,1.673,13.116,-27.174,6.126,-1.000
3.196,-6.507,-12.295,-2.254,-0.172,0.140,-10.461,5.118,12.451,-30.908,6.138,-1.044
6.812,-4.882,-10.686,-13.932,0.279,0.091,-8.084,5.818,10.794,-29.359,6.172,-1.075
7.966,-0.114,-10.796,-14.351,0.139,0.098,-6.345,4.586,8.543,-25.724,6.121,-1.037
8.456,1.230,-7.758,-12.464,0.158,0.107,-2.143,2.823,5.352,-22.141,6.124,-1.048
6.488,5.488,-7.153,-19.722,-0.046,0.045,-2.301,2.728,3.347,-18.753,6.083,-1.034
5.045,4.067,2.973,-26.481,0.024,0.093,3.800,-2.185,-0.552,-12.552,6.226,-1.020
7.357,-3.360,14.772,-6.456,0.579,0.201,11.706,-10.364,-11.956,-4.548,6.154,-1.035
9.246,-9.443,31.105,-3.323,-1.025,-0.228,13.442,-11.607,-14.907,3.227,5.908,-1.000
12.589,-18.192,11.319,-66.700,-1.697,-0.580,14.967,-11.086,-17.953,1.800,5.524,-0.907
29.116,-21.005,36.376,-99.492,-1.816,-0.434,22.019,-6.016,-22.203,1.250,4.853,-0.756
29.116,-21.005,36.376,-99.492,-1.816,-0.434,22.019,-6.016,-22.203,1.250,4.853,-0.756
26.669,-31.624,30.823,-47.679,3.464,0.542,9.051,-1.069,-28.292,-6.021,3.509,-0.211
26.669,-31.624,30.823,-47.679,3.464,0.542,9.051,-1.069,-28.292,-6.021,3.509,-0.211
8.615,-12.836,17.326,-3.031,3.372,0.522,-16.791,13.790,-12.859,-36.701,1.947,-0.044
2.286,-1.996,5.507,4.809,3.673,0.507,-15.244,8.444,-0.857,-24.778,2.480,-0.069
3.923,7.025,-1.510,7.138,3.750,0.505,-11.046,6.859,2.578,-25.186,3.329,-0.168
7.195,13.619,-1.347,1.803,4.716,0.588,-10.557,11.817,4.968,-18.548,3.434,-0.366
5.365,20.684,-0.629,0.196,6.062,0.772,-5.856,6.785,0.651,-7.508,4.375,-0.578
18.025,23.826,9.857,-18.492,6.031,0.799,4.450,-1.192,-8.657,8.636,3.641,-0.495
38.422,18.215,11.068,-11.718,6.860,1.058,3.572,-4.647,-11.959,13.352,3.826,-0.540
39.065,17.182,9.194,-11.039,7.952,1.382,5.102,0.281,-18.154,26.752,3.132,-0.461
44.445,7.051,13.787,-37.621,6.907,1.232,0.603,1.618,-10.831,24.801,2.243,-0.240
58.780,-5.210,22.930,-56.599,5.538,0.821,-1.097,-1.812,-12.004,20.122,0.759,0.005
58.780,-5.210,22.930,-56.599,5.538,0.821,-1.097,-1.812,-12.004,20.122,0.759,0.005
52.542,-9.765,17.375,-53.393,6.347,0.994,-2.234,-3.827,-12.095,30.265,0.233,0.111
50.212,-8.890,14.764,-54.557,6.608,1.110,-3.212,-0.026,-1.349,-1.111,-0.447,0.122
46.416,-14.023,8.342,-55.565,6.260,0.984,-6.821,-0.859,-0.677,5.050,-0.863,0.200
45.937,-18.159,2.541,-56.577,5.894,0.984,-7.423,-2.982,-0.809,-1.438,-0.990,0.165
45.788,-18.463,3.841,-48.515,5.892,0.993,-5.582,-2.621,-9.679,-1.702,-1.173,0.192
43.217,-9.995,1.850,-43.587,5.706,0.975,-10.092,0.424,-7.439,-15.262,-0.839,0.152
43.217,-9.995,1.850,-43.587,5.706,0.975,-10.092,0.424,-7.439,-15.262,-0.839,0.152
39.717,-5.931,3.245,-38.778,5.811,0.921,-5.435,4.267,-9.419,-14.213,-0.663,0.089
36.036,1.067,6.528,-39.823,5.895,0.981,-4.125,3.275,-8.116,-10.418,-0.664,0.047
28.531,4.989,10.247,-37.104,5.925,0.951,-1.403,6.154,-8.740,-15.578,-0.504,-0.015
25.808,15.391,10.465,-33.314,5.929,0.977,0.768,3.992,-11.131,-7.360,-0.562,0.062
19.613,13.048,10.338,-34.453,5.974,0.978,-0.973,0.303,-9.680,-9.457,-0.404,0.002
17.788,13.575,9.031,-35.697,6.021,0.996,-1.228,-2.056,-9.099,-8.628,-0.592,0.048
17.788,13.575,9.031,-35.697,6.021,0.996,-1.228,-2.056,-9.099,-8.628,-0.592,0.048
13.769,8.569,5.533,-37.503,6.185,1.029,-4.943,-6.702,-5.672,-6.546,-0.497,0.019
11.769,3.773,-1.078,-38.770,6.196,1.038,-6.442,-12.798,-2.125,-2.291,-0.465,0.044
11.748,6.247,-0.139,-38.058,6.008,0.978,-5.648,-10.252,-1.633,-4.200,-0.530,0.039
10.561,5.481,-2.708,-36.702,5.959,0.986,-7.827,-12.102,0.224,-9.857,-0.443,0.023
11.423,3.558,-4.798,-33.058,6.007,1.001,-6.575,-6.786,-0.353,1.591,-0.489,0.037
6.449,-2.818,-5.731,-30.003,5.990,1.000,-10.491,-11.851,3.503,-20.218,-0.293,0.026
3.910,-1.245,-5.015,-27.334,6.049,1.017,-8.583,-11.928,6.977,-19.147,-0.147,-0.001
2.803,-2.670,-5.116,-23.930,5.889,0.990,-5.629,-2.758,-1.120,-8.012,0.055,-0.071
-0.074,1.177,-4.916,-17.980,5.817,1.018,-1.597,4.264,3.073,-15.741,0.430,-0.144
0.192,3.631,-3.585,-15.349,5.927,0.988,-0.807,8.206,-0.326,-1.652,0.694,-0.133
-5.764,11.289,-4.606,-1.960,5.620,0.937,-13.256,20.577,-0.791,-73.325,-2.399,0.801
-11.910,12.159,-7.246,-0.823,4.808,0.804,-26.484,14.934,12.621,-82.674,-0.393,-0.515
-15.349,6.873,-12.238,-0.587,4.196,0.613,-23.660,10.194,20.895,-70.320,2.388,-0.616
-4.282,-7.767,-2.423,-6.398,3.313,0.344,-3.004,6.385,14.383,-22.073,2.037,-0.039
-0.777,-12.176,-7.890,-23.412,2.620,0.204,-11.086,-0.991,9.988,-17.299,2.463,-0.258
-0.777,-12.176,-7.890,-23.412,2.620,0.204,-11.086,-0.991,9.988,-17.299,2.463,-0.258
3.080,-18.241,-8.686,-14.072,2.935,0.351,-10.604,-0.661,10.881,-15.472,4.809,-0.969
2.864,-19.523,15.949,-23.646,2.462,0.323,6.848,0.700,-14.510,-3.109,5.205,-0.934
-6.793,-3.322,6.955,-5.183,2.978,0.617,-14.416,-0.987,-13.002,-32.668,5.191,-0.812
-2.927,-3.502,11.306,-8.895,1.985,0.427,-15.689,-1.809,-13.313,-37.750,5.886,-1.009
-2.927,-3.502,11.306,-8.895,1.985,0.427,-15.689,-1.809,-13.313,-37.750,5.886,-1.009
9.568,10.168,12.525,10.281,1.117,0.071,-29.845,0.867,-5.608,-46.384,5.425,-0.880
-2.600,13.559,-28.760,38.577,0.492,0.078,-32.573,-2.223,14.330,-46.239,5.658,-0.803
-2.600,13.559,-28.760,38.577,0.492,0.078,-32.573,-2.223,14.330,-46.239,5.658,-0.803
-8.128,10.762,-9.670,10.177,-1.271,-0.318,-42.579,-2.075,10.076,-47.590,6.070,-0.934
-3.453,5.923,-7.748,0.888,-1.457,-0.318,-47.412,0.502,9.868,-45.680,6.076,-0.914
-1.466,3.289,-3.431,-5.732,-0.981,-0.237,-48.951,0.406,8.127,-47.708,6.099,-0.966
7.362,0.730,-4.627,1.215,-1.820,-0.308,-50.815,11.919,3.059,-47.226,6.059,-1.005
8.762,-0.133,-2.722,-8.452,-1.389,-0.144,-47.094,21.252,5.108,-41.273,5.873,-0.980
8.762,-0.133,-2.722,-8.452,-1.389,-0.144,-47.094,21.252,5.108,-41.273,5.873,-0.980
8.987,-8.665,-5.417,-23.481,-0.615,-0.070,-42.264,2.957,9.039,-39.287,5.993,-0.930
9.201,-7.873,-8.530,-14.500,-0.339,0.082,-40.194,0.868,11.644,-36.125,5.997,-0.954
9.201,-7.873,-8.530,-14.500,-0.339,0.082,-40.194,0.868,11.644,-36.125,5.997,-0.954
7.755,-5.941,-10.150,-14.922,-0.027,0.172,-37.015,-7.043,11.195,-35.930,6.045,-0.932
7.755,-5.941,-10.150,-14.922,-0.027,0.172,-37.015,-7.043,11.195,-35.930,6.045,-0.932
2.326,-3.813,-10.053,-27.236,0.443,0.259,-25.255,-7.992,12.525,-38.423,5.937,-0.926
2.289,-0.453,-11.274,-6.397,0.252,0.183,-24.244,-8.451,11.617,-38.577,5.925,-0.912
5.541,6.387,-10.273,-4.987,0.352,0.234,-20.353,-6.400,9.432,-38.086,6.030,-0.935
11.227,7.739,-8.261,6.007,0.409,0.182,-20.880,-7.598,6.674,-36.688,6.209,-0.981
11.506,14.804,-4.998,8.457,0.359,0.143,-22.138,1.937,2.944,-36.816,6.262,-0.957
15.523,15.376,-0.692,4.380,0.346,0.191,-21.902,5.787,-1.952,-37.362,6.075,-0.898
12.984,9.518,-1.377,-0.452,0.409,0.136,-24.221,10.384,-1.193,-38.063,6.134,-0.940
11.121,5.237,-1.812,2.575,0.320,0.113,-25.815,7.988,-1.592,-37.454,6.107,-0.940
11.533,-0.825,-2.863,-6.608,0.280,0.109,-25.010,3.154,-0.805,-36.237,5.963,-0.907
11.533,-0.825,-2.863,-6.608,0.280,0.109,-25.010,3.154,-0.805,-36.237,5.963,-0.907
6.635,-6.549,-4.205,-4.750,0.180,0.104,-24.255,3.271,-1.618,-35.145,6.058,-0.917
5.149,-6.373,-4.175,4.950,0.362,0.111,-24.670,3.458,-1.378,-35.117,5.980,-0.922
5.149,-6.373,-4.175,4.950,0.362,0.111,-24.670,3.458,-1.378,-35.117,5.980,-0.922
1.170,-10.147,-6.339,-14.576,0.301,0.091,-18.892,-6.004,2.547,-28.990,6.024,-0.916
1.170,-10.147,-6.339,-14.576,0.301,0.091,-18.892,-6.004,2.547,-28.990,6.024,-0.916
-6.873,-10.290,0.317,-27.399,0.950,0.201,-10.842,-6.663,4.918,-23.854,6.053,-0.917
-8.397,-5.076,-4.493,12.064,0.314,0.003,-13.015,-6.149,4.017,-23.429,6.049,-0.909
-1.975,-8.838,8.596,-3.373,0.105,-0.078,-11.905,-6.830,-3.492,-17.599,6.040,-0.910
4.513,-6.331,17.402,-0.960,-1.061,0.472,-6.341,-2.300,-9.173,-11.409,5.761,-0.875
5.690,-7.334,17.979,-45.897,-1.535,0.317,-7.844,-4.710,-18.419,-6.390,5.299,-0.772
8.726,0.035,28.078,-15.267,-1.665,0.024,-6.103,0.523,-16.233,-6.673,4.778,-0.651
10.274,-0.645,31.688,-31.335,3.459,-1.320,-1.915,-0.574,-24.299,-10.202,4.622,-0.672
24.243,3.925,34.349,-14.983,2.353,-0.343,-0.931,2.747,-23.989,-9.352,4.532,-0.681
3.451,2.990,16.919,-6.270,7.985,1.620,-10.382,-1.373,-16.168,-14.929,2.917,-0.399
-33.763,15.150,3.761,19.698,6.388,1.038,-26.709,-3.712,0.679,-46.024,4.050,-0.647
-25.868,15.105,13.902,5.544,5.719,0.920,-13.825,-2.047,-15.759,-53.642,4.518,-0.612
-20.210,8.365,10.139,-3.130,4.681,0.631,-11.642,-6.701,4.771,-68.801,4.105,-0.484
-10.620,1.842,8.854,-3.680,4.139,0.311,-10.885,-10.163,0.935,-69.851,3.688,-0.557
10.505,-5.169,9.444,-2.711,5.628,0.338,-7.310,-14.982,-4.359,-60.047,3.561,-0.522
18.797,-5.179,10.608,-5.297,6.386,0.326,-11.449,-10.460,-9.509,-62.511,3.187,-0.414
25.514,-1.686,24.220,-24.629,6.358,0.209,-19.448,-4.782,-11.785,-55.022,3.064,-0.417
37.026,0.700,11.490,-22.073,5.595,0.095,-22.408,2.461,-10.610,-34.333,2.457,-0.283
41.375,-3.387,9.653,-29.581,5.636,0.764,-27.880,1.709,-14.047,19.208,1.785,-0.097
30.744,0.807,5.718,-24.180,5.906,1.142,-31.429,8.984,-17.845,33.560,0.615,0.039
31.535,-3.717,5.255,-15.692,5.405,1.302,-27.133,6.500,-11.172,15.493,0.237,0.139
24.763,-3.654,-0.628,-28.129,6.462,0.598,-10.045,1.213,-9.532,12.802,-0.297,0.209
31.121,-3.972,-2.473,-35.108,6.465,0.613,-14.519,-0.179,-1.728,11.487,-0.229,0.146
44.955,-13.792,0.167,-46.234,6.594,1.151,-10.300,-7.977,2.387,1.133,-0.287,0.079
45.979,-9.330,4.409,-44.403,6.419,1.391,-14.916,-7.619,-0.158,-6.539,-0.432,0.151
45.979,-9.330,4.409,-44.403,6.419,1.391,-14.916,-7.619,-0.158,-6.539,-0.432,0.151
36.509,-2.280,-4.827,-30.034,5.772,1.273,-18.615,-4.487,-0.117,-15.397,-0.204,-0.168
29.398,12.389,-2.297,-34.469,4.065,0.773,-0.437,0.728,4.620,-8.379,-0.259,0.021
19.346,7.936,-0.968,-31.232,5.319,0.844,5.653,-4.040,4.312,-16.154,-0.449,-0.010
19.346,7.936,-0.968,-31.232,5.319,0.844,5.653,-4.040,4.312,-16.154,-0.449,-0.010
19.699,5.754,-1.917,-31.812,6.088,1.046,8.169,-2.178,1.068,-9.020,-0.505,-0.017
-2.753,18.982,3.632,-29.899,4.850,0.934,9.215,3.573,2.392,-8.254,-0.315,0.117
-2.753,18.982,3.632,-29.899,4.850,0.934,9.215,3.573,2.392,-8.254,-0.315,0.117
-11.213,6.496,1.943,-29.316,5.190,0.984,10.410,-0.498,-2.070,-10.637,-0.735,0.096
-11.761,2.184,0.880,-30.002,5.308,1.024,10.542,-4.835,2.889,-5.967,-0.686,0.124
-12.169,6.880,0.920,-29.797,5.118,0.953,12.046,-2.413,-0.237,-3.474,-0.694,0.091
-10.551,6.258,0.546,-29.579,5.037,0.954,11.516,-1.663,0.989,1.882,-0.667,0.054
-15.355,2.623,-2.750,-27.857,5.272,0.994,4.297,-5.858,5.309,-8.209,-0.500,0.050
-16.366,-3.720,-1.993,-23.640,5.173,1.005,2.744,-11.123,3.402,-6.313,-0.336,0.052
-17.636,1.225,-1.351,-19.782,5.134,0.951,-0.032,-8.595,1.741,-14.524,-0.144,-0.024
-17.589,-0.086,-0.942,-14.002,5.055,0.991,0.509,-2.695,-3.731,-1.129,0.026,-0.021
-17.976,-6.910,7.935,-5.198,4.469,0.887,0.810,-0.841,-6.342,-16.437,1.302,0.020
-17.881,-2.017,10.801,0.368,4.297,0.812,0.132,3.115,-9.278,-24.816,1.972,0.075
-21.733,-4.039,10.258,3.922,3.999,0.767,-4.372,8.049,-13.432,-48.831,1.505,0.261
-30.204,-9.320,6.739,7.025,3.385,0.617,-18.660,0.451,-4.201,-100.998,1.237,-0.894
-28.448,-9.715,10.580,7.603,2.831,0.315,-19.445,-2.345,5.255,-101.231,1.945,-0.797
-20.967,-8.704,3.882,1.993,1.873,0.220,-8.645,1.637,1.957,-63.461,2.140,-0.290
-13.388,-13.124,-2.883,-11.155,1.274,0.117,-15.639,0.812,-7.215,-23.777,2.165,0.141
-5.877,-1.227,9.012,-4.999,0.483,-0.026,-14.132,13.398,-10.534,-28.932,6.701,-1.271
-5.877,-1.227,9.012,-4.999,0.483,-0.026,-14.132,13.398,-10.534,-28.932,6.701,-1.271
-0.456,-2.568,12.901,-14.104,0.924,-0.026,-4.220,12.654,-15.802,-19.354,4.690,-0.802
-0.456,-2.568,12.901,-14.104,0.924,-0.026,-4.220,12.654,-15.802,-19.354,4.690,-0.802
-4.980,3.416,14.015,14.152,0.577,0.265,-4.429,-0.544,-11.970,-35.127,4.901,-0.840
-4.702,6.471,-20.938,40.845,0.225,0.129,-23.220,-4.681,7.183,-42.368,6.353,-0.927
-3.133,8.735,-11.055,72.942,-0.161,0.080,-33.749,-4.412,0.507,-38.403,6.045,-0.898
-4.639,9.272,-3.863,26.354,-0.936,-0.177,-40.650,-2.455,7.956,-40.920,5.937,-0.954
-15.236,6.811,-10.094,16.476,-0.970,-0.191,-40.324,-6.523,13.547,-47.303,6.541,-1.092
-14.258,5.673,-5.697,4.915,-1.311,-0.256,-41.010,-9.727,4.658,-52.823,6.279,-1.092
-7.249,2.828,-2.419,-8.596,-1.003,-0.130,-38.475,-9.918,6.929,-54.783,6.096,-0.997
-2.090,6.923,-6.817,0.648,-1.273,-0.177,-31.406,-5.952,1.884,-58.188,6.276,-1.067
-0.979,6.006,-4.686,-10.533,-1.310,-0.139,-31.588,5.076,0.046,-56.241,6.619,-1.101
2.711,6.129,-4.956,-21.034,-0.957,-0.083,-23.290,11.963,-3.390,-57.239,6.166,-1.046
10.866,8.883,-4.675,-31.822,-0.551,0.049,-17.781,12.775,-2.797,-52.644,6.043,-1.023
9.451,7.645,-6.191,-24.395,-0.175,0.115,-19.413,12.324,-3.718,-51.145,5.907,-1.012
17.688,7.563,-7.607,-24.721,-0.411,0.070,-15.635,12.009,-1.041,-46.994,6.063,-0.958
25.544,1.848,-8.903,-15.505,-0.107,0.105,-14.791,10.698,1.250,-40.857,5.800,-0.982
22.962,-5.413,-11.541,-3.737,-0.333,0.036,-18.227,4.576,6.998,-36.038,5.802,-0.939
22.962,-5.413,-11.541,-3.737,-0.333,0.036,-18.227,4.576,6.998,-36.038,5.802,-0.939
25.129,-13.139,-10.067,0.252,-0.375,0.010,-22.081,-2.316,9.050,-30.701,5.863,-0.957
24.183,-12.195,-12.139,0.666,-0.230,0.063,-21.972,-2.428,9.974,-28.690,6.063,-0.946
21.222,-11.358,-9.432,3.347,-0.194,0.021,-25.179,-1.153,8.027,-28.537,5.946,-0.995
19.460,-7.375,-4.502,-12.302,-0.213,0.040,-24.232,-1.765,2.833,-24.349,6.007,-0.988
14.214,-3.868,-5.422,-3.292,-0.172,0.035,-28.748,-0.747,4.485,-25.778,5.985,-0.992
10.554,0.002,-3.077,-39.121,-0.497,0.030,-15.532,2.758,-0.962,-18.124,6.048,-0.998
10.554,0.002,-3.077,-39.121,-0.497,0.030,-15.532,2.758,-0.962,-18.124,6.048,-0.998
7.066,3.089,-4.918,-22.029,-0.386,0.046,-12.402,2.604,-0.184,-12.997,6.103,-0.982
-13.746,-3.740,11.625,-26.377,0.172,0.134,2.856,3.573,-5.127,-5.130,5.925,-0.970
-10.044,-9.707,7.195,-28.578,0.600,0.232,4.606,4.845,-2.800,-4.445,5.885,-0.994
-10.024,-8.786,10.266,-30.757,0.924,0.347,9.140,6.044,-5.839,0.031,5.807,-0.974
-12.719,-8.395,9.498,-32.991,-1.338,-0.409,9.808,5.044,-5.607,-0.605,5.642,-0.911
11.938,-15.718,24.950,-78.510,-1.861,-0.486,16.530,4.125,-8.103,1.770,4.469,-0.668
20.070,-17.370,30.438,-86.541,-1.886,-0.438,16.531,-1.135,-6.212,1.786,4.508,-0.412
6.445,-26.181,26.144,-44.998,2.548,0.697,14.949,-0.707,-14.692,-4.772,3.661,-0.378
6.445,-26.181,26.144,-44.998,2.548,0.697,14.949,-0.707,-14.692,-4.772,3.661,-0.378
-7.459,-16.274,9.429,-15.027,2.595,0.708,-0.382,4.736,-22.564,-28.910,3.328,-0.173
-17.048,-1.611,15.072,7.812,3.507,0.573,-19.879,3.976,-2.007,-18.218,2.851,-0.151
-34.813,10.501,0.094,10.547,3.517,0.597,-12.431,-4.727,2.277,-13.242,3.460,-0.312
-28.067,14.705,-3.193,1.571,3.413,0.426,-8.936,-8.063,4.353,-9.406,3.928,-0.554
-20.927,20.151,-3.550,0.171,4.781,0.567,-1.709,-6.061,5.703,-9.197,4.816,-0.833
-4.745,23.784,6.468,-0.002,5.518,0.601,8.615,-5.050,6.250,-32.384,3.506,-0.835
-12.396,21.288,10.471,4.436,5.284,0.663,10.919,2.211,3.410,-56.887,2.699,-0.174
-13.356,10.974,6.532,0.053,5.417,0.506,-5.641,7.567,4.848,-57.276,2.333,-0.182
-0.346,-1.016,0.096,-5.356,5.324,0.361,-10.916,7.122,1.424,-44.547,4.425,-0.797
-0.355,-4.607,0.080,-3.266,5.121,0.338,-9.363,10.384,0.805,-44.863,4.186,-0.761
-0.355,-4.607,0.080,-3.266,5.121,0.338,-9.363,10.384,0.805,-44.863,4.186,-0.761
14.128,-9.448,9.543,-10.647,5.207,0.285,-7.095,4.038,1.198,-64.427,2.435,-0.428
33.215,-19.512,4.331,-19.159,6.313,0.389,-23.290,7.503,-6.136,-7.861,1.938,-0.246
39.316,-17.718,6.880,-23.747,6.720,0.460,-30.435,5.735,-14.905,24.868,1.654,-0.241
31.063,-17.328,6.451,-19.358,6.572,0.723,-36.037,7.390,-14.723,38.205,0.940,-0.128
16.844,-14.267,2.678,-18.373,6.322,1.331,-30.844,1.945,-4.021,28.995,0.183,0.025
19.904,-7.903,6.267,-8.341,5.710,1.390,-20.781,4.285,-5.273,10.488,-0.340,0.018
26.192,-7.186,0.614,-28.030,6.250,0.885,-14.110,-0.249,-9.980,2.927,-0.364,0.018
29.839,-2.238,2.189,-38.950,6.360,0.631,-8.766,2.666,-5.814,9.778,-0.380,0.019
43.036,0.669,9.120,-50.545,7.601,1.131,-5.471,1.480,-1.227,-3.248,-0.073,-0.091
34.720,-12.845,8.239,-57.795,7.267,1.546,-12.160,-5.814,-4.714,-11.815,-0.372,0.065
34.720,-12.845,8.239,-57.795,7.267,1.546,-12.160,-5.814,-4.714,-11.815,-0.372,0.065
27.232,2.908,0.560,-47.313,4.902,0.892,5.284,2.940,-0.045,-17.263,-0.054,-0.106
15.513,0.561,-2.086,-42.994,4.583,0.836,4.495,-2.637,-0.989,-26.479,-0.332,0.048
14.198,0.452,-1.947,-39.849,5.814,1.021,6.862,-7.921,-6.018,-19.974,-0.715,0.082
6.863,2.802,-0.151,-37.220,6.173,1.074,10.122,-3.579,-4.467,-9.174,-0.777,0.081
-1.926,15.408,-4.284,-29.480,5.828,1.081,7.933,-0.179,5.318,-5.229,-0.569,0.040
-2.458,16.347,-1.295,-26.981,5.563,1.047,9.364,1.734,3.590,-4.542,-0.467,0.028
-6.539,11.230,-4.035,-27.428,5.545,1.013,8.874,-0.855,5.239,-6.328,-0.418,0.083
-8.390,10.488,-0.788,-24.970,5.715,1.123,13.215,-1.326,3.817,-10.251,-0.339,0.060
-13.234,3.647,-3.117,-23.759,5.743,1.119,6.481,-5.450,6.600,-19.242,-0.243,0.021
-12.070,-0.543,-2.622,-23.254,5.816,1.101,6.868,-7.146,2.365,-8.696,-0.406,0.057
-11.204,8.937,0.023,-20.089,5.679,1.132,5.723,-5.038,-1.722,-2.575,-0.235,0.025
-17.585,6.438,1.415,-14.639,5.897,1.126,1.584,-7.133,1.440,-28.525,-0.041,0.047
-19.027,2.230,2.229,-10.026,5.819,1.138,-0.982,-6.989,-2.626,-16.252,0.082,-0.023
-21.415,1.128,4.026,-0.929,5.482,1.101,-3.238,-0.113,-2.073,-20.627,1.290,0.048
-21.415,1.128,4.026,-0.929,5.482,1.101,-3.238,-0.113,-2.073,-20.627,1.290,0.048
-21.820,1.361,5.164,-0.433,5.334,1.085,-3.117,2.430,-3.538,-34.423,-0.506,0.547
-31.466,-2.532,-5.190,4.557,3.809,0.579,-10.713,1.655,20.843,-77.819,1.120,-0.326
-30.091,-5.023,-3.533,0.174,3.201,0.412,-10.641,5.040,17.279,-69.932,0.879,0.175
-21.376,-5.780,1.426,0.456,2.331,0.136,-21.181,2.898,7.228,-66.683,0.135,0.126
-21.376,-5.780,1.426,0.456,2.331,0.136,-21.181,2.898,7.228,-66.683,0.135,0.126
-6.015,-10.168,3.907,-11.944,2.588,0.055,-7.259,7.018,-16.209,-42.577,1.705,-0.407
-2.465,-10.373,2.921,-8.920,1.315,-0.143,3.099,14.474,-7.845,-12.889,3.697,-0.684
3.001,-10.491,7.023,-15.084,1.496,-0.069,-4.199,7.368,-13.348,-11.551,4.032,-0.551
0.269,-7.143,4.621,-2.360,2.328,-0.059,-9.538,-3.060,-9.815,-10.193,3.937,-0.541
4.867,-2.421,4.072,25.761,1.926,-0.005,-19.649,2.219,-11.441,-27.822,4.721,-0.773
1.151,0.926,11.359,8.356,1.582,0.153,-21.779,0.473,-13.765,-30.249,5.320,-0.919
1.151,0.926,11.359,8.356,1.582,0.153,-21.779,0.473,-13.765,-30.249,5.320,-0.919
-3.664,0.224,-1.945,18.634,0.721,-0.001,-42.696,-9.258,4.532,-39.223,4.406,-0.689
-3.582,6.026,-19.386,40.964,0.222,0.024,-52.200,-3.484,7.923,-42.559,5.380,-0.907
-5.074,10.097,-14.031,36.716,-0.116,-0.029,-52.467,0.565,7.765,-44.100,5.709,-0.978
-3.047,10.627,-3.704,-0.064,-0.677,-0.099,-54.666,-1.062,9.233,-47.931,5.751,-0.843
-1.968,8.690,-2.078,-10.430,-0.381,-0.025,-54.291,-1.291,9.630,-49.564,5.950,-0.939
-2.898,10.630,-5.265,8.681,-0.821,-0.101,-48.012,2.424,4.885,-51.602,6.385,-1.035
1.096,12.566,-1.067,-1.880,-1.026,-0.100,-47.750,1.609,4.290,-54.339,6.309,-0.949
-1.348,14.877,-2.372,-13.603,-0.897,-0.076,-40.369,6.631,3.061,-54.969,6.243,-1.007
-0.307,7.218,-6.051,-16.436,-0.764,-0.030,-35.800,5.756,2.480,-52.212,6.271,-0.980
0.063,4.663,-7.365,-25.706,-0.431,0.004,-30.799,5.310,3.143,-51.578,5.924,-0.991
1.546,1.554,-9.496,-19.565,-0.229,0.080,-30.095,5.480,3.062,-48.959,6.048,-0.981
1.546,1.554,-9.496,-19.565,-0.229,0.080,-30.095,5.480,3.062,-48.959,6.048,-0.981
0.161,-5.092,-12.822,-15.690,0.221,0.170,-19.201,-1.898,5.311,-45.402,5.902,-1.007
0.179,-5.725,-11.203,-2.352,0.200,0.121,-19.678,-1.066,4.888,-43.081,5.864,-0.930
6.382,-4.214,-7.921,-1.263,0.298,0.153,-15.103,-0.057,6.899,-39.288,5.913,-0.958
6.382,-4.214,-7.921,-1.263,0.298,0.153,-15.103,-0.057,6.899,-39.288,5.913,-0.958
9.402,-0.307,-7.137,3.222,0.508,0.134,-18.384,2.115,7.969,-37.129,6.097,-0.973
14.557,1.872,-6.495,0.083,0.630,0.122,-18.375,4.419,6.413,-37.113,6.065,-0.962
13.262,1.413,-7.357,-1.816,0.711,0.159,-18.302,2.702,6.710,-36.946,6.085,-0.997
13.353,2.636,-6.000,-6.121,0.844,0.159,-18.591,7.741,4.750,-36.468,6.288,-0.964
12.449,2.433,-7.191,-14.468,0.647,0.194,-17.705,3.318,5.581,-35.294,6.207,-1.047
16.179,1.124,-7.218,-8.455,0.378,0.212,-16.739,4.899,3.725,-26.885,6.209,-0.991
13.845,0.970,-7.763,-18.833,0.429,0.157,-14.485,1.215,4.123,-27.379,5.974,-0.967
10.052,0.264,-10.998,-4.353,0.181,0.148,-17.894,1.970,3.999,-25.549,5.996,-0.980
7.405,0.434,-10.967,6.371,0.143,0.118,-18.692,1.867,3.401,-24.152,6.073,-0.941
7.405,0.434,-10.967,6.371,0.143,0.118,-18.692,1.867,3.401,-24.152,6.073,-0.941
-0.777,-8.357,0.122,-29.221,0.574,0.194,-8.405,-0.983,1.224,-14.258,6.027,-0.974
3.340,-15.597,16.464,-4.455,-0.621,-0.191,1.681,-3.966,-14.661,-3.018,5.893,-0.958
6.437,-24.508,6.489,-67.487,-2.433,-0.127,4.457,-3.604,-10.171,-2.197,5.522,-0.874
17.416,-21.919,38.894,-65.954,-0.337,0.028,5.933,-2.279,-23.670,-2.633,3.987,-0.453
16.218,-24.406,40.761,-55.424,3.483,0.698,8.838,-3.424,-23.842,-4.229,3.864,-0.473
8.353,-14.257,27.381,-3.076,4.630,0.597,-4.841,2.949,-35.257,-17.871,3.205,-0.407
-12.697,-5.279,8.793,7.302,4.447,0.733,-19.835,9.352,-8.052,-49.379,2.554,-0.203
-22.042,8.976,10.296,9.711,4.993,0.714,-18.492,-5.750,-0.997,-18.662,3.734,-0.549
-25.387,13.567,2.093,2.469,4.892,0.582,-12.257,-11.210,1.065,-11.831,4.192,-0.816
-23.149,14.796,1.460,1.726,5.006,0.633,-8.176,-9.147,-0.032,-15.147,4.743,-0.927
0.804,12.758,11.922,-6.734,5.657,0.580,4.639,0.337,5.242,-54.345,3.284,-0.360
14.424,10.759,13.909,-5.439,5.131,0.585,-2.790,1.012,5.242,-55.094,2.764,-0.277
5.649,9.050,10.679,-9.849,5.538,0.473,-8.711,-0.927,6.954,-49.200,3.056,-0.613
5.649,9.050,10.679,-9.849,5.538,0.473,-8.711,-0.927,6.954,-49.200,3.056,-0.613
24.784,-0.441,2.018,-17.667,5.387,0.664,-7.105,0.543,1.697,-26.122,2.080,-0.219
33.066,-6.751,2.572,-22.686,5.721,0.984,-19.286,3.461,-3.002,-2.028,1.731,-0.196
38.908,-7.769,3.645,-18.347,6.159,1.226,-29.947,6.046,-11.972,35.507,1.324,-0.219
26.563,-2.765,-0.835,-12.510,6.246,1.462,-29.158,7.062,-9.606,47.931,0.686,-0.109
40.542,-4.663,7.693,-37.687,6.669,0.821,-17.648,4.061,-0.957,13.576,0.348,-0.135
46.123,-10.347,8.824,-45.181,5.528,0.760,-1.497,0.840,-2.097,20.429,-0.081,0.033
51.853,-8.280,13.491,-44.613,6.455,1.049,-4.955,2.650,-4.487,10.012,-0.103,0.131
41.336,3.562,4.784,-45.083,6.381,1.283,-21.705,0.509,-5.671,-2.340,-0.182,-0.006
38.514,2.936,-2.268,-45.263,5.888,1.057,-13.519,-2.188,-1.479,-5.646,-0.408,0.096
36.828,5.275,2.342,-46.321,5.051,0.958,-9.366,-2.123,-0.365,-11.604,-0.192,0.087
37.156,2.984,0.091,-42.264,5.394,0.977,-6.823,-2.539,-3.185,-10.358,-0.338,0.002
24.779,7.191,0.465,-45.034,5.753,1.060,4.930,-3.798,-3.555,-12.886,-0.291,-0.012
24.454,6.712,-0.522,-43.569,5.697,1.051,4.122,-3.438,-2.495,-10.104,-0.390,0.035
16.334,3.784,-1.773,-40.475,5.658,1.067,1.908,-5.879,0.661,-8.286,-0.371,-0.003
13.094,10.918,0.098,-37.563,5.563,1.052,6.275,-1.336,-0.105,-8.562,-0.506,0.029
6.994,14.705,0.369,-33.973,5.591,1.043,8.091,-1.746,0.897,-7.985,-0.559,0.038
5.323,11.028,-0.333,-32.915,5.581,1.019,6.091,-1.692,4.335,-10.649,-0.491,0.069
1.628,8.250,1.230,-32.486,5.691,1.084,5.393,-3.155,1.248,-4.224,-0.654,0.091
1.628,8.250,1.230,-32.486,5.691,1.084,5.393,-3.155,1.248,-4.224,-0.654,0.091
-0.660,6.061,-1.330,-32.624,5.677,1.076,0.768,-5.769,3.236,-5.714,-0.590,0.086
-0.016,8.034,-0.394,-33.129,5.732,1.063,2.036,-2.285,-0.232,1.476,-0.591,0.065
-3.079,2.588,-3.773,-30.373,5.578,1.069,-3.089,-6.437,4.029,-11.517,-0.479,0.040
-8.284,-1.404,-1.760,-26.960,5.536,1.120,-1.677,-8.322,3.571,-28.868,-0.333,0.050
-8.496,-1.103,0.401,-19.833,5.581,1.059,-0.604,-5.150,-0.084,-23.613,-0.224,0.018
-10.292,-3.930,2.052,-14.827,5.476,1.054,0.005,-3.607,-0.746,-21.887,-0.102,-0.018
-12.476,-5.379,4.418,-9.276,5.222,1.013,-0.214,-2.692,-1.418,-21.749,0.113,-0.074
-13.151,-1.597,9.706,-0.847,4.944,0.917,0.414,5.497,-8.402,-11.251,2.195,0.160
-24.892,-3.446,9.159,8.346,4.566,0.880,-12.021,8.893,-1.448,-100.702,0.501,0.007
-25.915,-3.365,11.421,9.335,4.187,0.652,-19.520,3.200,12.420,-104.296,0.872,-0.747
-24.051,-0.663,6.476,7.992,3.696,0.509,-13.207,3.934,18.525,-82.359,0.492,-0.614
-13.669,-10.555,-1.771,2.507,2.540,0.289,-0.318,10.161,3.936,-35.054,0.779,0.392
-13.669,-10.555,-1.771,2.507,2.540,0.289,-0.318,10.161,3.936,-35.054,0.779,0.392
-5.800,-10.824,0.920,-4.050,1.596,0.046,-9.543,4.031,9.974,-24.850,5.160,-0.963
-5.800,-10.824,0.920,-4.050,1.596,0.046,-9.543,4.031,9.974,-24.850,5.160,-0.963
0.680,-3.884,17.759,-10.730,1.486,-0.021,13.265,15.680,-11.218,-7.660,5.917,-1.090
-0.358,-1.907,12.551,-5.018,1.759,0.151,13.218,17.530,-11.117,-10.453,4.941,-0.815
-3.748,-12.446,13.521,-13.758,2.602,0.402,-4.813,2.091,-17.036,-12.677,4.142,-0.570
-9.815,-8.513,12.965,-10.327,2.618,0.751,-3.211,-7.300,-18.164,-22.846,5.583,-0.845
-13.164,2.961,20.082,-3.098,2.182,0.845,1.628,-0.931,-21.367,-32.741,6.479,-0.936
-15.747,-0.038,-4.715,28.802,1.490,0.514,-5.231,-2.624,-4.519,-42.945,5.710,-0.854
-13.346,5.476,-4.801,35.543,0.780,-0.520,-20.135,-13.135,2.795,-45.049,5.797,-0.865
-13.346,5.476,-4.801,35.543,0.780,-0.520,-20.135,-13.135,2.795,-45.049,5.797,-0.865
-14.180,10.813,-5.370,20.312,-0.946,-0.398,-40.341,-5.367,5.563,-53.294,6.329,-0.886
-9.017,9.974,-7.095,16.550,-1.303,-0.394,-39.975,-3.601,6.101,-51.615,6.147,-0.855
-3.809,8.588,-1.380,5.303,-1.590,-0.377,-40.022,-10.405,5.254,-51.866,6.400,-1.012
12.243,8.863,6.247,4.130,-1.394,-0.345,-45.902,-4.558,-6.846,-60.533,6.703,-1.045
12.399,7.785,6.558,-4.058,-1.053,-0.212,-49.997,5.964,-8.066,-59.021,6.274,-1.021
14.586,3.289,6.718,-8.786,-0.497,-0.177,-49.210,9.914,-10.076,-57.137,5.993,-0.948
20.147,0.846,9.471,-15.932,-0.369,-0.075,-48.779,11.187,-13.097,-55.712,6.037,-0.995
18.317,-1.434,6.602,-20.700,0.218,0.025,-47.387,10.394,-12.181,-55.832,6.182,-0.957
16.454,-6.273,0.851,-24.712,0.572,0.083,-42.720,5.463,-5.473,-51.871,6.064,-0.975
15.561,-10.613,-2.662,-15.980,0.505,0.080,-42.428,-0.525,-6.436,-48.627,5.945,-0.972
11.719,-12.227,-10.528,-21.769,1.057,0.059,-34.367,-10.761,2.322,-45.472,6.140,-0.932
8.948,-9.024,-12.939,-10.092,0.995,0.075,-32.790,-10.313,5.262,-42.683,6.008,-0.963
8.948,-9.024,-12.939,-10.092,0.995,0.075,-32.790,-10.313,5.262,-42.683,6.008,-0.963
0.713,-5.130,-17.011,-4.313,1.022,0.039,-24.411,-6.723,12.021,-43.302,6.033,-0.948
0.931,1.068,-16.685,-10.076,0.616,0.024,-21.033,-2.497,12.771,-39.545,6.051,-0.919
0.961,6.333,-16.404,-16.681,0.687,0.010,-16.398,4.299,11.244,-38.763,6.242,-0.958
-1.996,11.288,-16.179,-20.614,0.558,-0.058,-14.684,14.229,11.455,-39.112,6.365,-0.975
-1.554,12.332,-15.862,-0.691,0.274,-0.144,-15.018,12.328,11.462,-39.359,6.542,-1.060
-1.804,17.718,-13.223,-18.217,0.207,-0.084,-8.828,21.635,9.942,-39.432,6.140,-0.974
-1.804,17.718,-13.223,-18.217,0.207,-0.084,-8.828,21.635,9.942,-39.432,6.140,-0.974
-2.415,8.102,-14.467,5.803,0.202,-0.079,-11.696,19.420,10.654,-36.795,6.120,-0.929
-2.415,8.102,-14.467,5.803,0.202,-0.079,-11.696,19.420,10.654,-36.795,6.120,-0.929
0.817,2.862,-2.910,-20.377,0.116,-0.082,-8.183,14.246,14.315,-35.731,6.105,-0.918
6.426,-9.236,9.950,-2.143,1.049,-0.064,-7.737,1.951,4.459,-25.244,6.053,-0.934
6.426,-9.236,9.950,-2.143,1.049,-0.064,-7.737,1.951,4.459,-25.244,6.053,-0.934
8.856,-12.872,21.484,-16.882,-0.300,0.136,-5.347,-1.070,-3.435,-21.950,5.982,-0.916
-2.524,-15.950,14.953,-47.152,-1.176,-0.138,-0.534,-16.799,-8.430,-11.334,5.716,-0.865
-18.012,-28.060,27.521,-39.887,5.261,-0.805,11.660,-15.198,-34.341,-0.230,6.041,-0.936
7.621,-33.356,35.385,-28.530,3.507,-0.080,11.984,-10.124,-35.704,-6.294,5.665,-0.855
17.133,-35.512,31.757,-35.264,3.804,0.263,2.515,-8.723,-35.716,-12.358,4.736,-0.606
-7.768,-23.891,11.428,-8.788,6.374,1.284,-12.757,1.088,-24.127,-26.067,3.507,-0.442
-25.586,-8.847,6.630,11.682,5.716,1.091,-12.248,11.322,-8.099,-30.222,3.910,-0.553
-24.988,-0.589,-2.568,8.045,5.112,0.927,-6.391,14.360,15.158,-31.975,5.553,-0.816
-14.196,9.476,-8.758,-5.619,4.988,0.778,-1.514,3.316,11.075,-50.202,6.370,-0.596
-16.478,16.579,-13.054,-1.135,6.383,0.830,4.028,11.185,12.843,-50.297,4.847,-0.722
-26.978,19.267,-15.221,-4.517,6.738,0.805,2.077,10.154,18.106,-48.130,5.157,-0.865
-15.853,22.426,-16.727,-14.197,6.247,0.871,3.987,4.758,25.177,-57.387,4.660,-0.984
-9.501,26.093,-16.012,-10.805,5.576,0.622,6.816,8.160,13.932,-56.854,3.866,-0.460
8.467,30.169,-14.697,-15.731,5.705,0.521,11.866,12.530,7.572,-60.403,3.795,-0.531
18.650,24.517,-0.420,-22.888,5.549,0.511,-1.357,17.697,4.254,-48.555,3.786,-0.553
15.410,15.435,0.094,-18.681,6.024,0.662,-4.072,8.201,1.213,-42.647,3.228,-0.423
22.843,5.372,-0.117,-15.480,6.309,0.747,-12.741,1.192,-0.754,-38.773,2.660,-0.338
19.015,-1.989,-4.196,-11.941,7.051,0.969,-15.771,-5.155,-1.424,-36.931,2.798,-0.459
29.133,-8.957,4.727,-25.468,6.836,1.154,-31.267,-2.288,-28.937,-0.085,2.836,-0.337
21.330,-14.868,-2.707,-20.965,6.519,1.368,-27.466,7.894,-8.454,29.476,1.468,-0.186
27.957,-22.882,7.171,-41.055,5.943,0.875,-12.129,6.961,-8.254,19.194,0.372,-0.096
35.852,-25.644,10.103,-42.248,5.732,0.786,-3.883,9.179,-7.391,6.808,0.033,-0.013
39.009,-29.008,11.015,-40.929,6.458,1.036,-7.836,5.068,-14.530,8.615,-0.245,0.156
31.709,-21.301,-2.071,-41.575,6.507,1.273,-20.746,1.451,-11.346,-2.046,-0.357,0.088
31.709,-21.301,-2.071,-41.575,6.507,1.273,-20.746,1.451,-11.346,-2.046,-0.357,0.088
31.709,-21.301,-2.071,-41.575,6.507,1.273,-20.746,1.451,-11.346,-2.046,-0.357,0.088
25.326,-9.719,3.048,-38.706,5.889,1.110,-0.217,-0.131,-4.693,-15.183,-0.323,0.044
20.712,-4.414,1.779,-37.920,5.921,1.110,6.052,0.325,-3.967,-14.190,-0.361,0.053
18.629,1.774,0.783,-36.015,5.949,1.092,4.126,-0.046,-4.294,-13.688,-0.499,0.052
18.337,4.137,0.372,-35.959,5.917,1.088,4.476,0.111,-8.932,-10.483,-0.707,0.098
2.829,12.308,12.068,-28.451,5.817,1.069,13.250,1.575,-12.484,-10.644,-0.395,0.080
-1.237,7.731,11.482,-26.700,5.898,1.091,11.362,0.019,-10.645,-12.142,-0.348,0.115
-3.551,7.518,11.262,-24.575,6.040,1.092,12.464,0.757,-10.258,-7.194,-0.591,0.076
-5.119,5.443,6.855,-24.863,5.981,1.109,8.631,-2.006,-6.871,-14.298,-0.560,0.061
-10.698,0.245,3.158,-24.424,5.997,1.112,7.047,-6.534,-0.979,-7.045,-0.527,0.068
-13.837,-1.327,0.239,-23.890,6.133,1.174,5.485,-6.451,3.271,-20.829,-0.416,0.040
-13.467,4.459,-0.863,-21.502,6.053,1.105,2.742,-7.330,-2.360,-3.806,-0.086,0.002
-12.576,4.561,-0.982,-20.592,5.780,1.126,2.661,-6.181,-3.191,0.961,-0.111,-0.016
-19.106,1.492,-4.059,-15.645,5.874,1.108,-0.788,-8.842,5.877,-11.488,0.109,-0.050
-18.422,-2.762,-5.546,-14.836,5.966,1.107,-1.034,-11.103,10.306,-33.245,0.212,-0.086
-19.463,1.823,-13.993,-5.179,5.772,1.057,-8.075,3.330,10.193,-24.268,-4.771,0.885
-28.256,10.260,-15.226,0.038,5.294,0.903,-17.597,7.778,27.124,-86.584,-4.640,0.772
-29.616,8.688,-16.508,-0.998,4.947,0.842,-18.633,7.289,24.780,-87.166,-0.567,0.190
-31.910,12.547,-20.348,2.002,3.787,0.565,-17.244,10.738,23.751,-62.912,3.001,0.067
-21.538,7.953,-29.131,-5.898,3.175,0.404,-13.487,16.054,11.562,-26.823,1.634,-0.250
-8.460,0.931,-13.509,-33.362,2.467,0.235,-9.656,20.967,0.826,-15.126,1.753,-0.577
-6.531,-2.682,-17.277,-25.416,2.109,0.204,2.402,20.239,5.177,-17.169,2.517,-0.696
3.915,-5.527,-5.378,-21.282,2.228,0.172,13.464,12.530,1.108,-3.536,3.340,-0.656
-2.683,-12.735,-0.557,-11.069,2.656,0.293,-5.682,-0.032,-3.280,-15.134,2.861,-0.337
-2.776,-8.307,-0.507,1.320,2.812,0.312,-17.184,-3.255,-5.334,-20.694,3.364,-0.325
-6.254,-1.502,-2.062,-3.835,2.677,0.458,-14.958,-13.653,-3.639,-34.807,5.551,-0.873
-16.888,-2.069,-14.576,4.949,2.087,0.332,-28.230,-11.543,7.558,-45.837,6.114,-1.043
-16.888,-2.069,-14.576,4.949,2.087,0.332,-28.230,-11.543,7.558,-45.837,6.114,-1.043
-12.971,1.900,-7.696,18.495,0.947,0.099,-41.485,1.364,16.182,-52.584,4.484,-0.774
-12.971,1.900,-7.696,18.495,0.947,0.099,-41.485,1.364,16.182,-52.584,4.484,-0.774
-11.340,5.920,-10.517,34.963,0.109,0.035,-45.337,6.299,18.690,-51.196,5.313,-0.879
-10.378,4.300,-3.410,-1.278,-0.600,-0.058,-42.892,7.427,15.935,-48.038,5.252,-0.812
-9.624,0.817,-8.840,5.152,-1.081,-0.253,-40.452,6.018,10.278,-47.246,5.777,-0.946
-3.127,1.044,-6.445,3.253,-1.235,-0.276,-41.613,8.454,9.906,-47.426,5.678,-0.976
-0.292,0.312,-10.314,-5.272,-1.587,-0.262,-39.906,3.976,7.566,-45.970,5.424,-0.923
-0.295,-0.954,-6.676,-11.080,-1.276,-0.170,-39.838,4.397,7.746,-45.581,5.447,-0.953
3.670,-1.663,-5.928,-19.320,-1.070,-0.111,-34.021,0.425,11.485,-39.325,5.371,-0.963
6.367,-0.989,-7.455,-28.038,-0.928,-0.055,-30.424,1.588,12.291,-37.783,5.236,-0.811
8.279,0.031,-6.880,-17.375,-0.644,0.035,-30.076,0.997,11.134,-36.535,5.355,-0.883
9.081,0.463,-6.456,-21.333,-0.526,0.025,-28.803,-4.035,11.597,-35.308,5.471,-0.904
16.185,4.823,-6.856,-25.496,0.047,0.171,-23.936,-11.389,11.003,-36.472,5.165,-0.867
37.814,7.676,-15.332,-31.495,0.896,0.382,-9.604,-1.889,16.305,-24.109,5.195,-0.865
39.846,9.830,-15.724,-21.054,1.345,0.510,-10.034,4.512,15.638,-21.709,5.131,-0.868
43.686,8.782,-15.731,-13.328,0.953,0.360,-9.145,8.957,12.051,-16.244,5.132,-0.872
32.201,6.877,-15.221,-5.787,0.850,0.336,-7.488,6.525,13.266,-16.771,5.220,-0.894
30.951,3.514,-10.245,-13.848,0.722,0.223,-9.959,6.133,8.540,-11.640,5.360,-0.873
18.082,-1.395,0.240,-13.736,0.527,0.241,-4.428,4.965,3.303,-1.165,5.441,-0.921
9.605,-7.650,16.419,-34.748,0.619,0.220,6.564,1.650,-1.860,-1.364,5.650,-0.938
0.060,-15.136,2.821,-23.521,0.521,0.268,2.666,1.391,-0.328,-0.825,5.663,-0.945
-11.045,-18.156,15.033,-23.404,0.525,0.247,-1.489,-4.177,-5.194,-1.175,5.264,-0.868
-11.841,-18.896,9.399,-1.649,1.362,0.389,2.212,-9.022,-6.968,-1.849,5.173,-0.799
-2.248,-16.306,0.139,-98.025,-1.011,-0.379,8.622,-6.362,-9.116,-2.005,4.639,-0.718
16.161,-11.289,22.069,-84.372,0.149,-0.104,7.136,-5.357,-8.854,0.565,4.095,-0.647
11.931,-9.980,20.367,-46.402,2.345,0.650,6.749,-1.985,-13.172,-3.944,2.563,-0.386
11.931,-9.980,20.367,-46.402,2.345,0.650,6.749,-1.985,-13.172,-3.944,2.563,-0.386
-14.626,2.604,5.222,-2.161,2.866,0.667,-24.968,3.829,-1.830,-29.163,1.781,-0.091
-25.419,-1.153,10.260,11.891,3.607,0.635,-27.836,-3.436,-1.220,-15.522,2.453,-0.348
-24.351,-1.088,10.509,10.755,3.370,0.565,-26.062,-3.369,-3.692,-10.958,3.412,-0.605
-24.351,-1.088,10.509,10.755,3.370,0.565,-26.062,-3.369,-3.692,-10.958,3.412,-0.605
-13.035,-0.307,17.338,4.631,4.861,0.743,-10.838,2.209,-10.866,-7.296,5.156,-0.684
-13.035,-0.307,17.338,4.631,4.861,0.743,-10.838,2.209,-10.866,-7.296,5.156,-0.684
-12.993,-2.858,27.751,16.136,5.273,0.731,-12.219,-1.355,-17.861,-33.502,5.464,-0.467
-6.963,-5.955,27.239,6.844,5.160,0.642,-16.156,-10.506,-14.290,-63.249,3.840,-0.692
-5.730,-5.816,24.357,4.823,5.478,0.481,-13.761,-9.462,-15.029,-60.258,3.597,-0.643
-4.844,-6.199,21.588,2.349,5.187,0.570,-10.569,-7.105,-15.924,-53.811,3.608,-0.429
-7.210,-9.428,15.331,-9.008,4.802,0.499,-14.228,-13.733,-14.319,-58.284,4.125,-0.712
-8.633,-9.059,16.505,-3.685,4.695,0.497,-14.531,-13.159,-14.618,-57.142,4.461,-0.759
-6.628,2.288,4.713,-12.127,4.694,0.614,-14.894,-4.741,-5.826,-42.177,3.547,-0.538
-6.382,2.384,3.183,-10.934,4.609,0.633,-16.389,-5.235,-3.832,-38.962,3.220,-0.567
-6.144,2.700,1.830,-5.660,4.789,0.666,-14.400,-4.923,-1.932,-38.788,3.405,-0.618
-6.129,1.890,1.379,-3.928,4.530,0.787,-13.286,-5.769,0.936,-33.264,3.685,-0.604
-12.073,3.819,-0.467,2.429,4.191,0.881,-13.454,-1.452,0.692,-30.326,3.609,-0.541
-11.944,2.585,1.786,2.393,4.146,0.812,-11.138,-0.839,0.899,-30.285,3.760,-0.645
-15.472,5.016,9.848,9.805,4.449,0.759,-10.671,6.572,-6.140,-34.924,3.586,-0.615
-18.719,1.805,13.682,16.471,4.423,0.742,-12.869,6.113,-5.951,-37.242,3.375,-0.614
-15.225,-2.997,22.977,18.525,4.395,0.774,-16.751,1.604,-13.286,-46.065,3.429,-0.647
-13.766,-4.567,23.747,14.457,4.553,0.741,-16.588,-0.219,-12.698,-48.305,3.429,-0.551
-13.496,-4.464,23.524,12.102,4.740,0.665,-16.432,-0.056,-13.005,-48.645,3.445,-0.543
-7.801,-6.637,24.090,9.294,4.600,0.707,-13.779,-5.197,-9.062,-52.343,3.300,-0.569
-4.934,-12.982,21.668,5.722,4.685,0.687,-11.570,-10.900,-8.961,-49.257,3.276,-0.497
-4.949,-10.989,21.162,7.472,4.724,0.673,-11.219,-10.361,-8.489,-47.997,3.026,-0.541
-4.628,-10.097,18.927,3.618,4.892,0.698,-9.510,-9.544,-6.069,-43.447,3.039,-0.558
-3.908,-0.693,13.874,-2.322,5.273,0.666,-10.679,-10.160,2.968,-35.923,2.907,-0.412
2.263,2.547,10.237,-6.358,5.117,0.612,-9.175,-6.397,1.245,-24.932,2.930,-0.413
0.395,4.849,7.984,-8.196,4.373,0.659,-7.951,-6.073,6.668,-18.257,2.569,-0.500
5.773,6.894,5.694,-16.144,4.412,0.726,-3.128,-3.424,9.661,-8.432,2.535,-0.459
2.529,12.181,-0.028,-14.915,3.933,0.889,-5.735,6.787,16.948,-0.230,2.760,-0.484
1.139,9.684,-1.169,-20.551,4.336,0.851,-4.863,6.551,15.046,-0.471,2.822,-0.538
11.206,11.969,-6.054,-34.092,3.969,0.516,0.604,9.877,28.669,22.398,2.914,-0.462
12.859,14.236,-8.668,-38.840,3.506,0.604,-3.239,13.994,34.464,26.032,2.760,-0.476
13.830,13.393,-10.372,-37.103,4.082,0.677,-2.328,13.055,30.735,21.510,3.035,-0.520
13.015,10.939,-13.411,-37.313,3.957,0.690,-3.045,8.338,32.163,16.038,3.199,-0.568
10.699,11.197,-15.441,-39.196,3.453,0.571,-4.035,3.806,29.910,12.039,3.842,-0.638
11.359,9.387,-15.565,-40.255,3.339,0.549,-1.611,-1.490,27.202,15.624,4.446,-0.706
13.326,5.617,-16.132,-39.323,3.170,0.602,-1.197,-6.075,25.528,13.308,4.146,-0.815
14.762,8.653,-11.651,-36.115,3.155,0.576,-3.361,-4.120,20.322,8.046,4.398,-0.755
13.371,5.037,-6.215,-31.448,3.206,0.565,-4.269,-8.095,15.102,1.926,4.493,-0.700
9.204,1.788,0.336,-23.267,3.106,0.600,-6.670,-8.366,6.425,-3.552,5.370,-0.784
                                                                                                                                                                                                                                                                                                                                                                                                                                                                                                                                                                                                                                                                                                                                                                                                                                                                         