17.082,-18.592,59.502,-48.054,6.988,-0.001,14.437,-27.536,-73.591,15.756,5.038,-0.001
17.005,-19.011,58.930,-48.704,6.986,0.000,14.504,-27.830,-73.143,15.883,5.038,-0.001
17.115,-18.698,59.394,-47.842,6.987,0.000,14.564,-27.526,-73.131,15.788,5.038,0.001
17.092,-18.733,59.328,-48.105,6.986,0.000,14.562,-27.569,-73.051,15.716,5.039,0.001
16.755,-18.191,59.190,-48.472,6.995,0.001,14.127,-27.217,-72.507,12.512,5.034,0.003
11.433,-10.414,48.900,-43.285,7.046,-0.017,8.726,-25.061,-64.051,2.554,4.978,0.018
5.702,-12.610,44.230,-41.787,7.039,-0.043,2.099,-29.931,-57.018,-2.754,4.871,0.036
6.461,-7.664,51.349,-38.045,6.971,-0.074,1.815,-24.312,-56.252,-5.272,4.677,0.142
6.988,-10.970,38.066,-36.701,6.895,-0.077,-19.534,-23.351,-32.661,-17.816,3.912,0.440
4.739,2.357,24.477,-32.545,6.829,-0.047,-26.821,-13.203,-3.768,-30.817,3.680,0.439
2.654,14.834,13.116,-33.668,6.767,0.091,-32.132,1.562,20.708,-46.261,3.535,0.337
-2.111,28.681,-15.703,-17.398,6.614,0.135,-35.777,20.526,50.969,-71.773,3.547,-0.053
6.171,42.627,-37.063,-2.205,6.626,-0.003,-28.820,40.409,61.108,-63.425,3.291,-0.061
14.750,48.633,-53.329,5.323,6.545,-0.042,-25.529,51.860,60.908,-49.486,3.053,-0.102
22.344,48.648,-62.340,5.472,6.365,-0.042,-24.030,56.396,57.694,-37.092,3.031,-0.310
26.918,44.950,-59.204,-0.918,6.203,-0.046,-21.514,59.131,48.539,-26.067,2.985,-0.425
30.733,29.428,-67.505,-3.668,5.934,-0.003,-11.381,54.377,37.511,-27.137,3.381,-0.376
27.948,2.487,-70.488,-8.980,5.833,-0.029,-8.572,51.333,30.603,-20.280,3.690,0.169
22.613,-22.385,-67.180,-23.504,5.474,-0.137,-19.097,39.068,46.330,-21.307,4.378,-0.023
21.999,-40.475,-52.446,-29.112,4.982,0.005,-15.464,22.764,40.672,-25.058,3.541,-0.079
19.352,-44.761,-39.826,-30.810,4.967,0.042,-15.213,17.680,38.833,-26.321,3.478,0.001
17.795,-46.955,-28.487,-28.327,4.934,0.113,-13.150,9.918,35.209,-17.399,3.664,0.083
13.385,-41.341,-16.339,-28.457,4.937,0.152,-9.692,3.405,29.206,-18.618,4.077,-0.050
8.489,-32.992,4.391,-31.601,5.021,0.064,-6.303,-5.873,19.898,-17.819,4.062,-0.000
4.433,-22.578,20.841,-34.752,5.163,-0.016,-7.148,-12.498,15.883,-22.628,3.920,0.038
1.759,-14.918,25.711,-33.770,5.135,-0.005,-8.012,-13.917,13.763,-29.855,3.839,-0.021
1.370,-15.214,26.303,-32.553,5.141,-0.005,-8.155,-14.321,13.430,-30.220,3.834,-0.021
-5.466,-7.805,19.050,-36.827,4.542,0.008,-11.032,-14.297,13.284,-44.639,3.865,0.015
-5.020,-4.105,18.227,-24.592,4.634,0.208,-9.696,-13.413,9.682,-40.359,3.828,0.022
-1.884,-1.582,12.996,-22.804,4.903,0.094,-7.981,-13.138,8.954,-39.590,3.775,0.007
2.077,1.000,11.623,-22.987,5.304,-0.085,-5.339,-10.639,7.860,-32.931,3.730,-0.016
4.398,3.149,12.775,-21.283,5.436,-0.096,-3.871,-7.532,4.303,-28.058,3.703,0.031
6.209,3.163,12.295,-23.721,5.339,-0.048,-3.728,-7.064,2.117,-27.103,3.705,0.033
6.197,6.291,12.312,-23.975,4.952,0.031,-3.911,-2.079,-0.434,-25.535,3.667,-0.055
4.647,7.792,11.696,-22.213,4.906,0.049,-4.743,0.079,-1.742,-24.058,3.761,0.034
3.919,7.607,11.632,-25.527,5.003,0.003,-4.887,0.184,-2.603,-26.718,3.801,0.026
3.940,5.286,12.197,-26.751,5.155,-0.019,-3.966,-0.548,-2.536,-28.606,3.724,-0.014
5.170,3.445,10.423,-27.941,5.044,0.020,-3.826,-3.083,-1.765,-29.574,3.762,-0.003
5.114,3.864,10.787,-29.932,5.072,-0.017,-3.507,-3.321,-1.365,-29.993,3.749,-0.017
4.926,0.979,9.577,-29.670,5.065,-0.020,-4.190,-6.453,0.897,-28.957,3.760,0.003
5.364,-0.506,8.987,-29.622,5.062,-0.002,-3.837,-7.715,2.534,-28.717,3.759,-0.002
5.677,-0.553,9.066,-29.552,5.089,-0.004,-3.639,-7.817,3.287,-28.651,3.751,-0.003
5.744,-1.923,9.964,-27.630,5.075,-0.001,-3.780,-8.745,4.265,-25.318,3.737,0.004
5.965,1.733,11.708,-25.652,5.052,-0.009,-4.066,-5.445,2.260,-23.936,3.723,0.010
5.970,1.353,11.645,-26.161,5.047,-0.014,-3.918,-5.757,2.108,-24.220,3.719,0.015
5.768,2.408,11.962,-24.672,5.023,-0.017,-4.526,-4.387,1.096,-24.111,3.694,0.033
5.459,2.878,12.150,-26.334,4.992,0.008,-4.724,-3.131,-0.148,-25.204,3.709,0.015
5.230,2.747,11.880,-25.704,4.995,0.038,-4.716,-3.121,0.226,-25.697,3.710,0.008
5.411,2.292,11.849,-28.063,5.019,-0.024,-4.620,-3.583,0.849,-27.335,3.695,0.001
5.306,1.391,11.194,-27.377,5.014,-0.006,-4.583,-4.244,1.222,-27.253,3.659,0.010
5.664,1.627,11.350,-28.185,4.986,-0.018,-4.167,-4.424,1.313,-27.529,3.580,-0.029
5.862,0.014,11.169,-29.239,4.917,-0.004,-3.488,-6.057,3.313,-27.489,3.550,-0.091
5.872,0.322,11.215,-28.847,4.917,-0.004,-3.610,-5.591,3.174,-27.337,3.552,-0.091
6.190,-0.379,10.962,-27.373,4.926,-0.052,-4.599,-5.118,3.405,-23.704,3.539,0.098
6.259,-0.285,10.941,-27.757,4.925,-0.052,-4.479,-4.981,3.409,-24.010,3.541,0.098
6.360,-0.222,11.440,-27.890,4.969,0.019,-3.868,-5.262,3.555,-24.462,3.615,-0.001
6.176,0.638,11.357,-27.450,4.922,0.007,-3.735,-4.364,3.009,-24.242,3.571,0.012
6.045,0.305,11.203,-27.541,4.910,0.014,-3.974,-4.544,3.176,-24.069,3.579,0.012
5.829,0.779,11.249,-27.313,4.911,0.014,-4.134,-4.069,2.743,-24.679,3.578,0.012
5.523,0.591,10.985,-28.776,4.850,-0.012,-4.379,-4.031,1.945,-27.050,3.578,0.008
5.545,0.598,11.101,-28.212,4.850,-0.012,-4.340,-3.965,1.985,-26.801,3.577,0.008
5.275,0.571,10.881,-28.179,4.867,0.036,-4.559,-3.852,1.624,-27.010,3.574,0.010
5.460,0.501,11.313,-27.740,4.822,-0.043,-5.096,-3.763,1.681,-26.728,3.500,0.035
5.420,0.260,11.217,-27.864,4.823,0.004,-4.611,-4.035,2.153,-26.952,3.477,-0.021
6.037,0.142,11.550,-27.878,4.856,-0.009,-4.023,-4.152,2.835,-25.944,3.359,-0.029
6.423,-0.268,11.644,-28.831,4.801,-0.000,-3.086,-4.439,3.667,-26.116,3.280,-0.090
6.587,-0.329,11.734,-28.199,4.764,0.003,-3.314,-4.255,4.132,-24.515,3.266,-0.058
5.659,-0.561,10.856,-26.342,4.601,-0.007,-5.569,-3.699,3.834,-24.723,3.496,0.053
5.335,-0.168,11.225,-25.673,4.577,-0.001,-5.717,-3.425,3.213,-26.621,3.478,0.014
5.626,0.046,11.932,-25.463,4.732,0.002,-4.867,-3.701,3.123,-26.657,3.384,-0.009
5.398,0.109,11.816,-25.876,4.731,0.002,-5.003,-3.511,2.889,-27.281,3.383,-0.009
5.771,0.381,12.034,-27.501,4.748,0.001,-3.884,-3.240,2.740,-26.899,3.359,-0.042
5.680,-0.039,11.693,-27.378,4.607,0.012,-4.159,-3.170,3.476,-26.619,3.269,-0.023
5.689,0.053,11.673,-27.224,4.607,0.012,-4.226,-2.964,3.497,-26.486,3.270,-0.023
5.478,-0.755,11.376,-26.904,4.598,-0.000,-5.101,-3.357,3.832,-26.667,3.282,0.007
5.771,-0.580,12.039,-25.966,4.636,-0.016,-4.799,-3.595,3.664,-26.290,3.245,-0.015
5.915,-0.615,11.913,-25.313,4.666,-0.006,-4.578,-3.643,3.680,-25.644,3.170,-0.005
5.715,-0.606,11.892,-24.675,4.631,-0.009,-5.114,-3.459,4.012,-24.978,3.310,0.040
5.567,-0.400,12.166,-24.720,4.614,-0.012,-5.516,-2.988,3.876,-25.004,3.263,0.037
5.773,-0.393,12.407,-24.603,4.531,-0.033,-5.343,-3.032,3.623,-25.223,3.220,0.005
5.030,-0.648,11.954,-22.566,4.416,0.064,-5.781,-2.762,3.650,-26.107,3.175,0.020
5.074,-0.325,12.584,-23.622,4.481,0.016,-5.321,-2.815,2.791,-26.605,3.189,-0.044
5.327,-0.505,12.964,-23.528,4.553,-0.039,-5.163,-3.076,2.551,-26.579,3.167,-0.043
5.560,-0.345,12.938,-23.697,4.459,-0.003,-4.996,-2.301,3.244,-26.168,3.047,0.008
5.360,-0.735,12.714,-23.015,4.414,0.003,-5.855,-2.200,3.736,-25.202,3.028,0.027
5.301,-1.196,12.783,-22.297,4.381,0.014,-5.868,-2.404,4.000,-25.432,3.040,0.023
5.302,-1.185,12.822,-22.291,4.381,0.014,-5.867,-2.302,3.956,-25.482,3.041,0.023
5.552,-1.218,13.677,-22.636,4.388,-0.026,-5.407,-2.856,4.299,-26.492,3.085,-0.036
5.298,-1.114,13.423,-20.251,4.426,-0.015,-6.418,-2.623,4.210,-25.128,3.020,0.033
5.518,-1.124,13.899,-20.284,4.360,-0.032,-6.603,-2.532,3.971,-25.584,3.010,0.034
5.475,-1.089,14.048,-20.094,4.273,-0.020,-6.804,-2.476,3.824,-25.510,3.093,0.017
4.739,-0.936,14.051,-18.752,4.296,0.079,-6.636,-2.299,3.117,-26.077,3.123,0.010
4.404,-1.304,14.340,-17.752,4.259,0.055,-6.798,-2.781,3.159,-26.265,3.078,0.002
4.663,-1.125,14.843,-18.132,4.319,-0.039,-6.589,-3.148,2.462,-27.634,3.007,-0.015
4.934,-0.962,15.483,-17.955,4.320,-0.030,-6.417,-2.677,2.862,-27.606,2.908,-0.007
5.473,-1.324,15.283,-18.559,4.302,0.017,-5.575,-2.991,3.939,-27.498,2.793,-0.048
5.495,-1.021,15.524,-18.904,4.242,0.011,-5.328,-2.591,4.099,-27.312,2.752,-0.098
5.481,-0.941,15.109,-17.741,4.145,-0.025,-6.515,-1.569,3.780,-23.951,2.902,0.033
5.535,-1.572,14.867,-17.377,4.252,-0.024,-7.054,-2.290,4.381,-23.965,2.964,0.080
5.250,-1.090,15.243,-17.242,4.290,-0.007,-7.050,-2.435,3.701,-24.576,2.984,0.024
5.241,-1.167,15.970,-16.007,4.203,-0.043,-7.145,-2.194,3.614,-25.778,2.886,0.022
4.813,-1.711,16.195,-14.355,4.119,-0.046,-7.740,-2.364,3.264,-27.283,2.857,0.032
4.894,-1.205,17.300,-13.703,4.096,0.009,-7.147,-2.472,2.830,-27.931,2.931,-0.026
4.427,-1.236,17.193,-12.790,4.048,0.096,-7.073,-2.237,2.765,-26.581,2.841,-0.031
4.463,-1.266,17.153,-13.066,4.048,0.096,-7.095,-2.233,2.763,-26.729,2.842,-0.031
4.509,-1.973,17.733,-13.382,4.106,-0.036,-7.215,-2.794,3.133,-28.475,2.766,-0.009
6.255,-2.228,17.710,-14.267,4.120,0.019,-5.750,-3.125,4.463,-26.438,2.557,-0.078
5.484,-2.194,16.723,-14.416,4.058,-0.001,-7.294,-2.233,4.281,-24.549,2.812,0.050
5.625,-2.180,16.747,-15.412,4.057,-0.001,-6.967,-2.104,4.751,-24.786,2.811,0.050
5.497,-2.220,17.528,-14.272,3.996,-0.035,-7.618,-2.418,4.477,-24.353,2.841,0.027
5.654,-1.593,18.618,-11.516,4.112,-0.001,-7.443,-2.220,4.446,-24.726,2.739,0.027
5.086,-1.805,18.842,-10.290,4.060,-0.018,-8.132,-2.475,3.532,-26.809,2.738,0.017
5.670,-1.396,20.036,-9.740,3.965,-0.040,-7.867,-2.398,3.042,-26.250,2.767,-0.012
5.394,-1.628,20.190,-9.471,3.931,-0.008,-7.847,-2.578,2.865,-25.990,2.741,-0.021
5.175,-1.758,20.082,-8.764,3.920,0.092,-7.485,-2.373,2.962,-25.695,2.689,-0.028
5.627,-2.043,20.466,-9.899,3.972,-0.019,-7.143,-3.115,3.487,-27.304,2.647,-0.053
6.490,-2.116,20.182,-10.661,4.045,0.004,-6.244,-3.066,4.566,-24.583,2.492,-0.050
6.388,-1.778,19.557,-10.857,3.966,0.014,-7.182,-2.007,5.407,-22.291,2.506,0.028
6.104,-1.897,19.339,-10.873,3.948,0.006,-7.928,-2.001,5.638,-21.400,2.673,0.066
5.883,-2.135,19.545,-11.007,3.861,-0.010,-7.880,-2.808,5.449,-23.078,2.668,-0.019
5.789,-2.086,19.673,-10.051,3.862,-0.010,-8.003,-2.944,4.994,-23.073,2.667,-0.019
5.767,-1.480,19.931,-8.987,3.916,0.002,-7.525,-2.494,5.019,-22.484,2.619,-0.005
5.544,-1.172,20.589,-7.559,3.871,0.007,-8.351,-1.957,4.265,-24.364,2.643,0.035
5.470,-1.575,21.338,-6.761,3.903,-0.011,-8.589,-2.346,3.918,-24.987,2.617,0.042
5.835,-1.194,21.572,-6.098,3.957,-0.015,-8.309,-2.594,3.668,-24.359,2.625,0.018
5.776,-1.840,21.343,-6.168,3.957,-0.015,-8.336,-3.474,3.970,-24.645,2.625,0.018
5.980,-1.321,21.616,-6.653,3.943,-0.003,-7.936,-3.659,3.559,-24.052,2.614,0.013
6.057,-0.922,21.565,-7.578,3.933,-0.003,-7.662,-3.334,4.467,-23.816,2.561,-0.002
6.075,-1.001,21.383,-7.657,3.935,-0.003,-7.706,-3.481,4.764,-23.424,2.562,-0.002
6.511,-1.260,21.339,-8.823,3.913,0.001,-7.281,-3.630,5.176,-23.530,2.512,-0.032
7.271,-0.223,22.204,-9.503,3.863,-0.022,-6.522,-2.134,5.660,-22.335,2.459,-0.067
7.119,-0.134,21.518,-9.864,3.862,-0.022,-6.796,-2.043,6.033,-21.760,2.461,-0.067
7.334,0.124,21.099,-10.252,3.856,-0.024,-7.115,-1.645,6.350,-19.972,2.484,-0.017
7.043,0.210,20.776,-10.385,3.897,-0.001,-7.490,-1.627,6.318,-19.192,2.586,0.008
7.060,0.527,20.950,-10.569,3.892,-0.001,-7.303,-1.524,6.525,-19.836,2.539,-0.017
7.136,0.071,20.582,-11.710,3.859,0.012,-6.981,-2.092,6.930,-19.082,2.545,-0.007
7.247,0.288,20.075,-12.088,3.840,0.017,-7.074,-1.822,7.173,-18.744,2.560,0.001
7.190,0.254,20.346,-11.692,3.852,-0.022,-7.294,-1.943,6.845,-19.244,2.559,-0.003
10.780,-9.636,21.751,-14.090,1.377,0.000,4.808,-2.236,6.634,15.841,1.882,-0.001
9.901,-8.291,16.065,-24.695,1.153,0.000,8.765,-0.765,10.587,17.801,2.036,-0.001
9.859,-7.248,15.082,-27.672,1.082,-0.001,10.631,0.878,10.490,20.772,2.099,-0.001
9.417,-7.009,14.409,-29.926,1.023,-0.001,11.823,1.616,9.988,20.641,2.145,-0.002
7.925,-6.870,13.167,-32.678,0.999,0.008,8.720,1.901,12.639,14.226,2.230,-0.010
7.607,-5.676,12.153,-34.717,1.021,0.026,5.865,1.737,13.785,15.347,2.314,0.030
7.187,-0.169,13.735,-38.505,1.053,0.046,4.701,5.673,12.853,14.641,2.343,0.051
6.861,1.151,14.736,-40.941,1.218,0.049,5.819,5.666,10.079,14.043,2.518,0.112
5.743,-0.874,15.875,-44.420,1.051,0.042,2.839,3.572,9.811,12.277,2.655,0.136
4.569,-0.958,18.960,-47.254,0.815,0.010,-0.094,1.848,8.803,8.448,2.742,0.093
2.503,-2.630,22.916,-50.653,0.933,0.000,-0.759,-1.582,6.540,4.237,2.735,0.056
0.674,-3.267,27.321,-57.183,0.818,-0.014,-1.435,-4.999,3.061,1.009,2.721,0.039
-0.884,-6.297,30.633,-63.058,0.644,0.015,-2.569,-11.628,0.475,-2.569,2.783,-0.007
-3.144,-6.889,35.292,-70.670,0.520,0.000,-4.335,-16.496,-1.295,-6.030,2.795,-0.016
-4.929,-10.483,40.944,-79.308,0.344,0.000,-10.750,-26.373,-2.283,-12.376,2.797,0.001
-6.763,-11.385,45.090,-81.627,0.185,0.006,-16.295,-32.670,-1.786,-21.387,2.840,-0.028
-4.715,-8.981,41.409,-72.066,0.034,0.012,-18.329,-35.503,4.008,-29.387,3.003,-0.143
1.029,-2.928,35.537,-43.813,-0.252,0.000,-23.734,-30.791,5.932,-42.061,2.960,-0.058
4.306,-0.964,22.099,6.807,-0.869,-0.007,-32.245,-24.681,6.436,-51.049,2.951,-0.057
6.587,8.511,2.397,66.388,-1.632,-0.007,-45.255,-16.639,11.449,-54.481,2.931,-0.057
10.982,15.811,-32.685,145.598,-2.420,0.027,-40.174,-4.076,13.197,-52.328,2.977,-0.024
13.431,29.186,-40.474,160.000,-2.920,0.026,-36.617,21.861,-1.342,-46.319,3.177,0.055
15.409,30.881,-41.251,160.000,-3.266,0.046,-37.345,22.355,-9.474,-45.911,3.230,-0.018
16.524,27.301,-33.876,160.000,-3.548,0.079,-38.148,24.774,-15.285,-44.681,3.251,-0.081
17.684,21.032,-29.972,160.000,-3.463,0.119,-38.475,20.989,-12.577,-44.687,3.393,-0.079
14.764,16.571,-24.589,137.647,-3.220,0.304,-39.605,22.228,-7.524,-45.248,3.566,0.018
8.750,1.402,-16.597,83.672,-2.659,0.473,-31.920,5.421,0.576,-50.335,3.542,0.016
9.273,2.378,-14.251,83.724,-2.669,0.473,-31.918,10.979,-1.222,-50.791,3.529,0.016
5.955,-20.693,-13.196,14.078,-2.243,0.466,-22.885,-30.143,13.011,-46.995,3.541,-0.059
10.752,-23.547,-1.269,-72.965,-1.288,0.458,-15.980,-28.671,20.630,-45.180,3.392,0.012
8.834,-18.300,-5.682,-69.922,-1.169,0.421,-12.977,-26.342,25.078,-43.462,3.307,0.017
11.988,-16.414,-8.056,-75.561,-0.965,0.392,-7.718,-32.352,29.531,-36.182,3.213,0.015
16.136,11.905,-4.992,-59.517,-0.801,0.313,-5.827,-1.028,22.560,-32.949,3.244,-0.023
17.326,16.883,-4.847,-39.477,-0.799,0.062,-7.025,5.090,20.583,-32.680,3.226,-0.013
21.360,22.343,-2.955,-25.434,-0.682,0.006,-6.428,9.260,16.640,-30.780,3.181,0.045
24.370,33.328,0.173,-5.465,-0.545,-0.148,-3.958,31.178,10.792,-31.324,3.320,-0.042
25.810,30.656,-2.006,-3.048,-0.528,-0.156,-2.976,28.596,11.101,-27.334,3.320,-0.036
23.179,23.587,3.969,-1.719,-0.441,-0.224,-4.562,25.556,5.361,-26.560,3.361,0.005
23.141,12.471,6.740,-13.943,-0.363,-0.216,-4.054,16.393,2.547,-24.064,3.409,-0.042
15.379,0.981,10.165,-42.323,-0.274,-0.192,-3.543,18.973,2.977,-22.607,3.647,-0.019
8.482,-13.243,13.142,-77.670,-0.217,-0.217,-2.043,6.303,4.580,-16.296,3.778,0.008
0.690,-27.494,18.622,-111.419,-0.125,-0.215,1.462,-0.781,8.170,-10.844,3.813,0.038
-6.560,-41.118,23.849,-143.973,0.091,-0.219,6.113,-12.226,12.131,-3.345,3.765,0.004
-7.455,-46.655,31.908,-160.000,0.323,-0.227,12.010,-3.272,12.303,5.022,3.809,-0.029
-9.455,-51.638,33.342,-160.000,0.786,-0.149,18.298,-1.206,22.240,21.249,3.838,-0.032
-4.949,-43.735,36.791,-160.000,1.598,-0.093,23.108,6.745,19.157,27.134,3.667,-0.000
-2.716,-35.203,36.686,-160.000,2.278,-0.056,22.963,10.486,21.146,25.010,3.528,0.003
-3.110,-24.463,32.675,-160.000,2.569,-0.040,20.357,14.963,20.442,27.935,3.432,-0.012
-5.347,-17.287,23.831,-116.207,2.758,-0.153,17.169,14.346,21.309,21.728,3.308,0.025
-8.896,-7.609,17.726,-70.640,2.904,-0.280,13.205,15.748,20.727,16.843,3.203,0.060
-20.142,60.000,2.712,-7.571,4.570,-0.269,-13.122,20.920,19.773,-43.350,2.774,0.121
-26.889,33.471,-19.974,-2.914,3.993,-0.065,-11.484,-3.136,53.067,-44.359,2.095,0.193
-25.370,45.156,-14.632,11.940,4.043,-0.067,-3.593,5.043,39.841,-54.651,2.155,0.375
-29.513,16.334,-30.039,31.522,4.597,0.076,-7.148,-27.164,37.270,-73.033,2.096,0.209
-11.629,37.441,-22.739,15.738,5.786,-0.049,-0.746,16.152,35.813,-56.565,1.659,0.335
-4.572,29.191,-16.097,-0.214,6.137,-0.265,2.498,4.319,33.394,-47.732,2.045,0.004
1.258,31.806,-14.467,-3.122,6.105,-0.265,6.485,10.135,33.915,-43.642,1.943,0.004
1.297,11.016,-25.122,-6.721,5.057,-0.551,1.788,18.358,37.624,-55.366,2.820,-0.170
2.065,-8.217,-35.384,-18.730,4.861,-0.344,4.600,20.092,42.159,-50.530,2.307,-0.890
17.061,-18.241,-14.480,-39.281,4.887,-0.216,12.941,26.512,31.507,-34.726,0.675,-1.099
22.982,-28.606,2.401,-54.554,6.062,0.001,6.977,5.072,10.190,-12.442,-0.547,0.512
35.044,-29.658,14.159,-61.750,6.304,-0.038,-11.394,-2.265,-5.744,57.700,-0.491,0.513
39.049,-14.616,31.473,-65.723,6.201,-0.132,-11.658,-0.021,-30.758,130.488,-0.407,-0.145
27.841,-7.967,18.989,-52.313,6.056,-0.066,-12.764,0.488,-30.493,158.968,-1.238,-0.170
18.911,-4.733,10.266,-47.368,5.992,0.052,-12.805,2.395,-28.341,160.000,-1.774,-0.068
4.989,-6.277,1.398,-41.474,6.097,0.319,-11.690,-0.574,-23.421,160.000,-2.393,0.106
6.918,0.601,-2.798,-39.317,6.149,0.560,-12.598,-1.599,-23.654,160.000,-2.384,0.043
19.887,28.168,-2.431,-54.395,5.805,0.862,-18.982,0.648,-15.589,109.465,-1.994,-0.145
30.121,-4.103,-7.545,-71.371,6.199,-0.623,-13.489,-4.852,-13.542,72.033,-1.747,-0.168
32.268,12.324,0.117,-71.638,6.287,-0.643,-9.072,0.183,-16.246,56.144,-1.634,-0.103
14.547,2.068,-7.971,-77.417,6.713,0.038,-4.517,-1.230,-9.194,16.703,-1.404,-0.226
-4.487,-14.475,6.262,-64.599,6.603,0.140,-12.147,-1.257,-19.054,-79.025,1.353,-0.280
-24.979,-17.284,12.222,-47.052,6.259,0.030,-18.522,-8.716,-15.970,-147.188,2.469,-0.286
-27.840,-19.905,13.115,-33.094,6.030,0.025,-17.231,-8.785,-13.785,-160.000,3.118,-0.245
-31.071,-17.826,10.124,-18.603,5.929,0.075,-17.359,-6.028,-11.329,-160.000,3.317,-0.237
-30.525,-17.142,10.608,-16.914,5.944,0.075,-16.380,-5.831,-12.896,-160.000,3.338,-0.237
-27.918,-15.727,5.472,-15.142,5.936,0.110,-13.878,-7.980,-10.846,-160.000,3.328,-0.211
-25.143,-3.542,3.324,21.852,5.949,-0.035,-9.357,-14.411,18.396,-155.445,3.285,-0.162
-34.447,18.772,-19.055,33.747,5.975,-0.085,-5.038,-1.850,54.753,-160.000,3.499,-0.077
-30.400,36.139,-32.542,38.447,5.844,0.087,1.734,8.602,78.774,-113.412,3.245,0.250
-31.262,39.212,-38.980,35.615,5.751,0.087,1.334,15.661,80.697,-115.191,3.377,0.250
-16.104,37.555,-36.019,16.240,5.870,-0.055,4.789,16.004,65.366,-65.209,2.786,0.365
-9.931,31.906,-27.728,9.796,5.888,-0.092,6.740,16.551,45.773,-39.699,2.971,0.590
-1.380,32.256,-40.304,1.937,6.078,-0.235,2.667,29.820,33.240,-42.546,7.829,0.574
-10.177,-10.701,-75.691,-7.635,5.142,-0.456,-6.021,22.244,49.110,-59.949,6.835,-0.875
12.401,-11.265,-37.617,-17.815,5.067,-0.556,0.190,31.723,47.604,-33.225,2.894,0.108
11.041,-18.192,-16.279,-23.889,5.172,-0.556,2.926,20.777,32.869,-25.994,2.908,0.108
21.486,-37.320,7.393,-36.532,4.838,-0.528,-5.925,0.105,39.160,-39.885,4.058,-0.201
28.722,-31.292,20.418,-42.519,5.035,-0.419,2.562,-0.825,31.714,-37.662,5.338,-0.141
30.537,-26.977,44.656,-44.458,5.287,-0.301,5.418,-18.691,11.305,-26.738,5.433,0.130
27.384,-26.437,62.242,-39.463,5.606,-0.036,5.358,-41.613,-10.530,-15.162,4.676,0.180
23.331,-29.310,69.165,-42.804,5.689,0.051,7.397,-49.959,-30.485,-11.274,4.247,-0.043
7.998,-22.524,52.880,-36.362,5.970,0.192,-2.069,-48.975,-46.823,-9.081,3.814,-0.145
-0.624,-22.111,40.901,-38.016,6.477,0.383,0.684,-43.374,-56.799,-3.901,4.530,0.119
0.765,-25.689,43.633,-35.900,6.513,0.383,0.304,-46.891,-65.295,0.568,4.490,0.119
-14.745,-34.144,33.881,-31.242,7.067,0.670,3.147,-40.307,-71.095,4.679,5.148,0.044
-12.570,-35.772,36.888,-29.000,7.094,0.670,4.030,-41.013,-76.485,7.360,5.127,0.044
-12.311,-30.988,38.700,-24.232,7.272,0.657,6.893,-33.088,-88.298,7.584,5.098,0.011
-19.196,-17.302,30.982,-14.511,6.905,0.697,0.327,-14.942,-79.808,-12.303,4.803,-0.067
-24.375,-8.277,17.568,-16.742,6.530,0.437,-8.599,0.160,-63.978,-24.691,4.669,-0.017
-12.066,10.246,-2.398,-2.455,6.398,-0.314,-21.245,14.873,-3.950,-51.531,4.592,0.133
-19.959,33.100,-35.137,18.838,6.458,-0.151,-21.591,38.568,51.852,-82.744,4.516,0.124
-26.135,50.453,-64.863,34.378,6.667,0.123,-22.598,56.439,90.044,-68.809,4.113,0.220
-24.140,52.243,-80.222,37.520,6.577,0.076,-22.162,60.000,101.248,-53.608,3.929,0.219
-12.439,46.969,-89.709,35.187,6.001,-0.187,-19.541,58.494,101.256,-17.152,3.367,-0.079
-11.459,45.455,-90.439,34.049,5.919,-0.187,-18.975,60.000,100.672,-17.805,3.354,-0.079
-3.840,41.351,-92.992,25.835,5.794,-0.096,-18.635,56.452,86.588,-11.185,3.219,-0.506
0.718,21.573,-97.494,-1.566,5.345,-0.450,-18.818,59.950,74.587,-18.867,4.622,0.209
3.101,6.980,-97.319,-14.003,4.893,-0.429,-24.608,54.484,78.465,-31.425,4.815,0.018
5.926,1.040,-87.260,-20.829,4.622,-0.336,-23.119,50.159,71.084,-35.594,4.415,-0.040
4.355,-1.114,-82.797,-21.590,4.664,-0.336,-22.567,48.702,68.953,-33.833,4.406,-0.040
6.682,-6.756,-64.390,-28.078,4.633,-0.236,-20.151,41.631,64.777,-37.992,3.985,0.030
9.120,-8.077,-39.306,-39.393,4.569,-0.095,-11.947,23.140,59.322,-50.750,4.194,-0.194
11.118,-12.071,-19.519,-40.387,4.592,-0.041,-7.940,10.978,52.477,-43.415,4.447,0.036
10.056,-14.527,11.114,-41.999,4.255,0.073,-1.491,-10.844,35.890,-42.637,4.906,-0.017
9.294,-14.659,31.025,-43.488,4.203,0.133,-2.869,-21.555,14.407,-33.825,4.794,-0.040
6.675,-16.479,42.745,-41.756,4.166,0.225,-6.800,-29.164,1.566,-27.761,4.480,0.000
4.608,-16.013,46.200,-38.303,4.107,0.234,-10.072,-31.008,-3.458,-29.190,4.386,0.027
-3.372,-17.236,29.774,-23.771,4.069,0.349,-12.835,-28.597,-11.420,-32.351,4.604,0.060
-2.746,-17.115,30.582,-24.747,4.066,0.349,-11.125,-28.741,-11.386,-33.202,4.590,0.060
-7.000,-17.758,25.744,-22.992,4.107,0.341,-9.621,-27.135,-10.121,-38.443,4.625,0.040
-11.630,-18.068,17.758,-19.742,4.768,0.264,-4.956,-22.522,-11.269,-48.846,4.685,-0.003
-9.971,-15.884,15.879,-23.996,5.640,0.035,-2.515,-21.658,-12.018,-49.011,4.595,0.006
-3.231,-7.218,14.977,-19.348,6.497,-0.137,-0.177,-17.971,-12.225,-43.855,4.701,-0.004
-0.407,-1.678,18.658,-13.435,6.470,-0.103,2.291,-15.556,-17.120,-34.684,4.684,0.010
-1.377,5.499,23.772,-22.937,5.573,-0.216,1.027,-8.291,-23.705,-29.996,4.574,0.017
-2.612,4.872,24.415,-20.038,5.344,-0.117,0.763,-8.509,-24.173,-26.889,4.550,-0.013
-2.784,4.241,19.987,-8.005,5.007,0.126,-2.389,-6.480,-21.305,-28.717,4.519,-0.026
-3.624,3.002,15.651,-7.241,4.929,0.215,-3.631,-3.534,-15.075,-25.659,4.520,-0.010
-4.879,2.099,14.473,-4.373,4.886,0.229,-5.740,1.175,-10.678,-27.429,4.578,0.005
-4.793,1.273,10.960,-6.130,5.012,0.055,-5.819,0.874,-6.730,-30.468,4.590,0.009
-2.680,-1.935,11.853,-10.955,5.560,-0.072,-2.801,-2.253,-2.804,-29.665,4.615,-0.000
-1.587,-1.124,10.314,-13.232,5.532,-0.053,-1.562,-1.329,-2.640,-30.626,4.726,-0.026
-0.217,-1.613,10.087,-16.043,5.346,0.025,-0.674,-2.887,-2.981,-32.158,4.727,-0.039
-0.684,-2.427,11.229,-16.908,5.331,-0.010,0.395,-4.251,-3.557,-31.829,4.720,-0.046
-1.418,-0.957,11.430,-17.057,5.426,0.007,-0.919,-4.053,-8.359,-30.349,4.735,0.004
0.162,-0.052,15.276,-14.406,5.451,-0.043,-0.452,-3.522,-7.417,-28.254,4.715,0.009
-0.327,-0.739,14.984,-13.129,5.300,0.033,-0.251,-2.828,-8.654,-28.659,4.649,-0.018
0.133,-1.378,15.215,-13.097,5.396,-0.025,0.433,-3.595,-7.384,-27.645,4.657,-0.006
-1.069,-1.028,14.279,-13.388,5.361,0.007,-0.524,-3.645,-6.212,-28.658,4.686,0.006
-1.158,-0.996,14.428,-13.000,5.371,0.001,-0.836,-3.779,-6.199,-28.876,4.666,-0.003
-1.212,-3.752,13.118,-14.574,5.382,-0.004,-1.122,-6.290,-4.860,-28.600,4.673,-0.003
-0.873,-3.856,12.336,-15.971,5.387,-0.002,-0.226,-6.198,-4.920,-28.889,4.672,0.001
-0.609,-4.002,12.936,-16.288,5.394,-0.004,0.057,-6.351,-4.845,-28.418,4.669,0.001
-0.298,-3.499,13.609,-16.789,5.416,-0.010,0.303,-5.776,-6.574,-27.941,4.672,-0.002
-0.204,-3.228,14.642,-17.637,5.445,-0.016,0.788,-5.650,-8.057,-27.388,4.667,-0.001
0.042,-3.515,15.453,-18.098,5.484,-0.018,0.859,-5.820,-9.320,-26.979,4.664,-0.002
-0.236,-1.613,16.278,-16.276,5.465,0.019,0.782,-4.585,-10.385,-26.871,4.664,-0.001
21.071,-4.491,5.969,-17.862,5.285,-0.021,15.892,11.043,9.782,-69.333,2.738,-0.003
25.762,-6.368,6.135,-32.501,5.247,-0.009,15.089,6.955,7.622,-36.265,2.279,-0.002
29.780,-7.741,11.535,-37.025,5.180,-0.002,11.122,0.858,2.245,-9.435,1.799,0.000
32.169,-11.060,16.173,-40.642,5.117,-0.003,6.034,-3.895,-6.336,20.223,1.386,-0.001
26.173,-16.649,23.909,-46.098,5.054,0.001,-3.690,-9.447,-26.213,63.012,0.936,-0.010
28.194,-14.956,26.928,-48.905,5.219,0.014,-5.238,-5.280,-37.432,99.888,0.454,-0.066
28.402,-10.808,20.638,-52.522,5.440,0.040,-8.176,-2.085,-38.705,124.298,-0.131,0.045
26.966,-10.375,17.901,-54.048,5.412,0.040,-7.434,-0.786,-35.347,126.789,-0.314,0.045
25.679,-7.666,14.615,-53.998,5.298,-0.027,-5.416,1.351,-29.789,113.389,-0.374,0.033
21.806,-1.461,5.254,-54.817,5.351,0.005,-11.157,-1.468,-16.407,59.247,-0.709,0.045
19.314,-2.863,4.280,-54.962,5.360,0.027,-11.518,-3.497,-11.405,30.117,-0.814,0.020
17.779,4.657,6.610,-53.310,5.408,0.015,-7.048,-2.220,-7.619,-3.955,-0.875,-0.035
14.534,3.293,4.416,-53.660,5.375,0.010,-6.672,-3.249,-3.184,-18.558,-0.879,-0.035
9.942,18.345,8.386,-50.564,5.355,-0.003,-0.711,1.777,-1.093,-40.973,-0.954,-0.063
6.886,11.940,6.927,-48.684,5.321,-0.003,-2.370,-1.265,3.766,-57.278,-0.839,-0.063
2.769,19.430,8.511,-45.398,5.276,-0.000,1.007,-3.390,5.190,-68.777,-0.765,-0.177
1.064,16.737,9.879,-42.890,5.239,-0.000,-0.383,-6.540,6.641,-89.358,-0.592,-0.177
-3.080,11.328,11.054,-40.570,5.152,-0.003,0.650,-13.041,10.899,-96.846,-0.385,-0.124
-4.154,5.332,9.971,-39.715,5.060,0.014,-0.599,-17.557,13.172,-111.557,-0.175,-0.137
-6.003,-1.038,10.476,-38.026,4.963,0.020,-1.661,-20.632,17.451,-123.603,0.088,-0.121
-4.002,-5.362,10.106,-37.127,4.882,0.014,-2.538,-21.276,17.355,-125.896,0.322,-0.079
-7.528,-11.728,9.468,-29.057,4.617,0.010,-3.837,-16.120,19.169,-104.672,0.699,0.005
-8.792,-10.167,11.147,-29.388,4.370,0.014,-3.005,-12.665,18.479,-98.450,1.263,-0.003
-11.644,-22.090,11.434,-35.037,3.884,0.030,-2.806,-11.007,13.874,-78.819,2.074,0.025
-10.299,-33.764,17.668,-48.477,3.034,0.059,-2.743,-8.616,-6.792,-21.824,3.217,0.109
-8.977,-45.090,21.489,-61.684,2.187,-0.051,-12.543,1.041,-36.390,-21.577,4.374,1.172
-12.867,-55.398,30.268,-75.664,1.858,-0.051,-16.603,-7.112,-45.854,-24.641,4.529,1.172
-16.711,-2.822,40.587,-53.015,1.509,0.031,-13.499,10.626,-36.835,-41.453,4.005,-0.620
-21.085,-24.268,33.018,-55.793,1.478,0.031,-19.658,2.587,-29.455,-45.498,4.033,-0.620
-20.071,-3.839,26.894,-25.143,0.890,-0.007,-16.833,2.069,-13.230,-47.611,4.134,0.142
-16.430,16.039,10.103,33.425,0.331,0.051,-29.358,12.128,-8.169,-59.658,4.491,0.573
-12.457,24.306,-20.573,107.010,-0.734,0.153,-37.493,4.809,11.566,-65.483,4.904,0.019
-6.194,29.361,-45.920,160.000,-1.557,0.064,-25.312,0.479,17.018,-62.917,4.767,-0.200
-1.957,29.355,-52.741,160.000,-1.801,-0.102,-26.825,0.180,12.418,-55.575,4.559,-0.030
0.614,28.353,-49.720,160.000,-1.993,-0.081,-23.102,6.870,9.761,-54.718,4.842,0.111
2.822,20.050,-44.952,160.000,-2.202,-0.072,-29.594,-4.032,5.203,-53.663,5.162,-0.091
2.613,19.363,-44.663,160.000,-2.397,-0.067,-32.124,-0.357,-3.779,-61.262,5.240,-0.130
6.544,7.650,-31.780,113.808,-2.471,0.022,-40.746,29.003,-1.758,-71.842,5.245,0.051
7.397,2.648,-34.138,103.683,-2.482,-0.007,-38.520,10.709,0.016,-71.929,5.292,0.018
7.764,-5.354,-19.720,62.001,-2.167,0.076,-33.511,4.768,1.508,-73.256,5.290,-0.074
7.246,-5.086,-14.941,29.373,-1.886,0.136,-32.163,14.222,0.703,-71.159,5.343,0.029
5.215,-8.817,-12.576,-11.561,-1.505,0.211,-30.538,-0.786,6.082,-70.360,5.303,0.086
5.862,-7.431,-3.557,-48.781,-0.984,0.275,-25.670,-2.936,10.053,-68.300,5.012,-0.050
5.370,-6.397,-6.631,-55.474,-0.849,0.301,-24.064,-4.653,11.424,-65.870,4.945,-0.063
6.465,-2.923,-9.358,-64.115,-0.601,0.322,-20.110,-11.147,15.952,-60.334,5.073,0.031
6.526,0.542,-8.293,-64.082,-0.456,0.318,-17.822,-11.147,15.806,-59.790,5.062,0.012
10.422,4.624,-9.251,-68.873,-0.301,0.329,-15.370,-13.472,16.920,-56.505,5.007,-0.010
12.871,9.966,-9.840,-34.807,-0.452,0.319,-15.756,-10.043,11.947,-54.638,4.969,0.009
16.169,14.851,-11.298,-24.865,-0.510,0.285,-14.441,-1.671,12.236,-53.718,5.014,0.022
20.139,20.789,-10.670,-9.950,-0.417,0.160,-14.059,7.300,9.462,-52.185,4.995,0.010
20.448,19.963,-12.930,-11.211,-0.389,0.160,-14.142,3.535,11.126,-52.066,4.984,0.010
24.117,21.397,-6.205,-2.435,-0.291,-0.034,-15.128,15.767,1.885,-53.029,5.007,0.008
22.826,15.962,-5.889,-13.130,-0.310,-0.039,-16.815,11.122,1.436,-51.962,5.047,-0.017
21.597,10.592,-1.691,-32.904,-0.281,-0.090,-16.027,9.184,-0.568,-49.320,5.142,-0.022
20.796,6.196,2.368,-52.870,-0.261,-0.077,-14.986,7.067,-0.266,-46.808,5.130,0.008
18.984,-0.070,4.232,-73.761,-0.261,-0.093,-13.294,4.429,0.666,-43.196,5.160,-0.008
9.455,-14.665,4.966,-101.216,-0.282,-0.114,-11.875,-6.896,3.876,-33.922,5.228,-0.005
4.386,-20.389,10.945,-128.544,-0.110,-0.110,-6.528,-5.880,4.558,-29.082,5.269,0.000
-6.489,-25.380,18.855,-151.832,0.245,-0.069,-3.003,-1.938,2.850,-23.114,5.296,0.007
-7.373,-30.239,25.855,-160.000,0.581,-0.069,1.386,-0.443,1.081,-21.191,5.261,0.007
-6.272,-27.552,38.820,-160.000,1.359,-0.092,6.989,9.818,-4.926,-8.953,5.151,0.012
-3.180,-31.307,48.043,-160.000,2.167,-0.080,11.876,12.113,-13.135,-6.543,4.939,0.001
0.946,-29.959,52.317,-134.662,2.622,-0.101,9.064,11.540,-18.560,-5.667,4.807,-0.006
-0.104,-27.353,43.700,-59.882,3.101,-0.200,1.546,8.801,-23.855,-4.602,4.550,0.005
-2.897,-16.213,33.771,-8.701,3.818,-0.252,-3.338,9.984,-21.325,-14.121,4.383,0.016
-3.301,-10.460,26.408,6.067,4.427,-0.252,-5.973,11.396,-13.374,-24.100,4.108,0.016
-13.331,21.463,-8.240,2.282,2.963,-0.965,-23.788,10.615,2.638,-69.176,3.560,0.056
-22.020,19.683,-4.909,6.294,2.821,0.157,-9.261,-15.040,20.384,-83.457,2.956,0.196
-21.174,23.329,0.017,22.769,4.528,0.755,2.368,-1.456,17.791,-74.148,2.935,0.225
-14.573,12.223,-8.619,26.864,6.208,-0.196,-0.210,-21.596,27.080,-86.927,2.633,0.253
-4.210,20.658,-3.172,27.578,6.439,-0.445,1.122,16.491,23.345,-84.467,2.475,0.205
-0.079,12.318,2.464,3.235,6.093,-0.559,3.039,-8.381,25.965,-73.701,2.299,0.149
22.043,4.289,19.439,-22.723,4.767,-0.237,5.224,10.904,6.743,-47.883,1.872,-0.778
32.927,-13.177,26.236,-58.158,4.781,-0.131,4.071,3.339,0.547,5.256,0.841,-0.022
43.624,-13.703,28.818,-53.660,5.139,-0.032,-14.260,7.224,-22.102,83.294,0.067,0.428
44.443,-20.490,20.440,-54.739,5.448,-0.020,-33.323,3.512,-36.600,149.851,-0.550,0.530
31.875,1.881,22.703,-60.730,5.473,0.011,-13.961,21.157,-52.888,160.000,-0.873,-0.269
28.310,-19.294,14.189,-59.005,5.472,0.011,-18.280,13.219,-44.940,160.000,-1.029,-0.269
9.935,-0.194,-1.890,-41.077,5.644,0.509,-9.486,9.828,-32.099,151.366,-1.470,0.071
24.202,17.790,0.572,-54.141,5.151,0.560,-16.846,8.636,-25.156,120.438,-1.515,-0.008
37.552,2.284,0.075,-67.060,4.753,-0.140,-16.595,0.935,-12.894,85.484,-1.461,-0.111
37.376,12.325,1.551,-68.573,4.709,-0.140,-14.632,3.535,-11.447,86.405,-1.474,-0.111
37.151,3.839,-6.688,-70.797,5.118,-0.485,-14.446,-3.652,-7.127,63.666,-1.387,0.033
19.394,18.115,-6.502,-82.165,5.690,0.158,-0.310,-0.082,-0.757,17.689,-1.132,-0.208
16.865,8.208,-4.415,-73.734,5.463,0.134,-6.406,-6.696,5.488,-1.763,-1.120,-0.222
12.999,12.693,-0.692,-69.625,4.888,-0.001,-3.341,-6.495,5.927,-19.827,-0.966,-0.185
9.802,11.040,0.440,-61.741,4.924,-0.012,-0.933,-6.921,7.620,-34.826,-0.955,-0.222
8.626,13.160,1.057,-60.538,4.930,-0.012,-0.444,-6.947,7.970,-35.993,-0.960,-0.222
5.472,13.441,4.885,-54.653,5.234,-0.018,-1.286,-6.107,8.567,-42.185,-0.894,-0.232
-1.848,-0.362,2.791,-51.419,4.998,0.024,-1.032,-12.910,10.854,-40.815,-0.938,-0.195
-4.973,4.540,4.274,-47.209,4.925,0.001,-1.750,-14.610,9.342,-38.801,-0.895,-0.148
-6.445,-1.061,3.254,-43.413,4.890,0.025,-4.605,-16.549,9.759,-37.347,-0.890,-0.126
-9.113,-7.944,0.753,-41.217,5.048,0.028,-8.450,-21.819,8.458,-50.693,-0.812,-0.115
-10.807,-4.949,-2.431,-40.423,5.060,-0.009,-8.446,-21.621,12.741,-59.856,-0.716,-0.086
-13.835,-2.607,-2.098,-39.202,5.032,-0.009,-8.521,-22.213,15.992,-75.341,-0.652,-0.086
-16.933,-6.045,-2.311,-35.580,4.988,0.021,-10.754,-23.011,18.980,-93.444,-0.579,-0.020
-19.075,-3.236,-0.428,-34.352,4.965,0.021,-10.711,-23.495,20.670,-110.146,-0.524,-0.020
-17.645,-8.754,-1.260,-23.850,4.846,0.030,-10.526,-15.484,21.229,-132.263,-0.480,-0.001
-14.482,-11.404,6.712,-9.523,4.647,-0.039,-3.437,-1.871,26.157,-154.695,-0.270,0.030
-16.177,-10.015,10.633,-7.352,4.552,-0.039,-2.956,-2.203,30.461,-160.000,-0.031,0.030
-17.127,-9.942,11.356,0.693,4.378,-0.030,-3.627,0.158,34.200,-160.000,0.169,0.024
-14.519,-10.416,13.992,3.604,4.095,0.014,0.937,7.986,27.191,-160.000,0.659,0.001
-14.242,-5.837,16.995,10.696,3.841,0.059,0.821,13.313,25.447,-142.179,0.959,-0.052
-11.823,-10.289,16.904,2.560,3.440,0.012,0.281,17.603,-0.132,-84.006,2.546,0.296
-5.638,-9.492,12.304,13.759,2.915,-0.059,3.780,19.740,-2.789,-44.781,5.869,1.399
-4.082,-42.837,-3.979,-1.981,2.355,-0.120,-7.211,1.916,5.219,-14.272,6.655,2.242
-6.485,-31.411,29.223,-38.794,1.653,-0.270,-17.724,15.591,-18.014,-72.444,4.763,-0.843
-14.148,-54.602,27.227,-43.708,1.439,-0.401,-12.351,-11.420,-14.687,-39.562,3.673,-1.202
-7.117,-19.016,50.356,-64.050,1.302,-0.245,16.003,14.502,-42.274,2.890,2.366,-0.256
-10.923,-49.834,44.386,-72.603,1.363,-0.272,-8.013,-3.235,-48.833,4.274,3.365,1.004
-9.779,-41.029,50.998,-70.873,1.231,-0.272,-6.164,1.286,-51.275,3.114,3.348,1.004
-1.686,-40.101,37.001,-20.056,0.988,-0.254,-18.395,-13.599,-24.768,-29.013,5.782,-0.500
3.726,-18.392,13.304,37.155,1.024,-0.131,-20.883,-12.480,-14.867,-34.619,4.693,-0.125
-0.620,6.903,-24.485,110.426,0.351,0.002,-29.424,-6.039,5.283,-50.464,4.385,0.123
-15.800,32.797,-56.415,160.000,-1.001,0.685,-32.317,-15.463,26.684,-53.967,4.533,0.198
-26.097,47.247,-67.612,160.000,-2.997,1.309,-20.822,-15.164,22.613,-58.418,5.806,-0.212
-23.759,50.970,-65.780,160.000,-3.644,1.142,-17.486,-9.012,14.146,-54.685,6.143,-0.052
-0.163,50.186,-41.464,160.000,-2.365,-0.294,-20.386,3.255,-2.865,-57.659,6.232,0.136
11.504,50.342,-34.953,160.000,-2.053,-0.609,-29.883,5.463,-8.399,-65.516,6.072,0.142
12.305,51.434,-22.067,125.350,-1.896,-0.374,-37.327,23.605,-8.582,-79.687,6.004,-0.215
11.166,40.692,-14.211,93.971,-1.606,-0.330,-37.453,35.613,-15.841,-83.252,5.867,-0.119
9.696,39.768,-15.645,92.853,-1.591,-0.330,-36.327,28.366,-13.553,-81.721,5.877,-0.119
14.357,11.575,3.428,17.314,-0.822,-0.299,-32.812,14.519,-10.322,-79.336,6.252,-0.043
14.674,-1.447,2.527,-14.782,-0.433,-0.145,-34.413,-3.406,-6.266,-78.079,6.156,-0.112
18.070,-18.595,3.375,-58.580,0.161,0.039,-28.333,-19.744,2.672,-67.929,5.694,0.022
16.508,-28.298,-4.933,-65.718,0.424,0.110,-25.170,-29.293,8.710,-65.726,5.610,-0.048
13.455,-31.291,-12.170,-69.378,0.565,0.136,-21.866,-27.685,12.237,-62.128,5.658,-0.036
8.863,-30.037,-22.604,-61.739,0.851,0.200,-15.147,-24.192,21.088,-54.620,5.766,-0.015
9.192,-19.968,-23.722,-60.238,0.879,0.208,-11.955,-8.204,18.148,-52.780,5.751,-0.014
6.495,1.239,-24.160,-57.101,0.898,0.191,-8.462,11.483,14.818,-46.600,5.829,0.041
7.774,21.392,-19.669,-67.442,0.856,0.118,-4.175,25.967,6.083,-48.476,5.938,-0.008
5.641,33.234,-16.965,-82.827,0.850,0.070,-1.508,34.531,4.523,-48.052,6.058,-0.009
5.477,41.606,-13.192,-99.365,0.961,0.025,1.053,39.367,2.386,-47.022,6.207,-0.049
3.467,44.298,-9.409,-111.695,1.015,-0.024,1.927,38.977,3.685,-46.066,6.284,-0.017
4.127,39.268,-2.173,-129.083,1.050,-0.143,2.051,26.784,5.908,-38.773,6.454,-0.021
2.945,28.688,15.060,-142.427,1.279,-0.179,5.171,19.061,4.805,-33.665,6.566,-0.039
0.697,8.119,26.682,-155.708,1.469,-0.177,5.637,-4.213,9.063,-29.110,6.365,-0.032
2.605,-7.795,43.069,-160.000,1.702,-0.196,6.528,-10.177,4.159,-22.051,6.230,0.002
6.208,-37.156,63.939,-142.918,2.244,-0.175,8.179,-22.164,-10.010,-11.372,6.154,0.018
13.792,-60.000,84.684,-113.846,2.900,-0.163,8.519,-31.712,-34.408,5.130,5.907,-0.007
12.851,-60.000,84.690,-83.536,3.426,-0.193,8.050,-36.170,-53.802,16.386,5.604,-0.000
11.990,-60.000,83.738,-76.079,3.667,-0.193,8.438,-35.750,-57.195,17.763,5.464,-0.000
-6.136,-60.000,8.121,12.799,0.581,1.525,-1.486,-29.014,-82.854,9.245,4.178,0.068
-19.413,-58.608,12.952,2.789,-0.328,0.833,-16.511,-0.529,-63.285,-10.213,4.148,0.097
-35.667,-51.068,-17.298,1.565,1.337,0.023,-12.393,10.840,-30.744,-64.355,4.124,0.055
-1.491,-29.207,-13.183,26.604,5.760,-1.183,-2.967,-3.974,2.970,-84.280,3.833,0.151
-3.996,-1.145,-17.583,34.923,8.105,0.098,-1.898,1.286,20.343,-82.495,3.190,0.424
-3.346,5.961,-23.394,36.882,8.094,0.098,-0.644,2.294,28.064,-90.088,3.139,0.424
0.132,27.574,-11.627,-0.494,6.706,0.126,-2.549,-1.991,37.889,-60.169,2.504,0.192
1.577,57.968,-15.388,12.046,6.001,-0.204,-2.344,6.992,37.677,-52.467,2.990,-0.215
2.377,60.000,-20.436,8.534,5.674,-0.324,5.038,10.460,39.968,-51.912,3.092,-0.376
32.455,60.000,-8.814,-18.764,4.248,-0.461,12.569,-1.216,28.771,-39.232,3.526,-0.514
43.270,50.292,8.151,-35.252,4.771,-0.083,16.773,0.638,14.207,-26.552,3.061,0.116
34.553,24.265,8.387,-41.904,6.120,0.113,7.934,8.695,-0.338,-35.708,2.437,0.327
39.855,14.846,22.164,-58.797,6.144,-0.050,0.734,27.559,-22.648,42.873,1.551,-0.294
38.755,-15.243,21.218,-58.722,6.019,-0.072,-13.523,31.761,-51.046,117.658,0.364,-0.176
27.672,-15.352,20.018,-41.090,5.685,0.365,-14.406,41.470,-58.221,155.062,-0.042,0.123
21.790,-26.271,22.058,-37.932,5.875,0.720,-10.388,41.772,-54.283,151.259,-0.196,-0.065
21.842,-27.408,10.266,-52.376,5.654,0.503,-17.905,32.919,-50.076,159.204,-0.354,-0.063
21.255,-26.229,12.462,-52.966,5.643,0.503,-16.509,34.166,-52.427,160.000,-0.391,-0.063
40.035,-24.615,12.631,-56.790,6.271,-0.227,-16.638,8.758,-35.260,127.628,-0.808,0.093
38.553,-38.658,2.405,-68.067,6.394,0.003,-17.324,-7.663,-28.746,88.139,-0.888,0.034
31.752,-27.474,0.901,-70.732,6.044,0.086,-13.240,-21.868,-18.792,51.068,-0.976,-0.052
28.421,-16.716,4.316,-67.386,5.826,0.044,-10.190,-20.527,-18.321,35.011,-0.976,-0.093
23.852,-2.927,3.062,-66.095,5.658,0.045,-6.902,-18.215,-13.778,17.707,-1.059,-0.140
19.731,19.905,11.109,-55.880,5.814,-0.035,-1.830,-9.027,-15.524,-12.124,-0.934,-0.216
17.704,9.585,8.816,-56.406,5.829,-0.035,-4.414,-12.182,-13.117,-11.786,-0.915,-0.216
13.729,31.654,14.662,-52.431,5.764,0.046,0.858,-1.986,-12.760,-26.966,-0.886,-0.217
9.127,35.508,14.870,-48.759,5.670,-0.028,4.631,7.942,-7.203,-44.717,-0.849,-0.151
5.678,31.967,13.931,-49.305,5.694,0.005,5.211,7.906,-6.761,-45.146,-0.824,-0.173
4.482,32.397,14.809,-47.789,5.712,0.005,4.809,7.259,-8.055,-49.329,-0.822,-0.173
-1.327,6.669,4.115,-51.317,5.790,-0.015,-3.518,-11.009,2.525,-45.651,-0.881,-0.112
-1.217,17.385,7.528,-49.303,5.772,-0.015,-0.602,-8.536,-1.277,-52.013,-0.863,-0.112
-4.747,-9.307,-6.502,-52.982,5.877,-0.005,-8.660,-27.093,10.106,-55.070,-0.618,0.004
-7.214,-10.226,-6.290,-49.583,5.879,0.025,-7.613,-33.616,12.919,-71.870,-0.535,0.011
-9.838,-5.857,-6.319,-46.794,5.918,0.012,-7.825,-34.702,17.595,-95.758,-0.454,0.005
-12.386,-8.929,-7.299,-44.109,5.848,-0.025,-9.273,-36.656,23.084,-114.259,-0.276,0.005
-10.787,-14.729,-6.349,-36.493,5.680,0.048,-5.060,-31.235,26.943,-131.913,-0.196,0.030
-8.786,-0.281,0.725,-30.739,5.619,-0.020,-1.014,-23.370,27.807,-154.999,-0.044,0.027
-8.004,0.478,-2.430,-24.154,5.364,0.009,-1.530,-10.508,35.310,-152.471,0.254,-0.023
-9.350,6.108,-2.451,-22.262,5.269,0.009,-2.124,-8.466,39.673,-160.000,0.398,-0.023
-12.474,15.961,-7.619,-2.775,4.921,0.002,-7.256,19.271,32.938,-116.944,0.780,-0.046
-14.250,18.787,-7.130,-5.417,4.808,0.002,-8.163,19.849,33.325,-119.507,0.949,-0.046
-16.075,18.497,-8.667,-2.592,4.553,0.023,-10.392,25.243,29.771,-101.242,1.216,-0.064
-10.409,6.319,-8.916,-10.057,4.002,-0.014,-8.160,28.799,11.468,-27.610,1.747,0.162
-3.463,-29.357,-21.771,-23.620,3.137,-0.077,-9.662,30.651,-11.793,-1.900,1.434,1.670
-7.266,-23.112,3.226,-55.111,2.115,-0.183,2.794,30.788,-17.472,-28.205,2.766,-0.964
-7.125,-18.003,20.794,-69.791,1.944,-0.300,28.731,32.593,-20.598,11.917,3.719,-1.030
-12.365,-39.635,18.106,-78.738,1.841,-0.300,24.984,17.309,-20.982,6.477,3.780,-1.030
-3.295,-21.590,33.378,-79.465,1.502,-0.323,-8.205,7.400,-28.144,-8.183,4.857,0.821
-2.540,-24.567,25.825,-21.899,1.213,-0.063,-27.025,-10.046,-5.858,-36.121,3.882,-0.036
1.078,-4.601,3.531,48.335,0.734,0.123,-34.121,-8.366,1.788,-48.698,3.435,-0.237
-2.717,7.392,-35.504,126.287,-0.182,0.254,-45.083,-20.759,21.648,-58.198,3.518,-0.015
-20.155,20.103,-61.219,160.000,-1.161,0.710,-36.936,-9.834,30.591,-43.631,4.418,0.194
-7.656,19.502,-54.846,160.000,-2.269,0.388,-21.867,-6.617,12.460,-47.983,5.201,-0.097
-6.961,21.830,-60.811,160.000,-2.501,0.388,-21.205,-4.762,12.534,-43.624,5.298,-0.097
10.431,12.842,-53.208,160.000,-2.305,-0.115,-32.418,-7.994,-5.676,-57.310,4.648,0.070
7.017,19.732,-41.180,160.000,-2.328,-0.087,-39.408,22.542,-2.946,-55.835,4.723,-0.080
5.954,9.992,-27.189,99.313,-2.026,-0.040,-39.261,6.534,4.827,-65.351,4.945,0.112
7.967,12.867,-10.094,67.877,-2.020,-0.042,-36.992,21.774,1.899,-66.154,5.167,0.117
10.193,6.732,-7.276,37.248,-1.643,0.027,-36.570,-1.555,6.559,-68.947,5.311,-0.057
9.645,6.243,2.131,-17.914,-1.117,0.148,-32.916,7.335,-0.092,-73.259,4.952,-0.048
5.568,-2.234,2.591,-57.600,-0.648,0.208,-29.255,-15.450,5.927,-70.387,4.702,0.024
7.240,1.061,5.690,-53.478,-0.612,0.208,-27.280,-5.871,3.559,-68.646,4.698,0.024
5.659,-6.829,-0.868,-69.998,-0.405,0.238,-24.848,-29.085,9.443,-67.329,4.726,-0.009
7.133,-5.089,-3.430,-65.299,-0.093,0.279,-19.740,-23.063,8.974,-59.894,4.651,-0.022
8.456,-4.479,-6.079,-58.626,-0.031,0.260,-18.842,-25.930,13.376,-55.839,4.585,-0.011
10.001,-3.547,-4.761,-58.356,-0.010,0.260,-18.179,-24.822,11.745,-54.901,4.579,-0.011
9.491,3.876,-4.599,-25.429,-0.226,0.247,-15.036,-18.348,9.724,-53.331,4.558,0.037
14.595,10.193,-2.507,-24.890,-0.158,0.247,-13.938,-5.348,5.891,-48.824,4.576,0.037
16.407,17.122,-2.571,-14.910,-0.139,0.148,-13.313,2.663,6.760,-47.779,4.565,0.037
22.439,27.862,-0.383,-5.033,-0.063,0.148,-10.978,21.314,-1.059,-45.341,4.575,0.037
20.760,25.429,1.567,-8.621,-0.129,-0.017,-12.145,17.833,-3.945,-47.651,4.700,-0.014
22.195,24.508,7.676,-29.413,-0.116,-0.060,-11.621,23.999,-7.512,-47.180,4.799,-0.022
21.097,18.493,9.670,-52.071,-0.039,-0.125,-9.265,17.736,-6.631,-43.454,4.894,-0.040
21.192,12.798,12.991,-73.940,0.004,-0.128,-6.218,14.659,-7.118,-39.192,4.935,-0.040
19.913,4.411,17.005,-96.951,-0.006,-0.108,-3.996,10.668,-5.195,-31.628,4.956,-0.019
9.643,-16.997,15.571,-128.880,0.034,-0.135,0.294,-7.489,1.003,-20.095,4.956,-0.015
4.916,-26.293,23.942,-155.434,0.291,-0.118,4.877,-2.621,0.064,-12.944,4.957,-0.015
-3.996,-40.232,23.951,-160.000,0.830,-0.098,7.145,-7.924,5.837,-6.904,4.729,-0.013
-3.512,-46.496,27.505,-160.000,1.496,-0.075,12.666,0.169,2.037,0.419,4.492,0.005
-1.381,-49.701,29.778,-160.000,2.187,-0.114,12.864,2.712,-2.050,2.436,4.327,0.014
1.011,-43.286,29.241,-107.992,2.697,-0.124,10.177,7.043,-9.282,5.314,4.308,0.026
-1.631,-35.353,21.889,-58.750,2.991,-0.132,6.348,8.624,-11.390,0.927,4.221,0.014
-5.085,-19.675,12.243,2.731,3.322,-0.201,2.453,10.300,-6.224,-9.631,3.961,0.008
-9.427,43.185,-2.977,6.660,3.430,-0.880,-12.932,25.986,-8.230,-51.680,3.301,0.056
-16.701,38.351,-18.118,3.616,2.945,-0.692,-13.408,34.038,11.556,-74.953,2.963,0.111
-23.103,28.092,-5.024,35.564,4.749,0.760,1.117,-4.775,12.513,-70.577,2.466,0.245
-19.345,22.169,-5.944,32.851,5.226,0.484,-0.415,-13.861,12.357,-78.975,2.207,0.252
-5.248,29.229,1.725,21.536,5.799,-0.041,4.393,6.589,16.402,-71.857,1.884,0.327
10.735,15.912,11.812,2.992,5.560,-0.562,3.912,-9.583,18.319,-54.296,1.753,0.060
15.012,15.166,14.269,-1.757,5.531,-0.562,5.548,-6.463,18.086,-47.302,1.578,0.060
28.132,-1.421,17.453,-22.208,4.896,-0.339,5.794,-22.784,8.793,-28.239,1.136,-0.833
33.700,-17.629,24.998,-59.632,5.011,-0.000,7.822,-23.427,-5.323,45.987,-0.349,-0.638
35.969,-17.718,13.393,-50.624,5.297,0.119,-16.826,-15.672,-17.481,115.150,-0.769,0.624
31.096,-24.311,1.157,-54.440,5.254,0.167,-25.191,-13.649,-20.887,160.000,-1.127,0.366
9.929,-10.764,-4.275,-52.140,5.226,0.336,-10.228,3.500,-24.654,160.000,-1.868,-0.369
11.402,-1.791,-12.812,-53.274,5.191,0.352,-16.112,3.367,-19.307,160.000,-2.251,-0.259
16.060,8.291,-7.612,-64.640,4.987,0.164,-10.633,9.647,-19.512,160.000,-2.317,-0.030
27.984,-4.743,-12.465,-69.424,4.889,0.022,-10.281,5.112,-6.899,145.286,-2.302,-0.050
34.457,23.435,-8.315,-68.688,5.220,-0.031,-12.522,15.769,-9.368,89.471,-2.030,-0.138
32.969,8.498,-13.380,-68.809,5.216,-0.031,-16.620,11.671,-2.781,88.594,-2.013,-0.138
16.736,27.988,-4.948,-78.816,4.918,-0.008,0.421,14.953,-4.709,30.738,-1.722,-0.279
13.359,15.452,-7.499,-72.645,4.833,0.049,-4.011,9.721,1.368,12.786,-1.579,-0.215
13.811,20.789,-4.702,-71.712,4.822,0.049,-1.847,11.384,-1.363,12.405,-1.585,-0.215
7.161,17.489,-2.626,-65.826,4.835,-0.024,-3.673,2.276,4.985,-27.385,-1.389,-0.285
4.380,24.539,-3.821,-59.306,4.637,0.019,-4.115,-0.937,9.809,-38.967,-1.269,-0.259
0.327,14.809,-3.398,-53.135,4.480,0.000,-5.196,-6.511,13.206,-41.814,-1.317,-0.273
-1.740,16.892,-1.856,-51.444,4.444,-0.010,-4.844,-8.163,12.184,-44.211,-1.298,-0.262
-2.802,16.287,-2.053,-50.315,4.449,-0.010,-5.746,-8.494,13.042,-45.138,-1.296,-0.262
-6.319,-1.111,-10.972,-45.216,4.536,-0.019,-14.055,-21.388,22.805,-28.208,-1.253,-0.132
-9.078,5.775,-10.175,-45.924,4.540,-0.029,-10.911,-18.274,21.453,-24.132,-1.233,-0.099
-9.670,-1.760,-15.901,-44.212,4.479,0.001,-15.673,-21.466,27.581,-27.741,-1.100,-0.031
-11.970,1.696,-16.310,-40.174,4.392,0.106,-16.143,-20.600,30.614,-40.340,-0.966,0.016
-15.727,-10.449,-20.817,-36.054,4.414,-0.012,-13.605,-19.658,34.521,-64.763,-0.873,0.103
-18.028,2.941,-18.308,-29.459,4.391,-0.037,-12.347,-16.588,39.432,-85.616,-0.712,0.134
-17.611,-8.990,-15.438,-21.413,4.196,0.035,-7.642,-8.771,41.194,-114.567,-0.518,0.157
-19.758,-2.905,-10.081,-15.728,4.130,0.035,-5.360,-8.334,46.647,-143.079,-0.334,0.157
-16.922,-0.467,-2.071,-3.660,3.971,0.010,-4.113,-2.312,41.764,-160.000,-0.066,0.111
-19.353,-6.310,3.863,3.092,3.883,0.010,-5.265,-4.582,41.961,-160.000,0.168,0.111
-14.908,-10.532,26.629,47.416,3.249,0.019,3.910,9.899,16.280,-160.000,1.022,0.043
-14.746,-16.424,28.437,50.015,3.013,-0.001,4.231,2.759,15.008,-160.000,1.699,0.062
-10.318,-18.967,28.388,43.799,2.840,0.035,4.498,-3.334,9.849,-160.000,1.912,0.159
-5.444,-13.816,36.267,37.484,2.582,0.002,7.223,1.042,-7.991,-115.047,3.597,0.556
-1.277,-16.546,29.543,27.316,2.361,-0.028,7.292,-1.996,-17.893,-61.399,6.022,1.203
-0.421,-23.739,33.724,3.067,1.898,-0.028,6.916,-4.900,-23.930,-48.105,6.560,1.203
-0.461,-32.068,34.792,-10.212,1.306,-0.028,4.112,-6.601,-31.231,-32.708,7.180,1.203
-3.821,-37.421,32.961,-13.908,0.634,-0.028,-2.420,-7.687,-37.905,-23.947,7.634,1.203
-9.292,-28.576,45.166,-48.103,0.481,-0.254,-20.421,22.222,-44.805,-65.683,5.875,-0.983
1.105,-26.320,28.339,-70.191,0.231,-0.267,-25.726,17.820,-60.635,13.449,2.690,1.020
1.806,-24.772,32.379,-66.378,-0.176,-0.267,-22.317,17.584,-49.311,3.370,5.323,-0.429
8.207,-7.917,34.115,-50.294,-0.355,-0.167,-13.766,27.371,-53.740,20.791,5.447,-0.345
8.452,-13.751,32.168,-47.944,-0.386,-0.167,-13.052,23.531,-54.146,21.591,5.420,-0.345
15.548,-18.921,9.828,-11.115,-0.556,-0.107,-14.937,3.620,-32.229,11.998,4.322,0.268
18.096,2.401,-21.764,84.180,-0.747,-0.009,-27.632,-8.625,-6.100,-4.646,3.403,0.270
19.719,24.374,-54.272,160.000,-1.494,0.039,-37.835,-14.160,13.147,-21.998,4.320,-0.346
18.609,30.885,-69.642,160.000,-1.849,0.021,-46.013,-9.581,12.635,-23.621,4.856,-0.387
10.562,24.444,-71.012,160.000,-1.158,0.097,-42.902,-28.000,11.922,-19.142,6.109,0.271
11.216,25.457,-72.540,160.000,-1.298,0.097,-43.508,-18.836,10.109,-26.354,6.131,0.271
6.687,25.828,-48.679,160.000,-0.969,0.146,-42.066,-8.436,8.464,-55.832,6.046,-0.007
12.161,38.163,-32.784,123.664,-0.902,0.200,-44.267,38.524,0.271,-75.606,5.732,-0.152
9.261,36.899,-37.686,101.984,-0.753,0.207,-42.392,24.824,11.790,-76.481,5.816,-0.208
7.736,37.422,-30.046,58.873,-0.638,0.279,-41.894,46.016,16.126,-78.305,6.483,0.086
7.624,37.628,-32.321,54.274,-0.597,0.279,-39.825,39.415,19.701,-76.693,6.497,0.086
4.795,28.941,-28.687,-2.512,-0.410,0.269,-26.378,50.032,15.318,-93.463,7.076,-0.051
4.888,29.596,-32.131,-8.598,-0.346,0.269,-24.489,48.021,19.621,-88.051,7.071,-0.051
-2.220,14.416,-29.715,-50.781,-0.021,0.342,-12.241,40.733,18.632,-81.482,6.491,-0.004
-0.747,8.879,-31.000,-54.082,0.019,0.325,-10.555,33.554,20.149,-75.121,6.385,-0.114
0.700,-2.541,-32.235,-55.426,0.026,0.292,-9.604,15.678,23.285,-67.267,6.327,-0.150
2.629,-0.738,-30.481,-55.469,0.042,0.292,-9.274,19.765,21.253,-66.377,6.316,-0.150
3.950,-16.473,-34.014,-46.455,0.029,0.168,-8.629,5.424,19.346,-55.442,6.354,0.086
8.180,-21.115,-35.142,-44.292,-0.030,0.125,-4.130,0.950,22.998,-42.991,6.273,-0.021
8.700,-20.884,-31.490,-48.465,-0.014,0.052,-2.376,1.408,20.129,-44.685,6.145,-0.052
14.601,-17.548,-23.345,-71.256,0.008,0.014,-2.036,2.575,16.584,-38.363,6.198,-0.037
15.391,-16.484,-21.651,-89.397,0.082,0.014,0.235,1.139,17.767,-36.991,6.240,-0.037
19.733,-13.236,-19.762,-108.690,0.203,-0.005,3.479,2.339,15.849,-32.988,6.333,-0.039
14.157,-3.144,-10.933,-129.636,0.260,-0.011,6.593,4.329,11.340,-30.269,6.557,0.025
13.641,2.272,3.473,-155.841,0.323,-0.040,9.638,4.515,7.390,-24.738,6.619,-0.019
12.248,5.561,26.039,-160.000,0.490,-0.023,12.235,-5.990,-0.164,-16.586,6.731,-0.003
13.163,0.129,48.243,-160.000,0.766,-0.043,15.984,-10.469,-9.139,-11.932,6.687,-0.007
14.712,-11.424,71.082,-160.000,1.283,-0.051,19.402,-17.090,-21.781,-3.949,6.621,-0.039
17.761,-35.428,89.377,-151.439,1.904,-0.083,19.594,-23.584,-43.611,12.097,6.424,0.069
14.429,-60.000,79.525,-56.793,2.464,-0.111,11.285,-21.625,-66.310,24.237,6.085,0.014
7.389,-60.000,66.867,-26.993,2.571,-0.195,4.771,-20.711,-64.233,18.207,5.818,-0.013
-3.100,-46.208,39.740,-4.565,2.124,-1.107,-3.696,-2.562,-66.099,4.163,5.140,0.031
6.798,-26.415,18.171,-1.073,3.738,-1.071,-17.013,9.821,-58.946,-48.635,4.124,0.167
1.238,-15.416,15.864,-7.599,3.688,-1.071,-15.280,14.223,-36.226,-67.956,4.099,0.167
-1.757,-1.553,-12.764,34.804,5.940,0.541,-16.349,6.975,8.147,-86.839,2.766,0.451
0.517,13.309,-20.717,37.258,5.940,0.541,-10.480,18.534,20.071,-98.901,2.669,0.451
8.223,42.357,3.597,7.158,5.379,-0.174,-8.252,24.406,31.991,-80.158,1.771,0.460
33.492,45.066,8.917,-13.640,4.797,-0.433,2.336,0.725,26.581,-49.895,1.648,0.164
48.000,46.336,18.553,-24.658,4.296,-0.573,0.040,-0.571,8.160,-27.757,1.866,-0.144
48.000,44.731,26.222,-34.759,4.227,-0.463,-2.505,6.399,-7.224,19.647,1.743,-0.282
48.000,45.163,29.882,-36.993,5.475,-0.129,3.883,12.929,-25.882,76.544,1.562,-0.551
48.000,25.273,32.908,-45.336,5.867,-0.134,2.123,5.331,-39.072,113.428,1.176,-0.539
39.479,-2.361,24.979,-41.300,6.060,0.121,-0.137,3.531,-47.778,146.461,0.858,-0.455
31.493,-21.411,14.447,-42.169,6.512,0.494,-1.671,-0.539,-47.962,159.644,0.303,-0.295
29.648,-21.886,16.055,-53.396,6.711,0.611,-3.124,4.334,-45.170,154.282,-0.295,-0.229
41.780,-36.808,14.117,-83.517,5.941,-0.409,-10.052,-4.685,-33.490,138.652,-1.115,-0.001
41.872,-33.150,16.352,-78.699,5.896,-0.409,-6.998,-1.035,-36.787,141.004,-1.190,-0.001
37.934,-44.478,10.014,-81.729,6.075,-0.262,-9.615,-9.531,-31.582,125.096,-1.328,0.032
38.539,-23.480,11.211,-80.106,6.667,0.172,-8.231,-5.050,-24.548,63.764,-1.286,0.001
36.418,-19.973,11.818,-80.922,6.548,-0.056,-9.333,-3.911,-22.199,48.751,-1.268,0.016
34.178,-3.492,14.895,-71.375,6.314,-0.048,-3.319,3.864,-25.495,21.622,-1.261,-0.010
31.345,0.744,15.855,-66.909,6.182,-0.000,-2.354,6.616,-25.451,7.032,-1.266,-0.049
25.387,33.264,22.389,-53.427,5.922,0.046,-0.415,17.576,-23.100,-29.290,-1.237,-0.134
23.633,19.379,19.405,-55.639,5.917,0.046,-3.083,14.139,-19.555,-28.297,-1.211,-0.134
21.622,30.032,20.227,-50.140,5.892,0.006,0.021,15.677,-20.849,-32.176,-1.109,-0.163
15.789,26.187,21.945,-50.921,6.001,0.010,-0.826,8.954,-15.394,-40.378,-0.942,-0.158
13.357,29.202,21.041,-50.749,6.006,0.007,-0.922,6.306,-16.341,-41.855,-0.944,-0.174
10.690,19.702,15.029,-52.668,6.058,-0.005,-5.436,-3.733,-13.141,-43.399,-0.957,-0.142
6.420,8.226,9.378,-54.851,6.074,-0.004,-8.609,-16.288,-7.283,-38.717,-0.888,-0.130
5.030,4.943,3.787,-56.773,6.108,0.004,-10.376,-22.963,-2.783,-44.331,-0.825,-0.097
3.136,6.803,4.094,-56.335,6.087,0.004,-10.691,-23.474,-1.848,-56.413,-0.776,-0.097
-1.124,2.235,1.514,-56.550,6.148,0.030,-12.717,-30.706,4.522,-65.241,-0.684,-0.100
-2.250,-5.661,-4.069,-51.744,6.308,0.057,-15.119,-36.855,10.827,-95.210,-0.597,-0.029
-5.019,-2.451,-1.354,-48.501,6.124,0.010,-12.117,-35.114,17.511,-122.877,-0.476,-0.019
-6.068,-3.646,-2.497,-47.067,6.038,0.002,-10.930,-33.478,23.058,-139.819,-0.366,0.003
-4.849,-0.998,-0.324,-37.500,5.911,0.018,-7.403,-22.685,24.981,-149.312,-0.197,0.017
-5.090,1.432,-0.075,-33.340,5.806,0.017,-6.106,-15.697,32.772,-158.167,-0.023,0.020
-5.946,6.850,-1.578,-28.023,5.689,0.029,-5.812,-10.555,39.323,-160.000,0.181,0.015
-7.189,19.626,-6.838,-14.582,5.323,-0.016,-8.816,13.143,40.883,-128.153,0.662,-0.009
-11.755,26.938,-12.754,-7.712,5.079,0.027,-12.187,23.372,39.587,-101.789,1.156,0.015
-11.374,18.810,-15.508,-10.830,4.783,0.005,-11.343,24.880,27.926,-54.422,1.718,0.026
4.318,-8.228,-27.877,-12.640,3.651,-0.006,-2.456,31.702,2.175,-12.791,3.551,2.149
4.492,-24.367,-3.355,-49.737,2.791,-0.050,-6.787,9.075,0.671,-30.897,3.866,0.564
-2.374,-29.420,7.175,-58.599,2.158,-0.246,-0.842,11.386,-19.381,-21.542,3.819,-1.314
-3.286,-42.186,42.307,-75.978,2.040,-0.265,14.764,0.421,-36.630,-6.451,4.353,0.403
-5.343,-29.541,42.059,-67.636,1.830,-0.194,-21.010,-0.885,-47.401,-21.107,4.705,1.008
-7.391,-31.241,34.815,-51.913,1.655,-0.194,-29.249,-2.569,-33.645,-30.664,4.664,1.008
-4.155,-25.642,21.266,-15.851,1.565,-0.119,-36.647,-5.866,-23.647,-36.629,4.796,0.178
-3.934,-0.379,8.039,47.764,0.939,0.029,-38.705,3.744,-7.250,-52.483,4.751,-0.410
-8.920,21.186,-47.136,143.863,0.221,0.312,-38.331,1.585,27.296,-65.659,4.195,0.125
-18.561,29.263,-62.959,160.000,-1.045,0.473,-16.765,-0.103,26.784,-61.001,5.592,-0.030
-17.330,35.858,-66.643,160.000,-1.347,0.473,-16.722,12.635,21.312,-55.529,5.672,-0.030
2.920,29.247,-60.424,160.000,-1.574,-0.034,-32.647,2.777,17.815,-61.268,5.654,0.103
3.384,27.622,-63.919,160.000,-1.621,-0.185,-40.439,4.198,14.671,-65.588,5.432,0.088
2.951,28.038,-65.800,160.000,-1.678,-0.185,-39.931,3.132,15.013,-66.219,5.453,0.088
1.175,17.710,-39.238,110.911,-2.193,-0.108,-42.451,29.110,2.052,-71.482,5.462,-0.053
3.115,15.828,-35.487,91.440,-2.324,-0.131,-38.717,30.868,8.087,-60.469,5.558,0.038
5.809,6.802,-30.924,69.124,-2.137,-0.099,-40.201,20.301,7.280,-63.620,5.666,0.050
6.558,-8.411,-22.968,17.157,-1.872,0.003,-35.655,0.987,18.426,-59.481,5.664,-0.009
8.227,-5.465,-19.522,19.896,-1.859,0.003,-34.904,12.081,15.178,-59.345,5.633,-0.009
7.973,-12.973,-18.200,-26.188,-1.326,0.155,-31.953,-8.423,21.190,-56.902,5.482,0.006
6.197,-19.477,-16.380,-70.017,-0.765,0.282,-26.044,-23.035,23.184,-59.228,5.365,-0.005
3.224,-13.333,-16.628,-69.065,-0.519,0.349,-20.349,-18.879,21.379,-58.165,5.374,0.017
5.088,-12.819,-17.906,-69.119,-0.494,0.349,-20.003,-20.565,22.637,-56.234,5.364,0.017
7.132,0.620,-16.751,-56.242,-0.413,0.379,-16.068,-11.337,19.571,-53.583,5.406,0.030
6.677,0.365,-18.329,-56.481,-0.395,0.379,-16.226,-12.988,20.583,-53.304,5.400,0.030
10.546,6.689,-15.982,-46.322,-0.364,0.367,-15.162,-9.916,16.857,-53.408,5.369,0.007
16.134,24.967,-13.135,-12.668,-0.305,0.227,-13.343,8.827,8.737,-52.624,5.416,0.025
16.221,27.578,-15.330,-8.141,-0.280,0.169,-12.734,6.552,8.465,-53.366,5.455,0.036
19.999,34.402,-11.305,-2.466,-0.098,0.028,-12.387,22.581,-0.116,-54.551,5.529,-0.009
16.429,28.582,-11.596,-11.150,0.043,-0.064,-14.877,20.287,1.607,-55.892,5.638,-0.028
16.429,13.629,-6.425,-32.726,0.228,-0.103,-15.671,5.964,1.935,-53.610,5.613,0.050
12.312,5.695,-0.290,-55.985,0.343,-0.174,-15.201,7.706,-0.429,-53.516,5.637,0.005
11.220,-8.092,0.264,-83.706,0.371,-0.186,-14.332,-12.586,5.961,-48.330,5.683,-0.044
9.107,-13.883,4.669,-107.896,0.526,-0.189,-11.017,-7.694,4.052,-46.029,5.738,-0.014
9.063,-14.013,5.550,-124.609,0.674,-0.189,-8.331,-9.957,6.022,-43.614,5.742,-0.014
-2.902,-23.552,8.876,-141.922,0.841,-0.137,-9.822,-13.576,11.057,-40.063,5.721,0.002
-4.191,-25.111,16.391,-153.147,1.156,-0.091,-6.378,-8.873,10.824,-36.893,5.687,0.018
-3.435,-27.323,18.144,-160.000,1.379,-0.091,-3.815,-9.594,10.606,-34.908,5.638,0.018
-3.414,-26.995,26.693,-157.865,1.770,-0.135,-5.017,-9.235,2.862,-30.595,5.567,0.009
0.787,-33.114,35.805,-160.000,2.105,-0.135,-1.371,-11.726,-4.390,-24.983,5.474,0.009
8.207,-25.562,59.263,-115.618,2.868,-0.199,-0.441,-4.609,-26.065,-9.553,5.245,0.010
13.163,-28.749,65.610,-67.149,3.816,-0.351,-5.051,-7.582,-44.445,-0.856,4.907,-0.009
15.911,-22.470,59.746,2.499,4.791,-0.403,-7.677,-1.462,-45.875,-4.257,4.460,0.013
18.965,-2.661,38.258,38.221,5.349,-0.405,-11.181,11.257,-37.188,-11.831,3.759,-0.020
-8.042,-10.487,-4.835,9.531,2.332,0.767,-24.364,-0.334,-23.929,-35.013,3.371,-0.011
-34.258,43.801,8.040,58.645,-0.084,0.623,-27.395,16.759,8.180,-75.615,3.748,0.038
-48.000,43.752,-9.487,78.248,0.106,0.199,-30.317,-22.007,22.851,-89.649,3.792,0.075
-40.627,23.980,12.133,63.288,1.344,-0.679,-8.877,-1.423,-5.087,-97.389,3.871,-0.009
-19.843,11.826,23.315,52.865,7.042,-0.201,-2.295,-40.282,9.911,-100.647,3.389,0.071
6.007,15.412,29.706,12.371,6.485,-0.255,3.125,-17.688,-4.646,-93.545,3.188,-0.175
17.210,6.211,29.464,-7.810,6.112,-0.422,5.802,-30.052,-4.163,-98.180,3.128,-0.216
19.870,-0.766,23.197,-16.374,5.545,-0.652,-1.947,-2.815,6.540,-109.290,3.098,0.023
21.852,-4.689,18.064,-28.049,5.207,-0.793,-4.895,-10.286,5.270,-111.586,2.975,0.157
48.000,-2.292,39.250,-63.032,5.202,-0.434,-17.536,6.703,-6.325,-49.085,2.161,0.028
48.000,-13.081,40.266,-77.000,6.498,-0.121,-25.741,9.435,-34.180,77.388,0.858,-0.118
43.649,-6.228,41.826,-65.967,6.804,-0.207,-32.966,26.652,-57.608,146.438,-0.296,-0.109
29.451,-13.185,22.011,-57.378,6.565,-0.361,-35.231,21.738,-60.570,152.529,-0.658,-0.131
18.966,-10.859,13.769,-45.766,6.403,0.403,-34.156,14.713,-54.297,143.204,-0.704,-0.019
25.628,-7.792,7.477,-38.990,5.746,1.703,-25.573,12.029,-50.269,129.687,-1.014,-0.086
27.831,-27.966,-5.656,-41.166,4.183,1.961,-26.883,-4.213,-37.195,110.289,-1.127,-0.129
20.164,-9.765,-2.183,-39.091,2.497,1.735,-25.184,-8.232,-28.982,86.460,-1.027,-0.158
18.421,25.853,-12.846,-46.692,4.732,-0.571,-17.860,-6.132,-12.874,40.322,-0.950,-0.283
31.270,21.165,-9.966,-59.547,6.578,-1.113,5.770,-0.908,-4.320,21.208,-1.018,-0.382
31.485,13.120,-3.299,-57.285,6.789,-0.194,4.419,-9.305,-0.311,-15.538,-1.104,-0.140
31.160,19.614,-1.577,-55.306,6.793,-0.194,6.020,-8.300,-2.125,-19.484,-1.101,-0.140
12.578,32.486,0.048,-54.137,5.542,0.534,13.227,-2.570,-0.085,-28.902,-1.168,-0.394
-3.569,37.654,4.785,-49.970,3.459,0.107,0.999,-0.992,16.668,-36.311,-1.124,-0.304
-8.729,36.123,6.228,-44.509,3.920,0.045,7.430,2.625,15.560,-41.972,-1.082,-0.067
-10.019,34.362,8.535,-41.210,3.934,0.045,6.284,1.542,13.293,-44.959,-1.065,-0.067
-9.634,24.293,4.573,-41.776,5.091,-0.048,10.165,0.393,9.270,-46.631,-0.973,-0.062
-9.796,12.564,-2.035,-39.522,4.886,-0.116,5.607,-7.093,15.566,-48.117,-1.023,-0.003
-11.120,18.756,-0.857,-40.755,4.852,-0.116,7.503,-5.576,16.233,-56.736,-0.976,-0.003
-17.620,0.845,-7.808,-40.947,4.583,0.057,2.908,-18.879,26.261,-68.093,-0.969,-0.033
-21.921,-8.105,-6.808,-36.561,4.499,0.160,1.046,-26.073,31.732,-89.669,-0.878,0.013
-24.616,-2.321,-5.652,-29.532,4.415,0.133,-1.716,-24.508,28.601,-110.938,-0.615,0.084
-24.984,-5.410,-3.389,-23.924,4.427,0.024,-3.091,-25.411,31.736,-128.427,-0.460,0.051
-25.578,-9.119,-1.861,-18.999,4.435,-0.021,-3.838,-27.902,37.081,-147.617,-0.266,0.040
-22.631,-13.197,3.222,-10.851,4.252,0.017,-2.194,-21.647,34.238,-160.000,0.055,0.064
-21.380,-4.113,11.563,-3.079,4.019,0.025,-3.224,-14.898,29.736,-160.000,0.437,0.041
-21.860,-5.639,10.027,7.972,3.606,0.044,-6.088,-3.063,19.064,-150.887,1.105,0.038
-22.820,-15.223,8.589,5.470,3.003,0.025,-9.025,-3.858,4.406,-95.346,2.328,0.167
-19.593,-17.805,12.161,-1.936,2.239,-0.051,-11.676,-0.337,-10.207,-70.855,3.837,0.451
-15.500,-24.079,2.454,0.470,1.165,-0.014,-12.666,13.851,-26.249,-13.298,6.847,1.597
-16.247,-45.017,3.600,-27.850,1.081,-0.070,-21.998,0.831,-17.414,-45.095,6.376,1.235
-18.687,-20.905,34.802,-39.257,0.890,-0.236,-15.576,21.951,-41.007,-67.341,5.236,-0.656
-13.264,-6.433,37.854,-42.918,0.719,-0.350,9.482,29.145,-33.600,-29.383,2.825,-0.862
-12.312,-30.948,30.727,-66.762,0.832,-0.383,1.216,16.106,-38.637,-12.806,3.449,0.649
7.894,-3.714,18.937,36.501,0.418,-0.456,-22.466,17.263,-12.132,-50.806,5.565,-0.247
5.293,1.507,-5.990,93.795,-0.460,-0.456,-37.357,12.757,2.738,-55.585,5.656,-0.247
11.936,5.955,-47.377,160.000,-1.244,-0.218,-40.271,-13.375,14.273,-51.927,4.772,-0.008
8.645,11.213,-55.140,160.000,-1.805,-0.218,-40.971,1.144,10.871,-45.592,5.009,-0.008
-18.233,16.273,-65.304,160.000,-2.429,0.586,-25.268,-30.669,17.509,-45.546,4.599,0.058
-19.031,15.895,-61.694,160.000,-2.840,0.675,-29.324,-14.066,5.724,-58.828,5.628,-0.191
-15.575,13.874,-55.007,160.000,-3.089,0.619,-28.000,-22.957,-1.282,-56.378,5.794,0.114
-11.403,15.387,-39.951,160.000,-3.387,0.588,-31.942,-1.731,-1.615,-59.446,5.870,0.184
-9.357,18.716,-34.858,128.796,-3.266,0.578,-30.688,9.352,-0.685,-70.338,5.924,-0.032
-8.649,18.743,-32.995,105.895,-3.261,0.568,-27.766,13.470,-1.976,-73.740,6.002,-0.124
-1.199,20.996,-18.124,45.683,-2.846,0.359,-18.312,22.558,-4.231,-82.038,5.878,0.059
2.111,24.220,-13.623,20.852,-2.628,0.369,-13.540,28.467,-4.811,-83.957,5.979,0.075
10.675,28.167,-5.472,-32.603,-2.146,0.373,-10.751,30.780,-2.752,-82.330,6.226,-0.067
19.589,27.051,-1.810,-62.554,-1.584,0.342,-6.264,24.271,-0.301,-76.653,5.979,0.037
28.119,20.504,-5.653,-68.322,-1.221,0.306,-4.564,16.608,2.819,-68.685,5.713,-0.084
32.422,12.596,-9.904,-62.643,-1.152,0.305,-6.180,6.106,4.887,-59.153,5.627,-0.098
38.867,-4.035,-15.057,-50.541,-1.077,0.141,-8.272,-6.596,8.434,-49.998,5.583,-0.009
39.390,-11.898,-14.680,-30.444,-0.962,-0.009,-10.592,-7.408,7.888,-44.028,5.593,0.051
40.428,-21.243,-18.684,-22.401,-0.929,-0.108,-11.317,-8.877,9.401,-39.000,5.515,0.014
36.786,-26.114,-17.570,-20.385,-0.868,-0.178,-12.446,-14.095,9.964,-38.073,5.420,0.004
32.841,-24.548,-11.064,-42.194,-0.913,-0.161,-10.693,-4.046,3.584,-30.106,5.528,-0.016
31.636,-22.735,-8.341,-75.360,-0.906,-0.170,-5.860,-1.256,0.842,-25.614,5.710,0.031
22.958,-15.739,-2.234,-112.739,-0.891,-0.146,-2.870,4.998,-5.588,-18.945,5.978,0.021
17.375,-6.951,7.964,-152.144,-0.797,-0.092,2.044,9.064,-10.979,-14.275,6.028,-0.003
-0.169,-4.826,28.583,-160.000,-0.639,-0.103,8.546,17.906,-16.732,-7.683,6.218,0.010
-6.643,-13.575,42.918,-160.000,-0.140,-0.078,13.728,10.649,-18.407,-6.669,6.176,0.000
-4.832,-20.018,52.119,-160.000,0.288,-0.078,17.658,13.027,-22.104,-3.728,6.112,0.000
-2.513,-18.199,65.744,-160.000,0.727,0.005,13.787,12.485,-24.319,4.686,6.066,0.038
-3.514,-42.963,63.516,-160.000,1.688,0.059,21.167,4.985,-25.844,9.922,5.710,0.035
-2.890,-38.909,55.818,-101.036,2.179,-0.055,11.564,10.740,-29.751,8.175,5.463,-0.010
-10.333,-50.131,32.294,-53.050,2.330,-0.166,2.708,-0.916,-22.055,-1.100,5.207,-0.024
-18.696,-38.857,26.150,10.743,2.813,-0.318,-4.620,0.390,-20.138,-9.644,4.899,-0.029
-5.784,1.566,19.313,30.866,4.129,-1.669,-29.792,6.328,-30.873,-45.407,3.643,0.243
-12.012,13.303,13.465,9.558,3.954,-1.487,-28.247,5.733,5.731,-71.679,3.340,0.256
-38.963,13.292,-10.497,59.418,4.930,0.967,-19.408,-16.102,20.387,-81.121,2.821,0.380
-40.653,24.534,-9.823,56.432,4.888,0.967,-17.281,-4.279,20.041,-81.336,2.782,0.380
-44.441,36.781,-27.091,63.530,4.668,0.894,-18.872,-9.051,31.802,-82.407,2.574,0.315
-31.330,54.628,-9.680,29.320,4.885,-0.191,-9.418,7.899,30.300,-56.434,2.536,0.305
-12.805,54.838,2.600,17.714,4.338,-0.631,-6.652,-12.063,20.441,-68.348,2.978,-0.172
-7.454,57.175,10.697,21.191,4.028,-0.739,-4.667,4.798,5.888,-67.167,3.479,-0.436
-1.220,52.025,4.609,13.258,4.315,-0.497,4.427,-4.194,6.296,-49.100,3.764,-0.769
7.405,36.886,6.750,0.476,5.333,-0.393,11.003,18.769,5.774,-42.815,2.892,-1.040
2.088,23.977,14.401,-2.161,5.686,-0.518,13.217,15.612,11.423,-84.108,2.161,-0.042
11.730,-1.766,21.416,-24.557,5.688,-0.465,-2.666,7.616,11.253,-105.379,1.702,0.722
33.183,-19.483,26.433,-48.963,5.564,-0.403,-12.718,6.436,3.068,-63.761,2.659,-0.390
44.898,-27.999,34.207,-60.720,5.587,-0.396,-19.361,8.733,-7.260,-7.268,1.910,-0.336
48.000,-30.076,40.334,-70.497,5.805,-0.396,-27.779,6.345,-26.008,68.618,0.965,-0.336
48.000,-39.338,42.644,-67.952,5.941,-0.312,-34.822,7.963,-44.180,139.470,-0.416,-0.023
25.218,-41.691,17.221,-43.995,6.697,0.105,-37.530,8.713,-52.055,160.000,-0.995,-0.108
20.569,-31.445,16.162,-40.135,6.902,0.227,-33.108,13.740,-55.782,160.000,-0.993,-0.038
16.791,-33.506,10.763,-38.443,7.065,0.361,-32.748,7.704,-47.947,157.938,-0.907,0.022
16.520,-13.134,2.404,-35.286,5.989,1.569,-23.656,6.607,-42.146,121.045,-1.043,-0.058
17.297,-20.777,-1.478,-33.868,4.421,1.881,-24.063,-1.368,-36.398,101.549,-0.963,-0.091
15.457,-20.058,-1.630,-40.818,3.240,1.677,-23.193,-5.424,-27.570,76.452,-0.906,-0.142
17.655,40.879,-6.487,-44.940,4.980,-0.331,-11.122,6.702,-27.968,34.859,-0.600,-0.151
27.651,10.500,-4.619,-66.026,7.139,-1.122,7.372,5.710,-1.746,4.804,-0.658,-0.288
19.521,2.273,1.128,-68.090,7.629,0.067,7.979,-10.552,-7.438,-38.754,-0.784,-0.084
17.782,6.777,2.310,-66.625,7.639,0.067,8.786,-11.807,-5.365,-47.462,-0.768,-0.084
-3.140,37.459,3.265,-68.716,5.100,0.136,9.344,-3.054,2.635,-49.220,-0.851,-0.286
-5.524,29.535,-1.808,-58.407,4.663,-0.028,4.452,-4.580,14.952,-48.559,-0.862,-0.227
-6.125,31.103,0.687,-52.772,4.824,0.021,6.259,-1.878,11.003,-45.523,-0.872,-0.027
-8.845,26.199,-2.875,-50.764,5.351,0.084,6.843,-3.512,12.186,-46.882,-0.949,-0.019
-7.111,22.968,1.378,-39.532,5.846,-0.064,10.478,-2.977,11.914,-57.343,-0.801,-0.057
-12.647,7.070,-0.364,-34.179,5.675,-0.058,4.588,-13.792,17.796,-84.051,-0.653,0.006
-16.712,15.565,0.953,-29.494,5.314,0.004,4.489,-15.980,20.355,-100.839,-0.384,0.000
-21.853,2.732,-0.572,-27.501,5.258,0.066,1.599,-21.226,28.176,-121.091,-0.325,0.030
-24.070,9.546,2.323,-21.569,5.125,0.165,0.082,-19.955,26.362,-137.475,-0.130,0.038
-27.545,-5.453,0.997,-15.570,5.004,0.146,-2.499,-23.970,30.232,-157.831,0.025,0.112
-23.136,-2.715,3.700,-2.294,5.047,-0.073,-2.094,-18.722,32.349,-160.000,0.316,0.078
-24.909,-0.804,0.916,2.579,4.910,0.028,-5.449,-11.494,35.230,-160.000,0.556,0.114
-22.155,-4.748,-4.996,9.726,4.601,0.030,-7.129,-1.628,32.481,-129.025,0.834,0.056
-23.397,-7.105,-8.027,12.087,4.382,0.041,-8.873,-0.276,33.752,-97.366,1.171,0.060
-22.328,-6.968,-6.614,4.802,4.163,0.044,-8.023,5.045,21.773,-65.653,1.634,0.099
-19.668,-8.925,-0.707,-1.706,3.875,0.030,-9.999,4.489,17.054,-60.887,2.510,0.497
-7.138,-14.895,1.988,-29.048,2.334,-0.538,6.853,60.000,-16.457,-21.947,3.355,-1.036
-11.315,-21.679,21.537,-58.111,1.896,-0.484,16.330,25.835,-19.551,-10.592,3.619,-0.681
-2.553,-24.966,32.259,-68.941,1.635,-0.693,-15.806,13.554,-39.194,-11.994,4.051,0.810
-5.922,-24.530,35.043,-63.208,1.345,-0.693,-18.296,12.205,-40.673,-15.960,4.096,0.810
-0.330,-26.398,35.696,-58.641,1.206,-0.765,-22.552,9.371,-36.216,-16.082,4.180,0.541
5.019,-18.217,17.929,21.921,0.803,-0.726,-37.625,13.050,-17.281,-48.651,3.599,-0.338
5.200,-28.080,-3.855,60.492,0.629,-0.566,-43.643,-1.893,-9.181,-40.551,3.243,-0.017
1.531,-20.585,-45.406,147.499,0.542,-0.179,-35.562,-14.754,13.586,-33.817,3.247,0.424
1.279,-5.958,-63.611,160.000,-0.140,0.018,-41.085,-7.907,15.309,-35.942,4.235,0.020
-2.059,0.591,-68.477,160.000,-0.779,0.108,-44.318,-9.849,7.836,-41.099,4.881,-0.267
-3.478,1.232,-72.208,160.000,-0.954,0.108,-45.173,-6.881,7.473,-41.326,4.962,-0.267
-11.161,13.666,-57.932,160.000,-1.646,0.519,-38.722,-14.487,5.211,-54.281,4.931,0.224
-7.618,29.079,-48.597,160.000,-1.879,0.452,-43.041,18.725,-2.143,-65.016,5.206,0.017
-7.946,30.498,-45.993,146.991,-1.988,0.390,-40.434,5.220,6.186,-64.681,5.437,-0.112
-6.136,35.099,-26.853,90.756,-1.900,0.381,-38.618,20.951,3.343,-70.885,5.559,0.068
-6.970,36.494,-24.710,63.131,-1.693,0.405,-35.246,19.256,4.722,-73.354,5.601,0.084
-5.665,32.183,-18.882,44.837,-1.649,0.391,-30.468,11.696,5.202,-74.721,5.719,-0.059
-1.582,28.216,-11.130,-12.407,-1.199,0.385,-24.593,10.227,8.757,-74.153,5.608,0.034
-3.238,23.949,-9.933,-37.073,-0.822,0.390,-20.597,8.376,8.992,-78.920,5.557,0.045
-0.694,10.597,-10.268,-65.424,-0.392,0.281,-16.390,3.738,11.811,-76.448,5.752,0.001
-1.560,5.220,-14.428,-62.508,-0.301,0.306,-14.510,-3.721,12.266,-74.703,5.638,0.061
2.260,1.040,-15.891,-62.424,-0.279,0.290,-10.924,-2.869,12.288,-68.911,5.540,0.046
3.306,1.415,-16.097,-62.132,-0.257,0.290,-10.523,-4.409,12.350,-67.982,5.532,0.046
8.161,-4.051,-16.847,-37.969,-0.160,0.273,-9.213,-2.358,10.664,-59.572,5.427,-0.067
13.285,-1.073,-16.950,-17.074,-0.191,0.181,-7.855,4.771,10.588,-52.063,5.426,0.044
16.270,2.153,-15.585,-16.350,-0.096,0.050,-8.438,9.015,9.919,-52.083,5.455,-0.018
17.237,2.385,-17.440,-24.176,-0.036,0.050,-7.528,7.312,11.745,-51.496,5.459,-0.018
18.712,5.896,-13.732,-43.167,0.070,-0.006,-9.330,13.373,8.048,-49.628,5.554,0.008
20.909,6.734,-11.818,-66.189,0.137,-0.010,-7.200,7.407,9.229,-46.606,5.631,0.014
21.140,6.620,-8.695,-84.787,0.231,-0.000,-4.521,8.770,7.431,-43.933,5.694,-0.004
19.744,3.874,-4.488,-105.880,0.300,0.019,-1.932,1.966,4.872,-36.105,5.896,-0.015
15.695,1.053,2.755,-132.373,0.344,0.036,1.102,0.583,4.890,-31.966,6.004,0.028
10.314,-4.201,16.939,-156.213,0.478,0.002,3.730,1.538,0.080,-22.802,6.137,-0.026
6.199,-12.665,32.567,-160.000,0.747,-0.015,5.953,-3.323,-2.867,-20.499,6.057,0.021
4.736,-22.750,51.129,-160.000,1.261,-0.022,8.994,-0.955,-11.796,-10.828,5.802,-0.012
7.993,-36.016,64.861,-160.000,1.877,-0.033,12.404,-6.386,-23.822,-0.238,5.598,-0.013
10.444,-42.999,69.717,-160.000,2.197,-0.033,13.630,-7.553,-31.043,3.325,5.474,-0.013
11.035,-45.675,66.887,-100.330,2.925,-0.109,2.531,-2.387,-45.981,7.031,5.229,-0.020
4.530,-49.927,46.478,-0.938,2.919,-0.221,-5.875,-6.020,-44.825,0.210,5.064,0.028
-2.779,-17.272,10.452,15.129,1.232,-1.738,-18.054,7.029,-53.516,-22.966,4.396,0.019
-13.853,-4.956,7.421,-0.476,1.603,-0.192,-31.618,14.350,-16.291,-83.869,3.269,0.256
-27.873,11.602,6.748,32.725,3.263,0.783,-14.889,-7.162,7.043,-86.412,3.165,0.383
-33.506,14.853,-2.916,46.556,5.610,0.578,-12.300,-11.710,7.885,-89.143,2.858,0.301
-17.570,25.491,5.206,35.128,6.687,-0.376,-8.511,0.664,23.701,-90.317,2.500,0.215
13.101,30.765,16.855,2.762,5.807,-0.670,-4.443,-10.488,21.584,-66.950,2.660,-0.256
19.557,32.712,20.371,-1.468,5.790,-0.670,-0.308,-5.132,22.803,-64.959,2.479,-0.256
26.122,30.551,13.342,-17.750,5.148,-0.523,3.325,6.080,18.689,-46.902,3.112,-0.764
36.870,13.889,15.824,-34.824,5.523,-0.193,8.655,-2.757,14.612,-65.491,2.744,0.190
43.762,10.850,20.284,-41.910,5.500,-0.193,7.916,4.172,10.483,-45.512,2.477,0.190
45.003,-4.796,29.161,-65.905,5.534,-0.397,-22.000,5.904,-6.531,17.304,1.227,0.144
48.000,-12.496,35.399,-68.089,5.684,-0.397,-32.377,11.536,-29.526,95.953,0.152,0.144
26.453,-13.372,23.682,-50.494,5.694,0.094,-31.319,15.864,-50.071,150.949,-0.946,-0.044
17.563,-10.984,16.149,-38.856,5.552,0.654,-18.824,17.743,-50.617,158.690,-1.044,0.118
17.010,-23.013,4.809,-36.284,5.177,1.101,-17.716,11.435,-42.502,160.000,-0.850,-0.029
17.194,0.101,2.023,-27.302,4.600,1.382,-18.530,14.483,-38.652,154.599,-0.859,-0.134
29.418,19.045,2.291,-50.277,4.459,0.319,-25.734,7.945,-30.041,111.441,-0.742,-0.206
39.240,3.322,-7.828,-60.431,5.880,-0.988,-10.761,4.061,-22.188,86.313,-0.941,-0.237
44.155,12.006,4.537,-64.678,6.312,-0.760,-6.029,2.681,-18.191,55.304,-0.838,-0.140
27.878,10.464,-2.264,-71.919,6.306,0.213,-3.120,-2.481,-15.683,21.998,-0.908,-0.100
17.528,15.806,3.011,-71.514,5.606,0.356,3.485,-3.470,-10.391,10.303,-0.946,-0.314
13.413,8.988,0.743,-71.281,4.933,0.097,-2.663,-10.352,0.296,-10.135,-0.989,-0.207
9.220,21.975,3.714,-65.683,4.650,0.095,2.269,-5.965,0.351,-24.644,-0.861,-0.140
5.176,13.830,0.739,-61.093,4.741,0.176,2.717,-9.349,5.149,-31.344,-0.877,-0.152
6.664,20.025,2.372,-57.768,4.848,0.202,4.678,-6.909,6.733,-36.259,-0.850,-0.166
0.512,12.731,1.781,-52.279,5.287,-0.069,2.626,-9.031,11.170,-41.889,-0.904,-0.070
-1.527,14.990,1.813,-49.566,5.201,-0.005,2.753,-9.426,10.920,-40.976,-0.920,-0.072
-4.702,10.524,-1.875,-46.355,5.039,0.067,-1.179,-12.838,14.138,-43.343,-0.954,-0.076
-7.111,13.055,-3.371,-46.275,4.969,0.069,-2.426,-12.266,14.656,-48.018,-0.920,-0.050
-11.461,-3.608,-7.226,-42.879,5.105,-0.008,-7.276,-19.592,20.654,-67.979,-0.766,0.019
-15.078,6.324,-3.207,-39.838,5.087,-0.008,-5.984,-19.537,20.476,-88.825,-0.683,0.019
-16.848,-1.253,-5.665,-37.362,5.082,0.027,-8.644,-22.370,24.739,-105.644,-0.673,0.004
-16.861,-4.634,-2.706,-29.221,4.991,0.014,-7.482,-19.640,24.530,-127.758,-0.522,-0.000
-17.708,-9.719,-0.411,-24.661,4.909,0.022,-5.444,-20.278,29.098,-152.403,-0.351,0.007
-17.462,-10.711,3.025,-18.093,4.793,0.032,-2.132,-18.131,32.223,-160.000,-0.190,0.008
-14.044,-3.748,7.187,-2.995,4.610,-0.011,0.273,-7.017,31.080,-160.000,0.134,0.003
-16.362,-1.252,6.745,-1.996,4.505,-0.011,-1.634,-7.198,34.897,-160.000,0.333,0.003
-15.967,-1.894,4.968,8.126,4.157,0.011,-3.277,4.164,26.529,-134.034,0.805,0.039
-16.927,0.906,5.184,12.317,3.721,0.029,-4.200,12.007,10.281,-65.466,2.057,0.337
-4.441,-21.375,-17.355,10.307,2.799,-0.076,-3.076,33.837,-1.184,-33.113,6.289,2.005
-12.340,-26.801,3.642,-13.829,2.269,-0.122,-8.936,4.482,13.444,-73.505,5.273,-0.719
-9.542,-21.393,24.349,-35.224,1.807,-0.461,1.617,27.214,-18.415,-32.355,4.077,-1.227
-6.174,-18.790,45.190,-58.231,1.497,-0.377,23.568,31.532,-38.546,-3.570,2.625,0.157
-9.957,-27.901,47.764,-63.996,1.409,-0.377,23.853,27.616,-43.916,-5.093,2.723,0.157
1.638,-35.206,50.284,-73.818,1.361,-0.485,-12.439,2.544,-44.679,-6.744,4.593,0.410
-0.506,-30.878,53.364,-65.175,1.133,-0.485,-15.957,6.558,-42.879,-12.953,4.564,0.410
0.079,-6.829,52.646,-42.856,1.086,-0.365,-12.385,14.257,-35.528,-30.199,5.250,-0.404
0.906,-28.906,19.730,-3.298,1.217,-0.308,-28.124,-2.611,-27.825,-51.807,4.461,-0.070
-9.245,-27.643,-7.915,59.802,1.257,0.143,-29.832,-30.929,-3.418,-43.462,3.923,0.386
-20.377,7.844,-47.508,143.228,-0.075,0.897,-26.143,-29.493,17.536,-60.250,4.678,0.058
-35.811,28.102,-68.172,160.000,-2.268,1.557,-21.206,-25.959,22.715,-69.053,5.839,-0.238
-37.280,30.781,-73.601,160.000,-3.465,1.470,-20.619,-23.842,25.653,-64.018,6.230,0.057
-5.624,26.582,-51.246,160.000,-2.473,-0.447,-26.056,-12.578,6.182,-66.523,5.910,0.228
-9.127,28.135,-57.412,160.000,-2.633,-0.447,-23.261,-21.672,7.733,-63.276,6.015,0.228
10.399,35.747,-24.752,146.050,-1.943,-0.686,-39.872,43.066,-17.959,-88.935,5.709,-0.200
6.483,25.519,-22.551,114.151,-1.592,-0.515,-40.760,20.428,-11.073,-81.186,5.862,0.089
13.780,25.845,-5.206,85.008,-1.460,-0.568,-40.120,39.832,-14.533,-85.202,6.005,0.175
18.883,18.529,0.747,58.276,-1.186,-0.574,-40.535,24.898,-16.777,-86.094,6.161,-0.014
14.670,11.964,15.836,-0.235,-0.413,-0.295,-40.133,27.362,-15.250,-87.725,5.980,-0.126
14.248,-3.067,12.321,-32.492,0.136,-0.179,-36.321,-3.284,-4.710,-82.081,5.722,0.017
17.249,-5.571,10.651,-54.256,0.551,-0.081,-31.685,3.381,-3.299,-73.026,5.686,-0.010
11.790,-18.498,-7.532,-66.522,1.082,0.052,-28.429,-20.890,10.638,-70.157,5.790,0.018
10.490,-21.166,-13.488,-65.148,1.332,0.089,-24.060,-18.610,13.835,-68.660,5.814,0.018
8.402,-25.735,-22.675,-62.110,1.464,0.088,-21.214,-25.895,19.252,-62.840,5.794,-0.013
4.801,-24.744,-24.722,-51.672,1.578,0.080,-18.252,-17.963,17.563,-64.556,5.804,0.020
3.223,-12.287,-30.130,-55.832,1.613,0.091,-14.327,-3.828,22.796,-56.092,5.869,0.047
2.461,1.889,-30.638,-72.765,1.670,0.077,-8.699,18.478,20.033,-53.935,5.938,0.026
-0.176,18.469,-27.944,-80.475,1.527,0.057,-7.105,25.918,17.920,-55.951,5.991,-0.002
0.176,30.683,-23.337,-93.916,1.369,0.003,-3.471,36.124,14.011,-55.046,6.064,-0.006
-0.905,38.199,-22.145,-103.475,1.352,-0.045,-0.462,40.092,13.807,-54.216,6.161,-0.000
-1.277,42.094,-17.551,-111.998,1.251,-0.121,-1.595,39.437,14.138,-56.266,6.430,-0.012
0.189,36.818,-7.381,-117.628,1.412,-0.109,1.071,30.347,17.634,-52.932,6.672,0.002
2.189,30.099,3.673,-134.215,1.566,-0.126,3.590,19.179,18.975,-53.006,6.635,-0.080
3.822,25.729,19.786,-137.077,1.753,-0.130,3.021,16.238,15.260,-52.560,6.553,-0.031
8.680,-7.821,40.302,-127.404,1.925,-0.098,2.024,-17.113,10.224,-37.763,6.330,0.018
13.664,-15.078,65.467,-142.366,2.325,-0.098,5.453,-18.136,-4.737,-31.924,6.270,0.018
19.895,-35.451,85.294,-142.778,2.775,-0.083,7.442,-33.520,-20.159,-19.047,6.169,0.033
24.050,-60.000,98.402,-59.478,3.608,-0.057,1.429,-42.796,-63.029,12.097,5.659,-0.008
16.946,-60.000,94.173,-42.619,4.211,-0.057,-0.016,-42.171,-74.778,13.328,5.289,-0.008
13.532,-60.000,79.711,-7.385,4.787,-0.027,-2.677,-36.988,-74.574,8.345,4.990,0.028
-11.650,-60.000,5.404,20.007,0.756,1.549,-15.080,-32.841,-71.518,-0.851,3.982,0.145
-48.000,-60.000,-29.572,11.156,1.347,1.170,-13.028,-2.059,-46.783,-38.466,4.554,-0.065
-43.064,0.326,-15.417,55.866,2.800,0.243,-5.897,32.008,-25.027,-77.570,4.705,-0.063
-21.281,-5.961,-33.657,41.940,5.228,-1.048,-3.585,9.671,17.020,-95.411,4.437,0.073
-11.168,24.617,-19.741,22.567,7.542,-0.307,-1.875,6.849,48.516,-91.766,3.536,0.235
-16.130,60.000,-32.850,21.818,6.169,0.105,-0.511,22.900,55.625,-62.113,3.230,0.091
-20.443,60.000,-29.710,16.975,5.302,0.170,4.008,24.281,50.789,-54.170,3.735,-0.304
-4.556,60.000,-31.058,0.673,4.464,-0.042,13.164,-5.123,33.038,-87.768,4.605,-0.278
1.879,60.000,-25.995,2.591,4.791,-0.180,20.764,17.648,28.930,-93.941,4.518,0.319
12.385,60.000,-20.245,-9.965,5.918,-0.302,18.141,29.965,24.311,-105.426,4.281,0.401
24.941,60.000,3.564,-33.865,6.413,-0.470,19.032,36.406,18.605,-83.638,3.883,-0.413
25.811,60.000,17.714,-47.736,6.034,-0.542,2.251,7.018,3.201,-83.826,2.741,-0.101
34.926,49.654,27.886,-52.534,5.734,-0.557,-2.753,-5.401,3.783,-75.254,2.660,0.241
38.243,13.712,34.816,-70.416,5.626,-0.126,-13.873,2.885,-4.258,31.104,2.549,-0.102
38.911,-29.768,28.440,-72.108,5.988,0.093,-24.565,8.816,-38.762,113.682,1.043,0.001
29.957,-55.597,25.828,-62.401,6.218,0.376,-23.642,6.354,-52.887,147.854,0.077,0.106
24.223,-60.000,18.341,-58.758,6.495,0.582,-19.584,9.604,-58.520,160.000,-0.254,0.028
16.986,-60.000,18.164,-44.504,6.464,0.731,-17.013,19.512,-67.659,160.000,-0.330,-0.090
6.354,-60.000,5.592,-33.026,5.928,1.084,-18.257,18.987,-59.372,135.084,-0.254,0.030
21.802,-32.455,6.094,-46.660,5.397,0.369,-29.916,17.541,-60.562,103.017,-0.416,-0.043
37.122,-55.485,0.473,-62.213,5.934,-0.497,-26.848,5.622,-45.836,79.728,-0.420,-0.187
35.635,-20.737,5.534,-51.941,6.403,-0.438,-12.931,10.855,-41.935,58.289,-0.594,-0.010
18.563,-23.515,3.067,-69.943,6.709,0.095,-1.188,1.059,-30.108,21.315,-0.652,-0.068
17.875,-20.474,2.720,-63.486,6.699,0.095,-1.472,1.233,-28.537,18.376,-0.650,-0.068
16.412,-20.759,3.485,-64.393,6.693,0.095,-0.862,0.936,-28.939,14.695,-0.645,-0.068
3.457,17.344,22.173,-46.290,5.940,0.102,14.327,3.279,-24.004,-46.596,-0.755,-0.173
0.697,28.682,22.269,-43.337,5.985,0.098,13.422,3.507,-24.342,-55.971,-0.699,-0.166
-2.178,25.667,18.110,-40.084,6.005,0.073,9.005,1.891,-19.874,-63.032,-0.702,-0.113
-4.055,32.283,19.505,-36.372,6.065,0.023,9.271,3.372,-19.720,-68.999,-0.737,-0.111
-9.198,13.328,10.828,-40.852,6.082,0.014,6.811,-5.878,-5.634,-55.533,-0.718,-0.080
-12.671,9.080,10.746,-39.027,6.026,0.001,5.599,-11.283,-3.608,-70.111,-0.606,-0.080
-17.091,-2.872,6.245,-38.688,6.081,-0.003,-0.507,-21.606,3.864,-87.481,-0.473,0.046
-20.404,2.045,8.566,-36.531,6.067,-0.003,-0.698,-22.903,4.873,-105.556,-0.319,0.027
-22.217,-8.430,1.473,-31.990,6.047,0.003,-4.581,-31.675,19.084,-126.470,-0.231,-0.003
-23.787,-1.659,1.225,-26.849,5.991,0.039,-3.548,-31.388,25.628,-148.392,-0.081,0.023
-24.256,-3.327,-7.077,-22.952,5.923,-0.003,-2.401,-26.611,40.712,-141.206,0.147,-0.029
-25.138,9.181,-10.279,-13.752,5.697,-0.030,-5.188,-21.723,51.252,-150.284,0.418,-0.049
-26.204,15.096,-17.039,-7.090,5.345,0.040,-11.981,-13.155,58.547,-147.244,0.726,-0.023
-23.634,16.478,-26.513,0.854,5.088,0.040,-16.378,-4.258,61.010,-121.364,0.996,0.037
-22.471,32.520,-30.723,13.074,4.761,-0.010,-16.218,33.748,35.910,-49.952,1.140,0.217
-18.653,5.629,-50.786,2.248,4.115,-0.049,-7.999,48.011,23.420,-47.302,-2.206,0.407
-14.779,-6.925,-33.525,-41.548,3.103,-0.191,11.225,42.956,2.200,-28.672,0.059,-0.478
-5.897,5.896,1.707,-76.867,2.161,-0.443,24.161,48.236,-11.601,6.271,3.616,-0.538
-0.971,-4.114,17.892,-82.498,1.900,-0.393,18.406,36.540,-27.538,15.046,6.090,0.683
-5.248,-24.907,26.270,-83.764,1.444,-0.477,-10.734,5.459,-17.798,-25.316,5.709,0.539
-4.262,-9.608,23.457,-53.286,0.904,-0.502,-26.455,7.089,-8.055,-46.455,5.100,0.142
-1.005,-0.521,5.606,36.755,0.701,-0.054,-34.713,-2.938,7.460,-61.819,3.370,-0.241
-8.053,-10.351,-20.580,94.643,0.623,0.179,-39.969,-12.433,12.463,-49.525,2.667,0.212
-7.497,-4.231,-44.450,155.014,0.027,0.286,-41.337,-8.762,17.060,-47.815,2.737,0.274
-12.682,4.040,-59.950,160.000,-0.343,0.377,-34.750,-8.303,21.246,-50.070,4.658,-0.014
-15.653,10.089,-60.712,160.000,-0.656,0.316,-35.496,5.984,21.492,-57.988,5.524,-0.204
-16.527,9.643,-65.487,160.000,-0.761,0.316,-36.792,0.849,22.753,-58.405,5.557,-0.204
-19.121,5.396,-60.975,160.000,-1.837,0.485,-35.184,6.039,16.132,-72.456,4.480,0.145
-17.213,8.410,-62.835,160.000,-2.059,0.485,-31.321,12.221,15.598,-65.919,4.583,0.145
-11.028,9.992,-55.827,160.000,-2.257,0.262,-37.621,18.049,17.307,-71.585,4.808,-0.201
-5.141,4.749,-48.160,103.324,-2.382,0.118,-32.856,7.986,9.699,-69.501,5.023,0.135
-2.022,0.174,-31.431,57.200,-2.436,0.136,-30.346,1.444,15.432,-66.148,5.277,0.029
2.132,-0.580,-26.550,40.342,-2.311,0.168,-27.805,-0.640,19.711,-61.407,5.224,-0.023
2.784,-0.059,-24.390,-1.102,-2.051,0.157,-24.254,-0.660,20.762,-59.569,4.997,-0.034
4.476,-0.975,-15.114,-31.877,-1.695,0.161,-22.570,-12.208,24.036,-57.958,4.817,-0.034
9.736,-0.345,-10.516,-60.034,-1.342,0.179,-20.635,-14.860,19.957,-60.688,4.584,-0.108
14.830,4.283,-10.900,-61.862,-1.156,0.238,-18.298,-16.702,20.906,-54.682,4.462,-0.046
43.080,12.345,-20.656,-110.192,0.229,0.329,1.856,4.410,28.563,-32.039,4.612,0.116
48.000,16.207,-22.201,-114.443,0.657,0.357,5.335,10.873,28.936,-27.258,4.678,-0.029
48.000,18.684,-26.169,-109.266,0.738,0.358,7.444,14.914,26.206,-26.015,4.654,-0.017
48.000,16.611,-21.875,-91.071,0.896,0.219,7.161,21.868,18.070,-24.044,4.745,0.009
48.000,12.426,-14.530,-108.745,0.762,0.116,11.221,21.637,8.414,-10.701,4.800,-0.017
43.264,0.498,6.854,-160.000,0.668,-0.104,21.780,15.934,-4.906,8.968,4.991,0.009
17.629,-18.157,42.013,-160.000,0.835,-0.175,27.680,7.874,-11.223,12.754,5.083,-0.023
4.492,-26.354,65.451,-160.000,1.353,-0.202,24.534,-1.690,-14.413,11.354,5.067,-0.016
-1.878,-33.250,68.307,-160.000,1.762,-0.133,7.279,-14.363,-15.449,6.495,4.947,0.015
-2.380,-31.840,66.994,-160.000,2.038,-0.103,1.816,-15.737,-17.543,0.527,4.871,0.009
-4.015,-31.636,49.556,-125.394,1.666,-0.081,-7.482,-18.603,-12.538,-2.824,4.769,0.022
-8.552,-29.397,38.710,-68.747,1.573,-0.114,-8.347,-19.831,-11.523,-4.720,4.691,0.038
-12.358,-24.640,25.780,-27.901,1.573,-0.127,-6.627,-16.631,-8.461,-9.472,4.602,0.066
-27.018,4.772,-20.182,15.670,3.958,-1.478,-24.671,1.077,-2.585,-40.853,4.062,0.117
-17.577,6.809,9.153,-11.733,3.931,-1.167,-26.903,-0.736,0.164,-68.955,3.702,0.077
-26.424,-1.308,10.356,50.251,4.352,0.620,-26.617,-6.569,2.521,-68.428,2.848,0.410
-29.738,-1.730,15.065,52.068,4.356,0.620,-27.367,-6.215,-4.994,-76.846,2.860,0.410
-25.768,5.274,11.747,39.439,3.804,0.384,-28.132,7.571,-4.279,-45.999,2.455,0.296
-21.264,0.579,22.903,26.840,3.388,-0.069,-28.245,3.301,-7.646,-32.236,2.325,0.041
-19.136,0.906,39.923,42.202,3.275,-0.426,-26.170,-0.437,-18.648,-43.495,2.956,-0.452
-18.447,-0.363,43.731,50.166,3.288,-0.426,-25.723,-5.042,-24.541,-43.620,2.944,-0.452
-3.457,-5.817,46.755,27.350,4.588,-0.242,-2.454,-12.941,-28.083,-53.277,3.454,-0.503
-3.387,-5.955,45.600,24.388,4.587,-0.242,-2.185,-12.691,-27.919,-51.227,3.451,-0.503
-0.573,-10.117,44.664,14.587,5.163,-0.300,-1.951,-14.190,-25.901,-51.461,4.398,0.270
-3.448,-19.841,25.520,-25.028,5.532,-0.391,-14.455,-20.606,-13.057,-94.413,3.355,-0.433
-1.607,-13.980,17.208,-30.406,5.469,-0.352,-11.950,-13.496,-10.102,-84.829,3.024,-0.397
-0.275,-9.552,7.033,-35.415,5.454,-0.205,-9.907,-5.720,-5.613,-70.331,3.093,0.228
-3.604,-5.574,5.007,-33.860,5.218,-0.182,-17.160,-5.386,-3.237,-57.399,3.656,0.197
-3.747,-1.003,10.002,-24.008,4.885,-0.090,-15.747,-6.377,-0.358,-45.207,3.977,-0.060
-9.459,8.128,7.518,-12.461,4.677,0.302,-13.066,-1.363,-2.994,-46.168,3.633,0.054
-10.641,7.871,5.448,-10.739,4.499,0.360,-12.710,-1.897,-1.761,-46.512,3.420,0.047
-11.970,14.139,10.161,7.535,3.998,0.465,-7.800,4.682,-4.772,-44.709,3.179,-0.121
-16.286,13.614,11.539,15.881,3.860,0.523,-8.678,7.470,-9.646,-54.362,3.221,-0.214
-19.298,7.752,15.904,33.455,3.602,0.531,-14.732,8.245,-18.620,-53.809,3.497,0.108
-22.010,3.586,24.363,47.000,3.352,0.449,-14.786,5.466,-25.125,-61.313,3.570,0.032
-21.600,0.297,28.176,51.735,3.527,0.185,-15.465,2.602,-25.026,-63.124,3.439,-0.004
-19.304,-1.013,33.418,48.772,3.987,-0.106,-13.704,-2.011,-22.200,-70.323,3.295,-0.002
-7.809,-15.643,38.571,29.733,4.405,-0.184,-10.321,-13.772,-14.895,-79.496,3.009,-0.080
-3.857,-19.010,36.319,16.000,4.471,-0.198,-7.863,-14.677,-12.491,-75.559,2.970,-0.053
-1.621,-19.988,31.633,4.167,4.516,-0.202,-5.966,-14.094,-8.559,-69.772,3.008,0.042
2.531,-18.975,24.069,-9.776,4.593,-0.211,-5.043,-14.196,-2.907,-58.680,3.115,0.087
5.012,-11.486,13.953,-20.684,4.730,-0.222,-6.108,-9.596,1.631,-47.172,2.969,0.074
6.174,-9.340,8.020,-29.049,4.727,-0.222,-5.359,-7.884,5.568,-39.784,2.981,0.074
7.777,-5.952,4.054,-35.024,4.805,-0.206,-4.050,-5.780,9.129,-34.872,2.878,0.016
14.334,16.333,5.674,-38.808,5.180,-0.113,-1.161,6.961,11.913,-11.959,2.410,-0.055
13.272,19.092,4.154,-40.391,5.047,-0.099,-4.168,11.294,16.219,-3.720,2.527,-0.003
8.620,20.912,0.177,-37.988,4.264,0.044,-6.550,14.311,26.649,6.930,2.784,-0.015
8.015,25.626,-7.814,-43.524,4.110,0.249,-5.246,20.689,33.512,19.118,2.740,0.012
-1.129,28.024,-20.145,-41.214,3.340,0.669,-3.756,29.249,42.123,36.689,2.596,-0.021
-3.522,26.972,-24.620,-50.902,2.855,0.733,-4.910,29.017,48.978,50.391,2.686,-0.083
8.172,24.656,-20.487,-70.381,3.637,-0.344,-5.131,26.042,52.990,45.947,2.675,-0.016
12.900,22.614,-18.882,-70.477,3.986,-0.536,-4.867,21.199,54.888,43.757,2.628,0.077
14.068,22.448,-20.087,-72.283,4.182,-0.288,-2.995,15.864,50.310,37.696,2.701,0.094
13.227,14.852,-25.557,-68.466,4.176,-0.103,-3.073,6.172,53.383,30.375,2.930,0.033
8.061,16.261,-22.163,-57.759,3.602,-0.043,-4.137,1.065,45.735,20.372,3.315,0.043
5.137,7.998,-13.888,-48.036,3.283,0.037,-4.882,-9.286,33.486,5.524,3.864,-0.007
2.287,0.224,-4.117,-33.066,3.293,0.113,-7.295,-16.708,18.850,-20.742,4.023,0.053
0.053,-8.414,11.607,-10.117,3.300,0.127,-8.962,-23.630,-3.657,-52.742,4.020,0.127
-2.129,-12.379,25.230,18.253,3.272,0.104,-10.742,-29.596,-22.068,-68.498,4.074,0.164
-1.031,-12.507,36.458,38.850,3.338,-0.023,-11.057,-31.983,-28.022,-66.828,4.441,0.046
                                                                                                                                                                                                                                                                                                                                                                                                                                                                                                                                                                                                                                                                                                                                                                                                                                                                                                                                                                                                                                                                                                                                                                                                                                                                                                                                                                                                                                                                                                                                                                                                                                                                                                                                                                                                                                                                                                                                                                                                                                                                                                                                                                                                                                                                                                                                                                                                                                                                                                                                                                                                                                                                                                                                                                                                                                                                                                                                                                                                                                              